"11_Media_level_at_ar","12_Media_added","13_Burp_volume","14_Volume_when_leavi","16_Exudate_present","17_Collect_exudate","18_Vol_collected_mL","19_Vol_total_mL","20_Hex_Code","21_Color_of_Exudate","22_Solid_Material_Pr","23_Notes_on_Exudate","25_Took_photos_today","26_1","27_2","28_3","29_4","30_5","31_6","32_7","33_8","34_9","35_10","36_11","37_12","38_13","39_14","40_15","41_16","42_17","43_18","44_19","45_20","46_21","47_22","48_23","49_24","50_25","51_26","52_27","53_28","54_29","55_30","56_Morphology_notes_","9_Which_chamber","created_at","ec5_branch_owner_uuid","ec5_branch_uuid","title","uploaded_at"
"29","[""No""]","5","23","[""Yes""]","[""No""]","13.5","27","#5e643d","[""Green""]","","media","[""No""]","","","","","","","","","","","","","","","","","","","","","","","","","","","","","","","","B4","8/26/2026 2:52:48 PM","832ee130-9207-11f1-a0ac-03e2707c61cb","00f184e8-2db6-47e7-a427-3404eb9bea69","B4","8/26/2026 2:52:59 PM"
"2","[""Yes""]","5","45","[""No""]","[""No""]","","","","[]","","","[""Yes""]","https://five.epicollect.net/api/media/mycoponics-porterfield?type=photo&format=entry_original&name=01a0f9bd-c8ee-4e84-bc2b-aff223e8b4bd_1788751143.jpg&v=1788751175","https://five.epicollect.net/api/media/mycoponics-porterfield?type=photo&format=entry_original&name=01a0f9bd-c8ee-4e84-bc2b-aff223e8b4bd_1788751151.jpg&v=1788751175","https://five.epicollect.net/api/media/mycoponics-porterfield?type=photo&format=entry_original&name=01a0f9bd-c8ee-4e84-bc2b-aff223e8b4bd_1788751154.jpg&v=1788751175","https://five.epicollect.net/api/media/mycoponics-porterfield?type=photo&format=entry_original&name=01a0f9bd-c8ee-4e84-bc2b-aff223e8b4bd_1788751159.jpg&v=1788751175","https://five.epicollect.net/api/media/mycoponics-porterfield?type=photo&format=entry_original&name=01a0f9bd-c8ee-4e84-bc2b-aff223e8b4bd_1788751163.jpg&v=1788751175","https://five.epicollect.net/api/media/mycoponics-porterfield?type=photo&format=entry_original&name=01a0f9bd-c8ee-4e84-bc2b-aff223e8b4bd_1788751166.jpg&v=1788751175","","","","","","","","","","","","","","","","","","","","","","","","","","D1","8/28/2026 3:25:09 AM","559b5ba0-9206-11f1-b91a-4736f6a951ba","01a0f9bd-c8ee-4e84-bc2b-aff223e8b4bd","D1","9/7/2026 3:19:35 AM"
"40","[""No""]","4","32","[""Yes""]","[""No""]","","","","[""Green""]","","media","[""No""]","","","","","","","","","","","","","","","","","","","","","","","","","","","","","","","","D4","8/29/2026 7:04:24 PM","1adbaf60-9206-11f1-9518-87ccf2fafc79","01b80487-b5a1-4df3-9015-3fc0502981b0","D4","8/29/2026 7:04:56 PM"
"52","[""No""]","10","42","[""Yes""]","[""Yes""]","12.5","12.5","","[""Yellow""]","","It is like a sickly yellow, like a pale yellow. NOTE FROM VIAL STAGE: There was a green mold-looking thing in the frozen part, but we lost 3 mL once we transferred the exudate to the new container.","[""Yes""]","https://five.epicollect.net/api/media/mycoponics-porterfield?type=photo&format=entry_original&name=023719bf-6ad9-49f9-93a8-67d3e89ee6d4_1788715733.jpg&v=1788715853","https://five.epicollect.net/api/media/mycoponics-porterfield?type=photo&format=entry_original&name=023719bf-6ad9-49f9-93a8-67d3e89ee6d4_1788715745.jpg&v=1788715853","https://five.epicollect.net/api/media/mycoponics-porterfield?type=photo&format=entry_original&name=023719bf-6ad9-49f9-93a8-67d3e89ee6d4_1788715792.jpg&v=1788715853","https://five.epicollect.net/api/media/mycoponics-porterfield?type=photo&format=entry_original&name=023719bf-6ad9-49f9-93a8-67d3e89ee6d4_1788715796.jpg&v=1788715853","https://five.epicollect.net/api/media/mycoponics-porterfield?type=photo&format=entry_original&name=023719bf-6ad9-49f9-93a8-67d3e89ee6d4_1788715800.jpg&v=1788715853","https://five.epicollect.net/api/media/mycoponics-porterfield?type=photo&format=entry_original&name=023719bf-6ad9-49f9-93a8-67d3e89ee6d4_1788715803.jpg&v=1788715853","https://five.epicollect.net/api/media/mycoponics-porterfield?type=photo&format=entry_original&name=023719bf-6ad9-49f9-93a8-67d3e89ee6d4_1788715806.jpg&v=1788715853","https://five.epicollect.net/api/media/mycoponics-porterfield?type=photo&format=entry_original&name=023719bf-6ad9-49f9-93a8-67d3e89ee6d4_1788715809.jpg&v=1788715853","https://five.epicollect.net/api/media/mycoponics-porterfield?type=photo&format=entry_original&name=023719bf-6ad9-49f9-93a8-67d3e89ee6d4_1788715812.jpg&v=1788715853","https://five.epicollect.net/api/media/mycoponics-porterfield?type=photo&format=entry_original&name=023719bf-6ad9-49f9-93a8-67d3e89ee6d4_1788715816.jpg&v=1788715853","https://five.epicollect.net/api/media/mycoponics-porterfield?type=photo&format=entry_original&name=023719bf-6ad9-49f9-93a8-67d3e89ee6d4_1788715823.jpg&v=1788715853","https://five.epicollect.net/api/media/mycoponics-porterfield?type=photo&format=entry_original&name=023719bf-6ad9-49f9-93a8-67d3e89ee6d4_1788715826.jpg&v=1788715853","https://five.epicollect.net/api/media/mycoponics-porterfield?type=photo&format=entry_original&name=023719bf-6ad9-49f9-93a8-67d3e89ee6d4_1788715833.jpg&v=1788715853","https://five.epicollect.net/api/media/mycoponics-porterfield?type=photo&format=entry_original&name=023719bf-6ad9-49f9-93a8-67d3e89ee6d4_1788715836.jpg&v=1788715853","https://five.epicollect.net/api/media/mycoponics-porterfield?type=photo&format=entry_original&name=023719bf-6ad9-49f9-93a8-67d3e89ee6d4_1788715839.jpg&v=1788715853","https://five.epicollect.net/api/media/mycoponics-porterfield?type=photo&format=entry_original&name=023719bf-6ad9-49f9-93a8-67d3e89ee6d4_1788715841.jpg&v=1788715853","https://five.epicollect.net/api/media/mycoponics-porterfield?type=photo&format=entry_original&name=023719bf-6ad9-49f9-93a8-67d3e89ee6d4_1788715844.jpg&v=1788715853","","","","","","","","","","","","","","Visible yellow/clearish exudates dripping downward on side of mycelia, on the left of the long brown line. Contamination: Confirmed. Colonization: Fully colonized (over 90%). Surface density: Dense, thick mycelial tissue. Edge activity: Moderate active growth. Exudophore formation: Visible localized exudates, no branches. Exudate localization: Mature central region. Localization density: sparse. Media notes: The media in the syringe is foamy, and the humidity is getting in the top of the syringe (hopefully not inside.).","A1","8/29/2026 9:09:20 PM","a727c810-9205-11f1-bca9-83b388c0a0a4","023719bf-6ad9-49f9-93a8-67d3e89ee6d4","A1","9/6/2026 5:30:53 PM"
"","[""Yes""]","","60","[""No""]","[""No""]","","","","[]","","*ADDED TO CHAMBER TODAY*","[""Yes""]","https://five.epicollect.net/api/media/mycoponics-porterfield?type=photo&format=entry_original&name=02ad8f8a-5cbf-41c6-ab6a-eb3493e150b2_1788711864.jpg&v=1788711877","https://five.epicollect.net/api/media/mycoponics-porterfield?type=photo&format=entry_original&name=02ad8f8a-5cbf-41c6-ab6a-eb3493e150b2_1788711867.jpg&v=1788711877","https://five.epicollect.net/api/media/mycoponics-porterfield?type=photo&format=entry_original&name=02ad8f8a-5cbf-41c6-ab6a-eb3493e150b2_1788711870.jpg&v=1788711877","https://five.epicollect.net/api/media/mycoponics-porterfield?type=photo&format=entry_original&name=02ad8f8a-5cbf-41c6-ab6a-eb3493e150b2_1788711873.jpg&v=1788711877","","","","","","","","","","","","","","","","","","","","","","","","","","","","B4","8/29/2026 7:34:06 PM","780c9ba0-9205-11f1-bc95-0954c57f36fb","02ad8f8a-5cbf-41c6-ab6a-eb3493e150b2","B4","9/6/2026 4:24:37 PM"
"9","[""Yes""]","10","44","[""Yes""]","[""Yes""]","13.6","46.6","#6D5A1E","[""Brown yellow""]","","","[""Yes""]","https://five.epicollect.net/api/media/mycoponics-porterfield?type=photo&format=entry_original&name=02b82a41-2226-4737-8866-aed9f18a1d91_1788045108.jpg&v=1788045353","https://five.epicollect.net/api/media/mycoponics-porterfield?type=photo&format=entry_original&name=02b82a41-2226-4737-8866-aed9f18a1d91_1788045119.jpg&v=1788045353","https://five.epicollect.net/api/media/mycoponics-porterfield?type=photo&format=entry_original&name=02b82a41-2226-4737-8866-aed9f18a1d91_1788045127.jpg&v=1788045353","https://five.epicollect.net/api/media/mycoponics-porterfield?type=photo&format=entry_original&name=02b82a41-2226-4737-8866-aed9f18a1d91_1788045137.jpg&v=1788045353","https://five.epicollect.net/api/media/mycoponics-porterfield?type=photo&format=entry_original&name=02b82a41-2226-4737-8866-aed9f18a1d91_1788045144.jpg&v=1788045353","https://five.epicollect.net/api/media/mycoponics-porterfield?type=photo&format=entry_original&name=02b82a41-2226-4737-8866-aed9f18a1d91_1788045150.jpg&v=1788045353","https://five.epicollect.net/api/media/mycoponics-porterfield?type=photo&format=entry_original&name=02b82a41-2226-4737-8866-aed9f18a1d91_1788045157.jpg&v=1788045353","https://five.epicollect.net/api/media/mycoponics-porterfield?type=photo&format=entry_original&name=02b82a41-2226-4737-8866-aed9f18a1d91_1788045163.jpg&v=1788045353","https://five.epicollect.net/api/media/mycoponics-porterfield?type=photo&format=entry_original&name=02b82a41-2226-4737-8866-aed9f18a1d91_1788045169.jpg&v=1788045353","https://five.epicollect.net/api/media/mycoponics-porterfield?type=photo&format=entry_original&name=02b82a41-2226-4737-8866-aed9f18a1d91_1788045174.jpg&v=1788045353","https://five.epicollect.net/api/media/mycoponics-porterfield?type=photo&format=entry_original&name=02b82a41-2226-4737-8866-aed9f18a1d91_1788045181.jpg&v=1788045353","https://five.epicollect.net/api/media/mycoponics-porterfield?type=photo&format=entry_original&name=02b82a41-2226-4737-8866-aed9f18a1d91_1788045192.jpg&v=1788045353","https://five.epicollect.net/api/media/mycoponics-porterfield?type=photo&format=entry_original&name=02b82a41-2226-4737-8866-aed9f18a1d91_1788045209.jpg&v=1788045353","https://five.epicollect.net/api/media/mycoponics-porterfield?type=photo&format=entry_original&name=02b82a41-2226-4737-8866-aed9f18a1d91_1788045215.jpg&v=1788045353","https://five.epicollect.net/api/media/mycoponics-porterfield?type=photo&format=entry_original&name=02b82a41-2226-4737-8866-aed9f18a1d91_1788045222.jpg&v=1788045353","https://five.epicollect.net/api/media/mycoponics-porterfield?type=photo&format=entry_original&name=02b82a41-2226-4737-8866-aed9f18a1d91_1788045250.jpg&v=1788045353","https://five.epicollect.net/api/media/mycoponics-porterfield?type=photo&format=entry_original&name=02b82a41-2226-4737-8866-aed9f18a1d91_1788045256.jpg&v=1788045353","https://five.epicollect.net/api/media/mycoponics-porterfield?type=photo&format=entry_original&name=02b82a41-2226-4737-8866-aed9f18a1d91_1788045260.jpg&v=1788045353","https://five.epicollect.net/api/media/mycoponics-porterfield?type=photo&format=entry_original&name=02b82a41-2226-4737-8866-aed9f18a1d91_1788045289.jpg&v=1788045353","https://five.epicollect.net/api/media/mycoponics-porterfield?type=photo&format=entry_original&name=02b82a41-2226-4737-8866-aed9f18a1d91_1788045294.jpg&v=1788045353","","","","","","","","","","","","D3","8/26/2026 2:48:40 PM","992fd070-9207-11f1-b651-5d6fce51deb5","02b82a41-2226-4737-8866-aed9f18a1d91","D3","8/29/2026 11:15:53 PM"
"20","[""No""]","4","16","[""Yes""]","[""Yes""]","15","16","#452E00","[""Brown""]","","","[""No""]","","","","","","","","","","","","","","","","","","","","","","","","","","","","","","","","D1","8/26/2026 5:33:34 PM","29a87bd0-9207-11f1-9186-31d4e5d7aabc","0422b501-e7fd-4f94-883a-d3246835bf0d","D1","8/26/2026 5:33:51 PM"
"5","[""Yes""]","3","55","[""No""]","[""Yes""]","","","#8D7847","[]","","","[""No""]","","","","","","","","","","","","","","","","","","","","","","","","","","","","","","","","D3","8/26/2026 5:22:58 PM","3cb0c480-9207-11f1-8555-b77c5e5555d6","053b03d5-4d1a-4f5c-8b87-b5d01263c296","D3","8/26/2026 5:23:17 PM"
"48","[""No""]","11","34","[""Yes""]","[""Yes""]","14.7","17","#9c9153","[""Yellow""]","","","[""Yes""]","https://five.epicollect.net/api/media/mycoponics-porterfield?type=photo&format=entry_original&name=056ca0df-c95c-4327-a15b-af60201dd49c_1788748252.jpg&v=1788748303","https://five.epicollect.net/api/media/mycoponics-porterfield?type=photo&format=entry_original&name=056ca0df-c95c-4327-a15b-af60201dd49c_1788748260.jpg&v=1788748303","https://five.epicollect.net/api/media/mycoponics-porterfield?type=photo&format=entry_original&name=056ca0df-c95c-4327-a15b-af60201dd49c_1788748264.jpg&v=1788748303","https://five.epicollect.net/api/media/mycoponics-porterfield?type=photo&format=entry_original&name=056ca0df-c95c-4327-a15b-af60201dd49c_1788748268.jpg&v=1788748303","https://five.epicollect.net/api/media/mycoponics-porterfield?type=photo&format=entry_original&name=056ca0df-c95c-4327-a15b-af60201dd49c_1788748271.jpg&v=1788748303","https://five.epicollect.net/api/media/mycoponics-porterfield?type=photo&format=entry_original&name=056ca0df-c95c-4327-a15b-af60201dd49c_1788748274.jpg&v=1788748303","https://five.epicollect.net/api/media/mycoponics-porterfield?type=photo&format=entry_original&name=056ca0df-c95c-4327-a15b-af60201dd49c_1788748277.jpg&v=1788748303","https://five.epicollect.net/api/media/mycoponics-porterfield?type=photo&format=entry_original&name=056ca0df-c95c-4327-a15b-af60201dd49c_1788748280.jpg&v=1788748303","https://five.epicollect.net/api/media/mycoponics-porterfield?type=photo&format=entry_original&name=056ca0df-c95c-4327-a15b-af60201dd49c_1788748284.jpg&v=1788748303","https://five.epicollect.net/api/media/mycoponics-porterfield?type=photo&format=entry_original&name=056ca0df-c95c-4327-a15b-af60201dd49c_1788748287.jpg&v=1788748303","https://five.epicollect.net/api/media/mycoponics-porterfield?type=photo&format=entry_original&name=056ca0df-c95c-4327-a15b-af60201dd49c_1788748294.jpg&v=1788748303","","","","","","","","","","","","","","","","","","","","","A4","8/29/2026 7:08:22 PM","dac34c80-9205-11f1-ba5f-319f359841fc","056ca0df-c95c-4327-a15b-af60201dd49c","A4","9/7/2026 2:31:43 AM"
"13","[""No""]","","","[""No""]","[""Yes""]","4.3","4.3","#6e6e54","[]","","today i collected the exudates from yesterday a day late. there were literally no exudates today.","[""Yes""]","","","","","","","","","","","","","","","","","","","","","","","","","","","","","","","dripping on the bottom!!","A4","8/26/2026 5:20:18 PM","45476810-9207-11f1-8555-b77c5e5555d6","059297fa-95a8-4f8a-8b77-2abc509ceccd","A4","8/26/2026 5:20:23 PM"
"8","[""No""]","5","5","[""No""]","[""No""]","","","","[]","","","[""Yes""]","https://five.epicollect.net/api/media/mycoponics-porterfield?type=photo&format=entry_original&name=060ddc0b-2432-4985-99e5-523cc6d425ea_1788751040.jpg&v=1788751129","https://five.epicollect.net/api/media/mycoponics-porterfield?type=photo&format=entry_original&name=060ddc0b-2432-4985-99e5-523cc6d425ea_1788751047.jpg&v=1788751129","https://five.epicollect.net/api/media/mycoponics-porterfield?type=photo&format=entry_original&name=060ddc0b-2432-4985-99e5-523cc6d425ea_1788751052.jpg&v=1788751129","https://five.epicollect.net/api/media/mycoponics-porterfield?type=photo&format=entry_original&name=060ddc0b-2432-4985-99e5-523cc6d425ea_1788751056.jpg&v=1788751129","https://five.epicollect.net/api/media/mycoponics-porterfield?type=photo&format=entry_original&name=060ddc0b-2432-4985-99e5-523cc6d425ea_1788751061.jpg&v=1788751129","","","","","","","","","","","","","","","","","","","","","","","","","","There is some structures in thebottom that look like fruting bodies, this could be due to white light stimulli. In order to prevent this we started working in the dark so no blue wavelength could influence.","C4","8/28/2026 3:25:09 AM","559b5ba0-9206-11f1-b91a-4736f6a951ba","060ddc0b-2432-4985-99e5-523cc6d425ea","C4","9/7/2026 3:18:49 AM"
"6","[""Yes""]","15","32","[""Yes""]","[""Yes""]","15","20","#AE6118","["" Orange""]","","","[""Yes""]","https://five.epicollect.net/api/media/mycoponics-porterfield?type=photo&format=entry_original&name=06177b3f-e8b6-4b5d-b6c8-c7503103ddf4_1788748984.jpg&v=1788749074","https://five.epicollect.net/api/media/mycoponics-porterfield?type=photo&format=entry_original&name=06177b3f-e8b6-4b5d-b6c8-c7503103ddf4_1788748989.jpg&v=1788749074","https://five.epicollect.net/api/media/mycoponics-porterfield?type=photo&format=entry_original&name=06177b3f-e8b6-4b5d-b6c8-c7503103ddf4_1788748993.jpg&v=1788749074","https://five.epicollect.net/api/media/mycoponics-porterfield?type=photo&format=entry_original&name=06177b3f-e8b6-4b5d-b6c8-c7503103ddf4_1788748998.jpg&v=1788749074","https://five.epicollect.net/api/media/mycoponics-porterfield?type=photo&format=entry_original&name=06177b3f-e8b6-4b5d-b6c8-c7503103ddf4_1788749002.jpg&v=1788749074","https://five.epicollect.net/api/media/mycoponics-porterfield?type=photo&format=entry_original&name=06177b3f-e8b6-4b5d-b6c8-c7503103ddf4_1788749007.jpg&v=1788749074","https://five.epicollect.net/api/media/mycoponics-porterfield?type=photo&format=entry_original&name=06177b3f-e8b6-4b5d-b6c8-c7503103ddf4_1788749011.jpg&v=1788749074","https://five.epicollect.net/api/media/mycoponics-porterfield?type=photo&format=entry_original&name=06177b3f-e8b6-4b5d-b6c8-c7503103ddf4_1788749015.jpg&v=1788749074","https://five.epicollect.net/api/media/mycoponics-porterfield?type=photo&format=entry_original&name=06177b3f-e8b6-4b5d-b6c8-c7503103ddf4_1788749020.jpg&v=1788749074","https://five.epicollect.net/api/media/mycoponics-porterfield?type=photo&format=entry_original&name=06177b3f-e8b6-4b5d-b6c8-c7503103ddf4_1788749025.jpg&v=1788749074","https://five.epicollect.net/api/media/mycoponics-porterfield?type=photo&format=entry_original&name=06177b3f-e8b6-4b5d-b6c8-c7503103ddf4_1788749029.jpg&v=1788749074","https://five.epicollect.net/api/media/mycoponics-porterfield?type=photo&format=entry_original&name=06177b3f-e8b6-4b5d-b6c8-c7503103ddf4_1788749033.jpg&v=1788749074","https://five.epicollect.net/api/media/mycoponics-porterfield?type=photo&format=entry_original&name=06177b3f-e8b6-4b5d-b6c8-c7503103ddf4_1788749038.jpg&v=1788749074","https://five.epicollect.net/api/media/mycoponics-porterfield?type=photo&format=entry_original&name=06177b3f-e8b6-4b5d-b6c8-c7503103ddf4_1788749042.jpg&v=1788749074","https://five.epicollect.net/api/media/mycoponics-porterfield?type=photo&format=entry_original&name=06177b3f-e8b6-4b5d-b6c8-c7503103ddf4_1788749047.jpg&v=1788749074","https://five.epicollect.net/api/media/mycoponics-porterfield?type=photo&format=entry_original&name=06177b3f-e8b6-4b5d-b6c8-c7503103ddf4_1788749052.jpg&v=1788749074","https://five.epicollect.net/api/media/mycoponics-porterfield?type=photo&format=entry_original&name=06177b3f-e8b6-4b5d-b6c8-c7503103ddf4_1788749056.jpg&v=1788749074","","","","","","","","","","","","","","","A2","8/29/2026 7:05:38 PM","104e6bf0-9206-11f1-9518-87ccf2fafc79","06177b3f-e8b6-4b5d-b6c8-c7503103ddf4","A2","9/7/2026 2:44:34 AM"
"5","[""Yes""]","5","47","[""Yes""]","[""Yes""]","13.5","23.5","#8C9372","[""Lime""]","","military green, very very sparse green specks","[""No""]","","","","","","","","","","","","","","","","","","","","","","","","","","","","","","","","B4","8/26/2026 1:44:53 AM","52680b20-9208-11f1-985c-f79deada967f","068f05c6-df67-4d0e-a0a5-d46a79f0252a","B4","8/26/2026 1:45:04 AM"
"2","[""Yes""]","4","52","[""No""]","[""Yes""]","15","23.5","#928c3c","[""Yellow limeish""]","","lime-ish yellow, military-esque patterning with the cloudiness but also the flaky dirt-like material floating and the chunkiness.","[""No""]","","","","","","","","","","","","","","","","","","","","","","","","","","","","","","","","C1","8/26/2026 2:58:31 PM","7621f7c0-9207-11f1-ba24-e7a1a5a09e42","069cd9ea-98f6-48d9-875e-e3eca98e6f80","C1","8/26/2026 2:58:34 PM"
"24","[""No""]","8","18","[""Yes""]","[""Yes""]","13","16","#7f6e36","[""Yellow amber""]","","viscous","[""No""]","","","","","","","","","","","","","","","","","","","","","","","","","","","","","","","","C1","8/26/2026 1:55:13 AM","4901bb80-9208-11f1-9ae6-cbe624cafba5","06cf2998-f197-46a3-84de-747d0577c007","C1","8/26/2026 1:55:14 AM"
"10","[""Yes""]","10","55","[""Yes""]","[""Yes""]","2","2","","[""Yellow""]","","They have a pale brown coloration, there was not much liquid to collect even though it seems diluted. It could be a production cycle.","[""Yes""]","https://five.epicollect.net/api/media/mycoponics-porterfield?type=photo&format=entry_original&name=073cf325-5b47-452b-a24c-2ec68f391036_1788715184.jpg&v=1788715194","https://five.epicollect.net/api/media/mycoponics-porterfield?type=photo&format=entry_original&name=073cf325-5b47-452b-a24c-2ec68f391036_1788715188.jpg&v=1788715194","","","","","","","","","","","","","","","","","","","","","","","","","","","","","","B1","8/29/2026 7:24:22 PM","8b5a78d0-9205-11f1-bc95-0954c57f36fb","073cf325-5b47-452b-a24c-2ec68f391036","B1","9/6/2026 5:19:54 PM"
"35","[""No""]","5","30","[""No""]","[""No""]","","","","[""Clear""]","","","[""No""]","","","","","","","","","","","","","","","","","","","","","","","","","","","","","","","","A4","8/26/2026 6:18:45 PM","a1eeb1f0-9206-11f1-b07c-23192f0e7dfa","0772432c-298f-46a6-bd9c-9ea83d380b85","A4","8/26/2026 6:18:49 PM"
"0","[""Yes""]","0","60","[""No""]","[""""]","","","","[]","","No exudates at all. could be attributed to the humidity.	","[""Yes""]","https://five.epicollect.net/api/media/mycoponics-porterfield?type=photo&format=entry_original&name=0793eeb0-91f0-11f1-bdff-3dea7edc8549_1786059679.jpg&v=1788708728","https://five.epicollect.net/api/media/mycoponics-porterfield?type=photo&format=entry_original&name=0793eeb0-91f0-11f1-bdff-3dea7edc8549_1786059689.jpg&v=1788708728","https://five.epicollect.net/api/media/mycoponics-porterfield?type=photo&format=entry_original&name=0793eeb0-91f0-11f1-bdff-3dea7edc8549_1786059695.jpg&v=1788708728","https://five.epicollect.net/api/media/mycoponics-porterfield?type=photo&format=entry_original&name=0793eeb0-91f0-11f1-bdff-3dea7edc8549_1786059700.jpg&v=1788708728","https://five.epicollect.net/api/media/mycoponics-porterfield?type=photo&format=entry_original&name=0793eeb0-91f0-11f1-bdff-3dea7edc8549_1786059710.jpg&v=1788708728","https://five.epicollect.net/api/media/mycoponics-porterfield?type=photo&format=entry_original&name=0793eeb0-91f0-11f1-bdff-3dea7edc8549_1786059721.jpg&v=1788708728","https://five.epicollect.net/api/media/mycoponics-porterfield?type=photo&format=entry_original&name=0793eeb0-91f0-11f1-bdff-3dea7edc8549_1786059806.jpg&v=1788708728","https://five.epicollect.net/api/media/mycoponics-porterfield?type=photo&format=entry_original&name=0793eeb0-91f0-11f1-bdff-3dea7edc8549_1786059826.jpg&v=1788708728","https://five.epicollect.net/api/media/mycoponics-porterfield?type=photo&format=entry_original&name=0793eeb0-91f0-11f1-bdff-3dea7edc8549_1786059833.jpg&v=1788708728","","","","","","","","","","","","","","","","","","","","","","Sort of muddy fogginess, microdroplets and larger droplets. Definitely opaque-ish visibility. There are signs of previous mold contamination growing on the ceramic surface; however, fungal mycelium appears to be growing over it. There are also signs of previous branching structures that are now covered with fuzzy tissue. Possible contamination","D1","8/6/2026 11:39:13 PM","5812f280-91de-11f1-bdff-3dea7edc8549","0793eeb0-91f0-11f1-bdff-3dea7edc8549","D1","9/6/2026 3:32:08 PM"
"30","[""No""]","5","25","[""Yes""]","[""Yes""]","4","4","#C4943D","[""Yellow""]","","","[""Yes""]","","","","","","","","","","","","","","","","","","","","","","","","","","","","","","","Odor: sweet.","A4","8/26/2026 6:16:02 PM","a6148de0-9206-11f1-b07c-23192f0e7dfa","07e2e9b2-21d8-4567-a96b-0314cdf6ec67","A4","8/26/2026 6:16:07 PM"
"6","[""Yes""]","10","50","[""Yes""]","[""Yes""]","12.5","22","#544e28","[""Green""]","","","[""Yes""]","https://five.epicollect.net/api/media/mycoponics-porterfield?type=photo&format=entry_original&name=0814ff7a-0a68-454f-8baa-e03312c99ea4_1788042054.jpg&v=1788042098","https://five.epicollect.net/api/media/mycoponics-porterfield?type=photo&format=entry_original&name=0814ff7a-0a68-454f-8baa-e03312c99ea4_1788042057.jpg&v=1788042098","https://five.epicollect.net/api/media/mycoponics-porterfield?type=photo&format=entry_original&name=0814ff7a-0a68-454f-8baa-e03312c99ea4_1788042060.jpg&v=1788042098","https://five.epicollect.net/api/media/mycoponics-porterfield?type=photo&format=entry_original&name=0814ff7a-0a68-454f-8baa-e03312c99ea4_1788042062.jpg&v=1788042098","https://five.epicollect.net/api/media/mycoponics-porterfield?type=photo&format=entry_original&name=0814ff7a-0a68-454f-8baa-e03312c99ea4_1788042064.jpg&v=1788042098","https://five.epicollect.net/api/media/mycoponics-porterfield?type=photo&format=entry_original&name=0814ff7a-0a68-454f-8baa-e03312c99ea4_1788042066.jpg&v=1788042098","https://five.epicollect.net/api/media/mycoponics-porterfield?type=photo&format=entry_original&name=0814ff7a-0a68-454f-8baa-e03312c99ea4_1788042070.jpg&v=1788042098","https://five.epicollect.net/api/media/mycoponics-porterfield?type=photo&format=entry_original&name=0814ff7a-0a68-454f-8baa-e03312c99ea4_1788042073.jpg&v=1788042098","https://five.epicollect.net/api/media/mycoponics-porterfield?type=photo&format=entry_original&name=0814ff7a-0a68-454f-8baa-e03312c99ea4_1788042076.jpg&v=1788042098","https://five.epicollect.net/api/media/mycoponics-porterfield?type=photo&format=entry_original&name=0814ff7a-0a68-454f-8baa-e03312c99ea4_1788042080.jpg&v=1788042098","https://five.epicollect.net/api/media/mycoponics-porterfield?type=photo&format=entry_original&name=0814ff7a-0a68-454f-8baa-e03312c99ea4_1788042084.jpg&v=1788042098","https://five.epicollect.net/api/media/mycoponics-porterfield?type=photo&format=entry_original&name=0814ff7a-0a68-454f-8baa-e03312c99ea4_1788042087.jpg&v=1788042098","https://five.epicollect.net/api/media/mycoponics-porterfield?type=photo&format=entry_original&name=0814ff7a-0a68-454f-8baa-e03312c99ea4_1788042090.jpg&v=1788042098","","","","","","","","","","","","","","","","","","","A4","8/26/2026 2:33:03 PM","992fd070-9207-11f1-b651-5d6fce51deb5","0814ff7a-0a68-454f-8baa-e03312c99ea4","A4","8/29/2026 10:21:38 PM"
"24","[""No""]","10","12","[""Yes""]","[""Yes""]","13.5","25.5","#907d22","[""Yellow""]","","dirt-like dots, otherwise very clear liquid. cardboard-like color","[""No""]","","","","","","","","","","","","","","","","","","","","","","","","","","","","","","","","B2","8/26/2026 1:52:33 AM","4901bb80-9208-11f1-9ae6-cbe624cafba5","082410ef-37a6-4474-a986-028fbe988159","B2","8/26/2026 1:52:40 AM"
"50","[""No""]","5","45","[""Yes""]","[""No""]","","","","[]","","","[""Yes""]","https://five.epicollect.net/api/media/mycoponics-porterfield?type=photo&format=entry_original&name=0847761f-ebd0-4c79-b77a-50ed14779ffd_1788745942.jpg&v=1788745987","https://five.epicollect.net/api/media/mycoponics-porterfield?type=photo&format=entry_original&name=0847761f-ebd0-4c79-b77a-50ed14779ffd_1788745954.jpg&v=1788745987","https://five.epicollect.net/api/media/mycoponics-porterfield?type=photo&format=entry_original&name=0847761f-ebd0-4c79-b77a-50ed14779ffd_1788745961.jpg&v=1788745987","https://five.epicollect.net/api/media/mycoponics-porterfield?type=photo&format=entry_original&name=0847761f-ebd0-4c79-b77a-50ed14779ffd_1788745968.jpg&v=1788745987","https://five.epicollect.net/api/media/mycoponics-porterfield?type=photo&format=entry_original&name=0847761f-ebd0-4c79-b77a-50ed14779ffd_1788745973.jpg&v=1788745987","https://five.epicollect.net/api/media/mycoponics-porterfield?type=photo&format=entry_original&name=0847761f-ebd0-4c79-b77a-50ed14779ffd_1788745979.jpg&v=1788745987","","","","","","","","","","","","","","","","","","","","","","","","","","D1","8/29/2026 7:16:29 PM","d2645ac0-9205-11f1-ba5f-319f359841fc","0847761f-ebd0-4c79-b77a-50ed14779ffd","D1","9/7/2026 1:53:07 AM"
"6","[""Yes""]","8","52","[""Yes""]","[""Yes""]","14","22","#6B6022","[""Yellow""]","Fibrous/shredded material","many sand-like and dirt-like tan shred and flake clumps, they settle very easily, on the side and at the bottom","[""Yes""]","https://five.epicollect.net/api/media/mycoponics-porterfield?type=photo&format=entry_original&name=0868b49a-bdb6-4b48-8d4c-6b29dea6fdab_1786122069.jpg&v=1786127120","https://five.epicollect.net/api/media/mycoponics-porterfield?type=photo&format=entry_original&name=0868b49a-bdb6-4b48-8d4c-6b29dea6fdab_1786122088.jpg&v=1786127120","https://five.epicollect.net/api/media/mycoponics-porterfield?type=photo&format=entry_original&name=0868b49a-bdb6-4b48-8d4c-6b29dea6fdab_1786122111.jpg&v=1786127120","https://five.epicollect.net/api/media/mycoponics-porterfield?type=photo&format=entry_original&name=0868b49a-bdb6-4b48-8d4c-6b29dea6fdab_1786122123.jpg&v=1786127120","https://five.epicollect.net/api/media/mycoponics-porterfield?type=photo&format=entry_original&name=0868b49a-bdb6-4b48-8d4c-6b29dea6fdab_1786122137.jpg&v=1786127120","https://five.epicollect.net/api/media/mycoponics-porterfield?type=photo&format=entry_original&name=0868b49a-bdb6-4b48-8d4c-6b29dea6fdab_1786122152.jpg&v=1786127120","https://five.epicollect.net/api/media/mycoponics-porterfield?type=photo&format=entry_original&name=0868b49a-bdb6-4b48-8d4c-6b29dea6fdab_1786122167.jpg&v=1786127120","https://five.epicollect.net/api/media/mycoponics-porterfield?type=photo&format=entry_original&name=0868b49a-bdb6-4b48-8d4c-6b29dea6fdab_1786122186.jpg&v=1786127120","https://five.epicollect.net/api/media/mycoponics-porterfield?type=photo&format=entry_original&name=0868b49a-bdb6-4b48-8d4c-6b29dea6fdab_1786122211.jpg&v=1786127120","https://five.epicollect.net/api/media/mycoponics-porterfield?type=photo&format=entry_original&name=0868b49a-bdb6-4b48-8d4c-6b29dea6fdab_1786122224.jpg&v=1786127120","https://five.epicollect.net/api/media/mycoponics-porterfield?type=photo&format=entry_original&name=0868b49a-bdb6-4b48-8d4c-6b29dea6fdab_1786122246.jpg&v=1786127120","https://five.epicollect.net/api/media/mycoponics-porterfield?type=photo&format=entry_original&name=0868b49a-bdb6-4b48-8d4c-6b29dea6fdab_1786122262.jpg&v=1786127120","https://five.epicollect.net/api/media/mycoponics-porterfield?type=photo&format=entry_original&name=0868b49a-bdb6-4b48-8d4c-6b29dea6fdab_1786122275.jpg&v=1786127120","https://five.epicollect.net/api/media/mycoponics-porterfield?type=photo&format=entry_original&name=0868b49a-bdb6-4b48-8d4c-6b29dea6fdab_1786122305.jpg&v=1786127120","https://five.epicollect.net/api/media/mycoponics-porterfield?type=photo&format=entry_original&name=0868b49a-bdb6-4b48-8d4c-6b29dea6fdab_1786122338.jpg&v=1786127120","https://five.epicollect.net/api/media/mycoponics-porterfield?type=photo&format=entry_original&name=0868b49a-bdb6-4b48-8d4c-6b29dea6fdab_1786122349.jpg&v=1786127120","https://five.epicollect.net/api/media/mycoponics-porterfield?type=photo&format=entry_original&name=0868b49a-bdb6-4b48-8d4c-6b29dea6fdab_1786122364.jpg&v=1786127120","https://five.epicollect.net/api/media/mycoponics-porterfield?type=photo&format=entry_original&name=0868b49a-bdb6-4b48-8d4c-6b29dea6fdab_1786122380.jpg&v=1786127120","https://five.epicollect.net/api/media/mycoponics-porterfield?type=photo&format=entry_original&name=0868b49a-bdb6-4b48-8d4c-6b29dea6fdab_1786122397.jpg&v=1786127120","https://five.epicollect.net/api/media/mycoponics-porterfield?type=photo&format=entry_original&name=0868b49a-bdb6-4b48-8d4c-6b29dea6fdab_1786122427.jpg&v=1786127120","https://five.epicollect.net/api/media/mycoponics-porterfield?type=photo&format=entry_original&name=0868b49a-bdb6-4b48-8d4c-6b29dea6fdab_1786122445.jpg&v=1786127120","https://five.epicollect.net/api/media/mycoponics-porterfield?type=photo&format=entry_original&name=0868b49a-bdb6-4b48-8d4c-6b29dea6fdab_1786122463.jpg&v=1786127120","https://five.epicollect.net/api/media/mycoponics-porterfield?type=photo&format=entry_original&name=0868b49a-bdb6-4b48-8d4c-6b29dea6fdab_1786122480.jpg&v=1786127120","https://five.epicollect.net/api/media/mycoponics-porterfield?type=photo&format=entry_original&name=0868b49a-bdb6-4b48-8d4c-6b29dea6fdab_1786122489.jpg&v=1786127120","https://five.epicollect.net/api/media/mycoponics-porterfield?type=photo&format=entry_original&name=0868b49a-bdb6-4b48-8d4c-6b29dea6fdab_1786122515.jpg&v=1786127120","https://five.epicollect.net/api/media/mycoponics-porterfield?type=photo&format=entry_original&name=0868b49a-bdb6-4b48-8d4c-6b29dea6fdab_1786122534.jpg&v=1786127120","https://five.epicollect.net/api/media/mycoponics-porterfield?type=photo&format=entry_original&name=0868b49a-bdb6-4b48-8d4c-6b29dea6fdab_1786122550.jpg&v=1786127120","","","","","D2","8/7/2026 5:09:27 PM","351d1278-fe80-48d4-99b7-5df11d522f8d","0868b49a-bdb6-4b48-8d4c-6b29dea6fdab","D2","8/7/2026 6:25:20 PM"
"10","[""No""]","5","5","[""Yes""]","[""Yes""]","14","14","#6D4F1A","[""Red""]","","The exudate used to be more ""birgth"" red at the bigining of the data recording, now it apears more diluted red.","[""No""]","","","","","","","","","","","","","","","","","","","","","","","","","","","","","","","","A2","8/28/2026 12:46:31 PM","4ed1fe00-9206-11f1-b91a-4736f6a951ba","098fc359-532b-496a-afba-48048a745bcd","A2","8/28/2026 12:46:32 PM"
"60","[""No""]","15","45","[""No""]","[""No""]","","","","[""Green""]","","","[""Yes""]","","","","","","","","","","","","","","","","","","","","","","","","","","","","","","","","B4","8/29/2026 7:27:41 PM","856cfc40-9205-11f1-bc95-0954c57f36fb","0a1dc057-eca6-4814-9f2b-827fd485b9cd","B4","8/29/2026 7:27:52 PM"
"31","[""No""]","","31","[""Yes""]","[""Yes""]","11","11","#5e532f","[""Yellow""]","","small white flakes","[""No""]","","","","","","","","","","","","","","","","","","","","","","","","","","","","","","","","C3","8/26/2026 5:21:42 PM","415bd600-9207-11f1-8555-b77c5e5555d6","0a20611c-4e91-4158-a381-6d9028504fc3","C3","8/26/2026 5:21:57 PM"
"10","[""Yes""]","11","21","[""Yes""]","[""Yes""]","14.5","36","#803800","[""Amber""]","","","[""No""]","","","","","","","","","","","","","","","","","","","","","","","","","","","","","","","","A2","8/29/2026 7:07:31 PM","0c11aca0-9206-11f1-9518-87ccf2fafc79","0a3f0616-5062-422f-b2ae-f8989cba80b2","A2","8/29/2026 7:07:34 PM"
"55","[""Yes""]","10","45","[""Yes""]","[""No""]","","","","[""Green""]","","","[""Yes""]","https://five.epicollect.net/api/media/mycoponics-porterfield?type=photo&format=entry_original&name=0aeda328-19f6-4da0-8b0a-51cc7dcf94ea_1788732812.jpg&v=1788732820","","","","","","","","","","","","","","","","","","","","","","","","","","","","","","","B4","8/29/2026 7:18:35 PM","beee3510-9205-11f1-9bf5-b15c7c68ff3f","0aeda328-19f6-4da0-8b0a-51cc7dcf94ea","B4","9/6/2026 10:13:40 PM"
"6","[""Yes""]","9","47","[""Yes""]","[""No""]","","","","[""Green""]","","media","[""No""]","","","","","","","","","","","","","","","","","","","","","","","","","","","","","","","","B1","8/26/2026 5:22:58 PM","3cb0c480-9207-11f1-8555-b77c5e5555d6","0b40fcc0-5021-462a-993f-9af938b25391","B1","8/26/2026 5:23:04 PM"
"10","[""Yes""]","","","[]","[]","","","","[]","","","[]","","","","","","","","","","","","","","","","","","","","","","","","","","","","","","","","A3","8/8/2026 11:26:10 PM","59d95668-3574-4d73-87d2-398740f59516","0b67d5a5-be63-434a-aa87-b6887aac2d40","A3","8/9/2026 1:02:02 AM"
"10","[""No""]","4","6","[""Yes""]","[""Yes""]","13","","","[""Clear""]","","","[""No""]","","","","","","","","","","","","","","","","","","","","","","","","","","","","","","","","D3","8/26/2026 5:12:55 PM","5e7888a0-9207-11f1-aadd-df4879ec2771","0b774a1c-3227-408f-b1b3-91d25f95329d","D3","8/26/2026 5:13:13 PM"
"32","[""No""]","8","26","[""Yes""]","[""No""]","","","#566153","[""Green""]","","media","[""No""]","","","","","","","","","","","","","","","","","","","","","","","","","","","","","","","","D4","8/26/2026 1:52:33 AM","4901bb80-9208-11f1-9ae6-cbe624cafba5","0bed6d6c-a0b9-4843-a36e-dc584046bb4d","D4","8/26/2026 1:52:52 AM"
"","[""Yes""]","","60","[""No""]","[""No""]","","","","[]","","*ADDED TO CHAMBER TODAY*","[""Yes""]","https://five.epicollect.net/api/media/mycoponics-porterfield?type=photo&format=entry_original&name=0c48d661-104f-413a-9279-96af1e300c59_1788711821.jpg&v=1788711844","https://five.epicollect.net/api/media/mycoponics-porterfield?type=photo&format=entry_original&name=0c48d661-104f-413a-9279-96af1e300c59_1788711825.jpg&v=1788711844","https://five.epicollect.net/api/media/mycoponics-porterfield?type=photo&format=entry_original&name=0c48d661-104f-413a-9279-96af1e300c59_1788711828.jpg&v=1788711844","https://five.epicollect.net/api/media/mycoponics-porterfield?type=photo&format=entry_original&name=0c48d661-104f-413a-9279-96af1e300c59_1788711832.jpg&v=1788711844","https://five.epicollect.net/api/media/mycoponics-porterfield?type=photo&format=entry_original&name=0c48d661-104f-413a-9279-96af1e300c59_1788711836.jpg&v=1788711844","https://five.epicollect.net/api/media/mycoponics-porterfield?type=photo&format=entry_original&name=0c48d661-104f-413a-9279-96af1e300c59_1788711839.jpg&v=1788711844","","","","","","","","","","","","","","","","","","","","","","","","","","B3","8/29/2026 7:34:06 PM","780c9ba0-9205-11f1-bc95-0954c57f36fb","0c48d661-104f-413a-9279-96af1e300c59","B3","9/6/2026 4:24:04 PM"
"11","[""Yes""]","17","39","[""Yes""]","[""Yes""]","14","27","","[""Amber""]","","Some of it was bubbly and sticky and was not moving around the bottom, some of it was stuck to the wire, so it was not able to be collected. The exudate was yellowish and viscous, almost like diluted dirt. Also, there are white solids in the bottom. Could it be contamination or mold??","[""Yes""]","https://five.epicollect.net/api/media/mycoponics-porterfield?type=photo&format=entry_original&name=0c981d99-f166-48d2-88a0-6757954a5590_1788719721.jpg&v=1788719868","https://five.epicollect.net/api/media/mycoponics-porterfield?type=photo&format=entry_original&name=0c981d99-f166-48d2-88a0-6757954a5590_1788719724.jpg&v=1788719868","https://five.epicollect.net/api/media/mycoponics-porterfield?type=photo&format=entry_original&name=0c981d99-f166-48d2-88a0-6757954a5590_1788719726.jpg&v=1788719868","https://five.epicollect.net/api/media/mycoponics-porterfield?type=photo&format=entry_original&name=0c981d99-f166-48d2-88a0-6757954a5590_1788719729.jpg&v=1788719868","https://five.epicollect.net/api/media/mycoponics-porterfield?type=photo&format=entry_original&name=0c981d99-f166-48d2-88a0-6757954a5590_1788719731.jpg&v=1788719868","https://five.epicollect.net/api/media/mycoponics-porterfield?type=photo&format=entry_original&name=0c981d99-f166-48d2-88a0-6757954a5590_1788719736.jpg&v=1788719868","https://five.epicollect.net/api/media/mycoponics-porterfield?type=photo&format=entry_original&name=0c981d99-f166-48d2-88a0-6757954a5590_1788719739.jpg&v=1788719868","https://five.epicollect.net/api/media/mycoponics-porterfield?type=photo&format=entry_original&name=0c981d99-f166-48d2-88a0-6757954a5590_1788719741.jpg&v=1788719868","https://five.epicollect.net/api/media/mycoponics-porterfield?type=photo&format=entry_original&name=0c981d99-f166-48d2-88a0-6757954a5590_1788719744.jpg&v=1788719868","https://five.epicollect.net/api/media/mycoponics-porterfield?type=photo&format=entry_original&name=0c981d99-f166-48d2-88a0-6757954a5590_1788719746.jpg&v=1788719868","https://five.epicollect.net/api/media/mycoponics-porterfield?type=photo&format=entry_original&name=0c981d99-f166-48d2-88a0-6757954a5590_1788719749.jpg&v=1788719868","https://five.epicollect.net/api/media/mycoponics-porterfield?type=photo&format=entry_original&name=0c981d99-f166-48d2-88a0-6757954a5590_1788719751.jpg&v=1788719868","https://five.epicollect.net/api/media/mycoponics-porterfield?type=photo&format=entry_original&name=0c981d99-f166-48d2-88a0-6757954a5590_1788719753.jpg&v=1788719868","https://five.epicollect.net/api/media/mycoponics-porterfield?type=photo&format=entry_original&name=0c981d99-f166-48d2-88a0-6757954a5590_1788719756.jpg&v=1788719868","https://five.epicollect.net/api/media/mycoponics-porterfield?type=photo&format=entry_original&name=0c981d99-f166-48d2-88a0-6757954a5590_1788719758.jpg&v=1788719868","https://five.epicollect.net/api/media/mycoponics-porterfield?type=photo&format=entry_original&name=0c981d99-f166-48d2-88a0-6757954a5590_1788719761.jpg&v=1788719868","https://five.epicollect.net/api/media/mycoponics-porterfield?type=photo&format=entry_original&name=0c981d99-f166-48d2-88a0-6757954a5590_1788719763.jpg&v=1788719868","https://five.epicollect.net/api/media/mycoponics-porterfield?type=photo&format=entry_original&name=0c981d99-f166-48d2-88a0-6757954a5590_1788719766.jpg&v=1788719868","https://five.epicollect.net/api/media/mycoponics-porterfield?type=photo&format=entry_original&name=0c981d99-f166-48d2-88a0-6757954a5590_1788719771.jpg&v=1788719868","https://five.epicollect.net/api/media/mycoponics-porterfield?type=photo&format=entry_original&name=0c981d99-f166-48d2-88a0-6757954a5590_1788719776.jpg&v=1788719868","https://five.epicollect.net/api/media/mycoponics-porterfield?type=photo&format=entry_original&name=0c981d99-f166-48d2-88a0-6757954a5590_1788719825.jpg&v=1788719868","https://five.epicollect.net/api/media/mycoponics-porterfield?type=photo&format=entry_original&name=0c981d99-f166-48d2-88a0-6757954a5590_1788719829.jpg&v=1788719868","https://five.epicollect.net/api/media/mycoponics-porterfield?type=photo&format=entry_original&name=0c981d99-f166-48d2-88a0-6757954a5590_1788719831.jpg&v=1788719868","https://five.epicollect.net/api/media/mycoponics-porterfield?type=photo&format=entry_original&name=0c981d99-f166-48d2-88a0-6757954a5590_1788719834.jpg&v=1788719868","https://five.epicollect.net/api/media/mycoponics-porterfield?type=photo&format=entry_original&name=0c981d99-f166-48d2-88a0-6757954a5590_1788719837.jpg&v=1788719868","https://five.epicollect.net/api/media/mycoponics-porterfield?type=photo&format=entry_original&name=0c981d99-f166-48d2-88a0-6757954a5590_1788719842.jpg&v=1788719868","https://five.epicollect.net/api/media/mycoponics-porterfield?type=photo&format=entry_original&name=0c981d99-f166-48d2-88a0-6757954a5590_1788719846.jpg&v=1788719868","https://five.epicollect.net/api/media/mycoponics-porterfield?type=photo&format=entry_original&name=0c981d99-f166-48d2-88a0-6757954a5590_1788719849.jpg&v=1788719868","https://five.epicollect.net/api/media/mycoponics-porterfield?type=photo&format=entry_original&name=0c981d99-f166-48d2-88a0-6757954a5590_1788719852.jpg&v=1788719868","","","D1","8/29/2026 7:22:26 PM","a727c810-9205-11f1-bca9-83b388c0a0a4","0c981d99-f166-48d2-88a0-6757954a5590","D1","9/6/2026 6:37:48 PM"
"13","[""Yes""]","21","35","[""Yes""]","[""Yes""]","30","52","#713e03, #5b340a","[""Yellow""]","","has mycelia","[""No""]","","","","","","","","","","","","","","","","","","","","","","","","","","","","","","","","C2","8/29/2026 7:07:31 PM","0c11aca0-9206-11f1-9518-87ccf2fafc79","0cbd917c-7789-4a76-b675-1f1cca7aaa05","C2","8/29/2026 7:07:50 PM"
"12","[""No""]","6","6","[""Yes""]","[""No""]","","","","[]","","Not enough to recollect","[""No""]","","","","","","","","","","","","","","","","","","","","","","","","","","","","","","","","C1","8/29/2026 9:27:43 PM","70c56600-9206-11f1-a57e-abc999418cec","0ded3251-fd91-4dce-94f6-114ea8652725","C1","8/29/2026 9:27:48 PM"
"22","[""Yes""]","9","51","[""Yes""]","[""Yes""]","14","34","","[]","","","[""No""]","","","","","","","","","","","","","","","","","","","","","","","","","","","","","","","","C1","8/9/2026 12:30:38 AM","59d95668-3574-4d73-87d2-398740f59516","0e2f231f-607d-42ad-b047-b1f3d1e44395","C1","8/9/2026 1:06:02 AM"
"50","[""No""]","5","45","[""Yes""]","[""Yes""]","5","5","#57250E","[""Red""]","","Very concentrated exudates. Consider that 75% to 85% humidity is the best range for dripping the exudates.","[""No""]","","","","","","","","","","","","","","","","","","","","","","","","","","","","","","","","C2","8/26/2026 6:21:45 PM","75fb7970-9206-11f1-a57e-abc999418cec","0e41b661-e3a8-4a0f-a82e-b64515da32a1","C2","8/26/2026 6:22:03 PM"
"4","[""Yes""]","8","42","[""Yes""]","[""Yes""]","13","25","#908249","[""Yellow""]","","","[""Yes""]","https://five.epicollect.net/api/media/mycoponics-porterfield?type=photo&format=entry_original&name=0e62d3da-0e81-453f-8aaf-b9516a8695b2_1788748401.jpg&v=1788748440","https://five.epicollect.net/api/media/mycoponics-porterfield?type=photo&format=entry_original&name=0e62d3da-0e81-453f-8aaf-b9516a8695b2_1788748406.jpg&v=1788748440","https://five.epicollect.net/api/media/mycoponics-porterfield?type=photo&format=entry_original&name=0e62d3da-0e81-453f-8aaf-b9516a8695b2_1788748410.jpg&v=1788748440","https://five.epicollect.net/api/media/mycoponics-porterfield?type=photo&format=entry_original&name=0e62d3da-0e81-453f-8aaf-b9516a8695b2_1788748413.jpg&v=1788748440","https://five.epicollect.net/api/media/mycoponics-porterfield?type=photo&format=entry_original&name=0e62d3da-0e81-453f-8aaf-b9516a8695b2_1788748416.jpg&v=1788748440","https://five.epicollect.net/api/media/mycoponics-porterfield?type=photo&format=entry_original&name=0e62d3da-0e81-453f-8aaf-b9516a8695b2_1788748419.jpg&v=1788748440","https://five.epicollect.net/api/media/mycoponics-porterfield?type=photo&format=entry_original&name=0e62d3da-0e81-453f-8aaf-b9516a8695b2_1788748421.jpg&v=1788748440","https://five.epicollect.net/api/media/mycoponics-porterfield?type=photo&format=entry_original&name=0e62d3da-0e81-453f-8aaf-b9516a8695b2_1788748424.jpg&v=1788748440","https://five.epicollect.net/api/media/mycoponics-porterfield?type=photo&format=entry_original&name=0e62d3da-0e81-453f-8aaf-b9516a8695b2_1788748426.jpg&v=1788748440","https://five.epicollect.net/api/media/mycoponics-porterfield?type=photo&format=entry_original&name=0e62d3da-0e81-453f-8aaf-b9516a8695b2_1788748429.jpg&v=1788748440","https://five.epicollect.net/api/media/mycoponics-porterfield?type=photo&format=entry_original&name=0e62d3da-0e81-453f-8aaf-b9516a8695b2_1788748431.jpg&v=1788748440","","","","","","","","","","","","","","","","","","","","","D1","8/29/2026 7:08:22 PM","dac34c80-9205-11f1-ba5f-319f359841fc","0e62d3da-0e81-453f-8aaf-b9516a8695b2","D1","9/7/2026 2:34:00 AM"
"3","[""Yes""]","7","29","[""No""]","[""Yes""]","10.2","10.2","","[""Green""]","","likely that its just filtered media","[""Yes""]","https://five.epicollect.net/api/media/mycoponics-porterfield?type=photo&format=entry_original&name=0e7ea282-45a2-47f2-a688-95a6579d5cd3_1788730434.jpg&v=1788730498","https://five.epicollect.net/api/media/mycoponics-porterfield?type=photo&format=entry_original&name=0e7ea282-45a2-47f2-a688-95a6579d5cd3_1788730437.jpg&v=1788730498","https://five.epicollect.net/api/media/mycoponics-porterfield?type=photo&format=entry_original&name=0e7ea282-45a2-47f2-a688-95a6579d5cd3_1788730440.jpg&v=1788730498","https://five.epicollect.net/api/media/mycoponics-porterfield?type=photo&format=entry_original&name=0e7ea282-45a2-47f2-a688-95a6579d5cd3_1788730443.jpg&v=1788730498","https://five.epicollect.net/api/media/mycoponics-porterfield?type=photo&format=entry_original&name=0e7ea282-45a2-47f2-a688-95a6579d5cd3_1788730446.jpg&v=1788730498","https://five.epicollect.net/api/media/mycoponics-porterfield?type=photo&format=entry_original&name=0e7ea282-45a2-47f2-a688-95a6579d5cd3_1788730449.jpg&v=1788730498","https://five.epicollect.net/api/media/mycoponics-porterfield?type=photo&format=entry_original&name=0e7ea282-45a2-47f2-a688-95a6579d5cd3_1788730451.jpg&v=1788730498","https://five.epicollect.net/api/media/mycoponics-porterfield?type=photo&format=entry_original&name=0e7ea282-45a2-47f2-a688-95a6579d5cd3_1788730463.jpg&v=1788730498","https://five.epicollect.net/api/media/mycoponics-porterfield?type=photo&format=entry_original&name=0e7ea282-45a2-47f2-a688-95a6579d5cd3_1788730468.jpg&v=1788730498","https://five.epicollect.net/api/media/mycoponics-porterfield?type=photo&format=entry_original&name=0e7ea282-45a2-47f2-a688-95a6579d5cd3_1788730473.jpg&v=1788730498","https://five.epicollect.net/api/media/mycoponics-porterfield?type=photo&format=entry_original&name=0e7ea282-45a2-47f2-a688-95a6579d5cd3_1788730479.jpg&v=1788730498","https://five.epicollect.net/api/media/mycoponics-porterfield?type=photo&format=entry_original&name=0e7ea282-45a2-47f2-a688-95a6579d5cd3_1788730483.jpg&v=1788730498","https://five.epicollect.net/api/media/mycoponics-porterfield?type=photo&format=entry_original&name=0e7ea282-45a2-47f2-a688-95a6579d5cd3_1788730487.jpg&v=1788730498","https://five.epicollect.net/api/media/mycoponics-porterfield?type=photo&format=entry_original&name=0e7ea282-45a2-47f2-a688-95a6579d5cd3_1788730491.jpg&v=1788730498","","","","","","","","","","","","","","","","","","C4","8/29/2026 7:21:20 PM","ac1d01f0-9205-11f1-bca9-83b388c0a0a4","0e7ea282-45a2-47f2-a688-95a6579d5cd3","C4","9/6/2026 9:34:58 PM"
"55","[""No""]","9","46","[""Yes""]","[""Yes""]","7.5","7.5","","[""Green""]","","very green. also, at the bottom of the jar there was a red dot of a liquid, so one of the exudate localization things at the bottom mustve dripped this, but it was not able to be collected by the exudate collection since it didnt merge in with the other exudates and because it wouldnt budge really? so is it sticky or smth? or like?","[""Yes""]","https://five.epicollect.net/api/media/mycoponics-porterfield?type=photo&format=entry_original&name=0ef18b59-7ec1-40e0-8ee4-0f94a6dd4ceb_1788716053.jpg&v=1788716152","https://five.epicollect.net/api/media/mycoponics-porterfield?type=photo&format=entry_original&name=0ef18b59-7ec1-40e0-8ee4-0f94a6dd4ceb_1788716056.jpg&v=1788716152","https://five.epicollect.net/api/media/mycoponics-porterfield?type=photo&format=entry_original&name=0ef18b59-7ec1-40e0-8ee4-0f94a6dd4ceb_1788716059.jpg&v=1788716152","https://five.epicollect.net/api/media/mycoponics-porterfield?type=photo&format=entry_original&name=0ef18b59-7ec1-40e0-8ee4-0f94a6dd4ceb_1788716072.jpg&v=1788716152","https://five.epicollect.net/api/media/mycoponics-porterfield?type=photo&format=entry_original&name=0ef18b59-7ec1-40e0-8ee4-0f94a6dd4ceb_1788716076.jpg&v=1788716152","https://five.epicollect.net/api/media/mycoponics-porterfield?type=photo&format=entry_original&name=0ef18b59-7ec1-40e0-8ee4-0f94a6dd4ceb_1788716079.jpg&v=1788716152","https://five.epicollect.net/api/media/mycoponics-porterfield?type=photo&format=entry_original&name=0ef18b59-7ec1-40e0-8ee4-0f94a6dd4ceb_1788716081.jpg&v=1788716152","https://five.epicollect.net/api/media/mycoponics-porterfield?type=photo&format=entry_original&name=0ef18b59-7ec1-40e0-8ee4-0f94a6dd4ceb_1788716084.jpg&v=1788716152","https://five.epicollect.net/api/media/mycoponics-porterfield?type=photo&format=entry_original&name=0ef18b59-7ec1-40e0-8ee4-0f94a6dd4ceb_1788716086.jpg&v=1788716152","https://five.epicollect.net/api/media/mycoponics-porterfield?type=photo&format=entry_original&name=0ef18b59-7ec1-40e0-8ee4-0f94a6dd4ceb_1788716089.jpg&v=1788716152","https://five.epicollect.net/api/media/mycoponics-porterfield?type=photo&format=entry_original&name=0ef18b59-7ec1-40e0-8ee4-0f94a6dd4ceb_1788716091.jpg&v=1788716152","https://five.epicollect.net/api/media/mycoponics-porterfield?type=photo&format=entry_original&name=0ef18b59-7ec1-40e0-8ee4-0f94a6dd4ceb_1788716094.jpg&v=1788716152","https://five.epicollect.net/api/media/mycoponics-porterfield?type=photo&format=entry_original&name=0ef18b59-7ec1-40e0-8ee4-0f94a6dd4ceb_1788716098.jpg&v=1788716152","https://five.epicollect.net/api/media/mycoponics-porterfield?type=photo&format=entry_original&name=0ef18b59-7ec1-40e0-8ee4-0f94a6dd4ceb_1788716100.jpg&v=1788716152","https://five.epicollect.net/api/media/mycoponics-porterfield?type=photo&format=entry_original&name=0ef18b59-7ec1-40e0-8ee4-0f94a6dd4ceb_1788716104.jpg&v=1788716152","https://five.epicollect.net/api/media/mycoponics-porterfield?type=photo&format=entry_original&name=0ef18b59-7ec1-40e0-8ee4-0f94a6dd4ceb_1788716107.jpg&v=1788716152","https://five.epicollect.net/api/media/mycoponics-porterfield?type=photo&format=entry_original&name=0ef18b59-7ec1-40e0-8ee4-0f94a6dd4ceb_1788716109.jpg&v=1788716152","https://five.epicollect.net/api/media/mycoponics-porterfield?type=photo&format=entry_original&name=0ef18b59-7ec1-40e0-8ee4-0f94a6dd4ceb_1788716112.jpg&v=1788716152","https://five.epicollect.net/api/media/mycoponics-porterfield?type=photo&format=entry_original&name=0ef18b59-7ec1-40e0-8ee4-0f94a6dd4ceb_1788716115.jpg&v=1788716152","https://five.epicollect.net/api/media/mycoponics-porterfield?type=photo&format=entry_original&name=0ef18b59-7ec1-40e0-8ee4-0f94a6dd4ceb_1788716117.jpg&v=1788716152","https://five.epicollect.net/api/media/mycoponics-porterfield?type=photo&format=entry_original&name=0ef18b59-7ec1-40e0-8ee4-0f94a6dd4ceb_1788716120.jpg&v=1788716152","https://five.epicollect.net/api/media/mycoponics-porterfield?type=photo&format=entry_original&name=0ef18b59-7ec1-40e0-8ee4-0f94a6dd4ceb_1788716123.jpg&v=1788716152","https://five.epicollect.net/api/media/mycoponics-porterfield?type=photo&format=entry_original&name=0ef18b59-7ec1-40e0-8ee4-0f94a6dd4ceb_1788716126.jpg&v=1788716152","https://five.epicollect.net/api/media/mycoponics-porterfield?type=photo&format=entry_original&name=0ef18b59-7ec1-40e0-8ee4-0f94a6dd4ceb_1788716129.jpg&v=1788716152","https://five.epicollect.net/api/media/mycoponics-porterfield?type=photo&format=entry_original&name=0ef18b59-7ec1-40e0-8ee4-0f94a6dd4ceb_1788716133.jpg&v=1788716152","https://five.epicollect.net/api/media/mycoponics-porterfield?type=photo&format=entry_original&name=0ef18b59-7ec1-40e0-8ee4-0f94a6dd4ceb_1788716136.jpg&v=1788716152","https://five.epicollect.net/api/media/mycoponics-porterfield?type=photo&format=entry_original&name=0ef18b59-7ec1-40e0-8ee4-0f94a6dd4ceb_1788716139.jpg&v=1788716152","https://five.epicollect.net/api/media/mycoponics-porterfield?type=photo&format=entry_original&name=0ef18b59-7ec1-40e0-8ee4-0f94a6dd4ceb_1788716142.jpg&v=1788716152","https://five.epicollect.net/api/media/mycoponics-porterfield?type=photo&format=entry_original&name=0ef18b59-7ec1-40e0-8ee4-0f94a6dd4ceb_1788716145.jpg&v=1788716152","https://five.epicollect.net/api/media/mycoponics-porterfield?type=photo&format=entry_original&name=0ef18b59-7ec1-40e0-8ee4-0f94a6dd4ceb_1788716147.jpg&v=1788716152","It had the same line down it that A1 had!!! So it must not be my stupid media collection! Contamination: Confirmed. Colonization: Fully colonized (over 90%). Surface density: Very dense/overgrown/3D structures. Edge activity: Minimal edge growth. Exudophore formation: Branching structures are forming. Exudate localization: None. Media notes: When I burped the fungus, the media went straight to the side, as if there was a hole straight from the container to the fungus. It is now the media dripping on the side of the fungus and dripping down, so now the media is on the bottom of the container. Not sure what to do about this, but there's definitely a problem with B1's feeding system with the ceramic. Perhaps tilt/dont tilt the jar when feeding/burping..","B1","8/29/2026 9:09:20 PM","a727c810-9205-11f1-bca9-83b388c0a0a4","0ef18b59-7ec1-40e0-8ee4-0f94a6dd4ceb","B1","9/6/2026 5:35:52 PM"
"8","[""No""]","2","6","[""Yes""]","[""Yes""]","15","17","#3C2600","[""Brown""]","","","[""No""]","","","","","","","","","","","","","","","","","","","","","","","","","","","","","","","","B1","8/26/2026 5:27:01 PM","309c1dc0-9207-11f1-9186-31d4e5d7aabc","0f655a45-7db0-477e-9cac-8ab18288c6c8","B1","8/26/2026 5:27:09 PM"
"5","[""Yes""]","2","45","[""No""]","[""No""]","","","","[""Clear""]","","","[""No""]","","","","","","","","","","","","","","","","","","","","","","","","","","","","","","","not enough","D2","8/26/2026 4:41:09 PM","68feee40-9207-11f1-ba24-e7a1a5a09e42","0fd2f4a8-4b2a-4d5c-a4df-c7d866d91a3b","D2","8/26/2026 4:41:27 PM"
"44","[""No""]","0","44","[""No""]","[""No""]","","","","[]","","","[""No""]","","","","","","","","","","","","","","","","","","","","","","","","","","","","","","","","A3","8/26/2026 12:50:07 PM","9dd3dd10-9207-11f1-b651-5d6fce51deb5","10734686-78f8-46d0-974a-17072ac560a6","A3","8/26/2026 12:50:10 PM"
"7","[""No""]","","7","[""Yes""]","[""No""]","","","","[""Yellow""]","","too little","[""No""]","","","","","","","","","","","","","","","","","","","","","","","","","","","","","","","","C1","8/26/2026 5:21:42 PM","415bd600-9207-11f1-8555-b77c5e5555d6","10c290cb-07e2-4a08-89ff-a890eb83386e","C1","8/26/2026 5:21:54 PM"
"50","[""No""]","2","48","[""No""]","[""No""]","","","","[]","","","[""No""]","","","","","","","","","","","","","","","","","","","","","","","","","","","","","","","","B3","8/26/2026 6:11:41 PM","acdfe750-9206-11f1-b07c-23192f0e7dfa","10d952b5-0ba7-439a-9f3e-124fb39a38f2","B3","8/26/2026 6:11:50 PM"
"18","[""No""]","3","15","[""No""]","[""Yes""]","8","8","#8E770B","[""Amber""]","","","[""No""]","","","","","","","","","","","","","","","","","","","","","","","","","","","","","","","","B2","8/28/2026 12:52:41 PM","212ef2a0-9206-11f1-9518-87ccf2fafc79","11317529-5db6-43c1-adb9-7a086069b861","B2","8/28/2026 12:52:47 PM"
"11","[""No""]","","11","[""Yes""]","[""No""]","","","","[]","","Too little to collect. I left it in the syringe.","[""No""]","","","","","","","","","","","","","","","","","","","","","","","","","","","","","","","","A4","8/26/2026 5:17:32 PM","54fc4000-9207-11f1-aadd-df4879ec2771","114bb938-91b0-4a39-bd19-564b685f6270","A4","8/26/2026 5:17:37 PM"
"36","[""No""]","6","30","[""Yes""]","[""Yes""]","14","23","#6a4c10","["" Orange"",""Amber""]","Fibrous/shredded material","gel-like viscosity, sand-like chunks in a line","[""No""]","","","","","","","","","","","","","","","","","","","","","","","","","","","","","","","","D3","8/9/2026 4:10:33 PM","ab4d77d5-a552-43b2-abfb-821172faf6ad","11965728-b45f-4e17-a91f-e8e916e68a2e","D3","8/9/2026 5:01:34 PM"
"43","[""Yes""]","7","51","[""No""]","[""No""]","8.5","8.5","#92873d","[""Yellow""]","","viscous, nice yellow color","[""No""]","","","","","","","","","","","","","","","","","","","","","","","","","","","","","","","","D2","8/26/2026 2:52:48 PM","832ee130-9207-11f1-a0ac-03e2707c61cb","11aec00b-d57c-4ad0-838f-236513cb19bc","D2","8/26/2026 2:53:07 PM"
"6","[""Yes""]","7","48","[""Yes""]","[""No""]","","","","[""Green""]","","small white chunks, media","[""No""]","","","","","","","","","","","","","","","","","","","","","","","","","","","","","","","","B4","8/26/2026 5:22:58 PM","3cb0c480-9207-11f1-8555-b77c5e5555d6","11b7088b-b64d-4331-9eca-b81ac64e4ff4","B4","8/26/2026 5:23:08 PM"
"50","[""No""]","0","50","[""Yes""]","[""Yes""]","4","4","#512B00","[""Brown""]","","","[""Yes""]","https://five.epicollect.net/api/media/mycoponics-porterfield?type=photo&format=entry_original&name=124fac1c-0aaa-4ad5-a595-c66d882e4575_1788752670.jpg&v=1788752677","https://five.epicollect.net/api/media/mycoponics-porterfield?type=photo&format=entry_original&name=124fac1c-0aaa-4ad5-a595-c66d882e4575_1788752672.jpg&v=1788752677","https://five.epicollect.net/api/media/mycoponics-porterfield?type=photo&format=entry_original&name=124fac1c-0aaa-4ad5-a595-c66d882e4575_1788752674.jpg&v=1788752677","","","","","","","","","","","","","","","","","","","","","","","","","","","","","B1","8/26/2026 5:53:40 PM","1a80a1a0-9207-11f1-a488-057d0ae059c0","124fac1c-0aaa-4ad5-a595-c66d882e4575","B1","9/7/2026 3:44:37 AM"
"20","[""No""]","6","14","[""No""]","[""No""]","","","","[]","","","[""Yes""]","https://five.epicollect.net/api/media/mycoponics-porterfield?type=photo&format=entry_original&name=12549abd-618b-4aa8-8a56-883eba340f26_1788752504.jpg&v=1788752517","https://five.epicollect.net/api/media/mycoponics-porterfield?type=photo&format=entry_original&name=12549abd-618b-4aa8-8a56-883eba340f26_1788752506.jpg&v=1788752517","https://five.epicollect.net/api/media/mycoponics-porterfield?type=photo&format=entry_original&name=12549abd-618b-4aa8-8a56-883eba340f26_1788752510.jpg&v=1788752517","https://five.epicollect.net/api/media/mycoponics-porterfield?type=photo&format=entry_original&name=12549abd-618b-4aa8-8a56-883eba340f26_1788752513.jpg&v=1788752517","https://five.epicollect.net/api/media/mycoponics-porterfield?type=photo&format=entry_original&name=12549abd-618b-4aa8-8a56-883eba340f26_1788752515.jpg&v=1788752517","","","","","","","","","","","","","","","","","","","","","","","","","","","D3","8/26/2026 6:16:02 PM","a6148de0-9206-11f1-b07c-23192f0e7dfa","12549abd-618b-4aa8-8a56-883eba340f26","D3","9/7/2026 3:41:57 AM"
"20","[""No""]","6","14","[""Yes""]","[""No""]","","","","[""Yellow""]","","The humidity has been really low on these chambers, thus the exudate production has decrease a lot, to the point to not produce anything a day.","[""No""]","","","","","","","","","","","","","","","","","","","","","","","","","","","","","","","Seems to be creating some noodles, could be exudophores or fruting bodies. Definetly there is osme chamge in morphology, now we are going to try to expose them the less as possible to white/blue light. Even the red light will be used only for quick readings in the syringe. Contamination: None.","D2","8/28/2026 12:49:19 PM","42238840-9206-11f1-b91a-4736f6a951ba","12e5fbbb-517d-48ae-ab4f-728754aa19ee","D2","8/28/2026 12:49:34 PM"
"20","[""No""]","0","20","[""Yes""]","[""Yes""]","15","","","[""Green""]","","Not stored","[""No""]","","","","","","","","","","","","","","","","","","","","","","","","","","","","","","","","B4","8/26/2026 5:12:55 PM","5e7888a0-9207-11f1-aadd-df4879ec2771","1337a48d-4a65-4d09-a52f-b238e1f6b50c","B4","8/26/2026 5:13:05 PM"
"26","[""No""]","10","16","[""Yes""]","[""Yes""]","15","37","#62502a","[""Brown""]","","","[""Yes""]","https://five.epicollect.net/api/media/mycoponics-porterfield?type=photo&format=entry_original&name=13568874-5390-4675-987c-757b60f38505_1788745205.jpg&v=1788745220","https://five.epicollect.net/api/media/mycoponics-porterfield?type=photo&format=entry_original&name=13568874-5390-4675-987c-757b60f38505_1788745209.jpg&v=1788745220","https://five.epicollect.net/api/media/mycoponics-porterfield?type=photo&format=entry_original&name=13568874-5390-4675-987c-757b60f38505_1788745213.jpg&v=1788745220","","","","","","","","","","","","","","","","","","","","","","","","","","","","","B1","8/29/2026 7:16:29 PM","d2645ac0-9205-11f1-ba5f-319f359841fc","13568874-5390-4675-987c-757b60f38505","B1","9/7/2026 1:40:20 AM"
"8","[""Yes""]","2","43","[""No""]","[""No""]","","","","[""Clear""]","","","[""Yes""]","https://five.epicollect.net/api/media/mycoponics-porterfield?type=photo&format=entry_original&name=1399e295-2420-4662-af6b-e38456ee2145_1788750629.jpg&v=1788750646","https://five.epicollect.net/api/media/mycoponics-porterfield?type=photo&format=entry_original&name=1399e295-2420-4662-af6b-e38456ee2145_1788750639.jpg&v=1788750646","","","","","","","","","","","","","","","","","","","","","","","","","","","","","The tube was transfered after the other broke. The mycelium that had contanct hith the water is now adapting to the air and started to grow fuzzy mycelium. Contamination: None. Colonization: Moderate colonization (30-60%). Surface density: Moderate fluffy coverage. Edge activity: Highly active expanding front. Exudophore formation: None. Localization density: none. Odor: None.","A4","8/28/2026 3:25:09 AM","559b5ba0-9206-11f1-b91a-4736f6a951ba","1399e295-2420-4662-af6b-e38456ee2145","A4","9/7/2026 3:10:46 AM"
"30","[""No""]","5","25","[""Yes""]","[""Yes""]","5","5","#716F40","[""Green""]","","No media leaking is visible, fungi might be having trouble digesting the media? maybe is the humidity that makes the fungi struggle","[""No""]","","","","","","","","","","","","","","","","","","","","","","","","","","","","","","","","D2","8/27/2026 12:26:11 PM","70c56600-9206-11f1-a57e-abc999418cec","13b817c8-d16d-4bb9-8ad6-25f012294cf3","D2","8/27/2026 12:26:28 PM"
"23","[""No""]","","23","[""Yes""]","[""Yes""]","39","","","[""Green""]","","green - media.","[""No""]","","","","","","","","","","","","","","","","","","","","","","","","","","","","","","","","B4","8/26/2026 5:17:32 PM","54fc4000-9207-11f1-aadd-df4879ec2771","13ca6fd5-d0b4-4175-b88c-6fe11c1fd674","B4","8/26/2026 5:17:43 PM"
"10","[""No""]","2","8","[""Yes""]","[""Yes""]","14","14","#7E651B","[""Amber""]","","","[""No""]","","","","","","","","","","","","","","","","","","","","","","","","","","","","","","","","B2","8/26/2026 6:11:41 PM","acdfe750-9206-11f1-b07c-23192f0e7dfa","140d2869-f67d-4254-9061-7916a9a163e1","B2","8/26/2026 6:11:48 PM"
"25","[""No""]","8","17","[""No""]","[""No""]","","","","[""Green""]","","all prob is media","[""Yes""]","","","","","","","","","","","","","","","","","","","","","","","","","","","","","","","","D4","8/29/2026 7:21:20 PM","ac1d01f0-9205-11f1-bca9-83b388c0a0a4","14cb2696-25b5-4415-8c72-896d5427f03b","D4","8/29/2026 7:21:48 PM"
"11","[""Yes""]","10","48","[""No""]","[""Yes""]","15","27","#716339","[""Brown""]","","dirt-like color. has a green mycelial chunk at the bottom. has brown flaky chunkiness","[""No""]","","","","","","","","","","","","","","","","","","","","","","","","","","","","","","","","C3","8/26/2026 2:55:00 PM","7621f7c0-9207-11f1-ba24-e7a1a5a09e42","14dedbfc-e98e-439b-a519-fd870a898d2d","C3","8/26/2026 2:55:15 PM"
"50","[""No""]","","50","[""No""]","[""No""]","","","","[]","","","[""No""]","","","","","","","","","","","","","","","","","","","","","","","","","","","","","","","","D2","8/26/2026 5:21:42 PM","415bd600-9207-11f1-8555-b77c5e5555d6","14ecb901-2754-40dc-879b-5e6d8f87b6e7","D2","8/26/2026 5:22:00 PM"
"8","[""Yes""]","","57","[""Yes""]","[""Yes""]","14","28","#8B9178","[""Green""]","","media but has dirt-like greenish chunks. putting it in freezer since it is a bit browner/yellower than the media tubes.","[""No""]","","","","","","","","","","","","","","","","","","","","","","","","","","","","","","","","A4","8/26/2026 12:32:51 PM","3a1d2be0-9208-11f1-9ae6-cbe624cafba5","159fbcb8-74fd-464e-82c3-8e84909d2659","A4","8/26/2026 12:32:56 PM"
"5","[""Yes""]","2","50","[""No""]","[""No""]","","","","[]","","","[""No""]","","","","","","","","","","","","","","","","","","","","","","","","","","","","","","","","D4","8/26/2026 6:08:11 PM","af959170-9206-11f1-b07c-23192f0e7dfa","15ce9c70-3487-413d-8bca-b7e5e8a2c8f8","D4","8/26/2026 6:08:33 PM"
"10","[""No""]","5","5","[""Yes""]","[""Yes""]","14","36","#8D4400","["" Orange""]","","orange color with sparse black, pencil-led-like specks. This tube a couple days ago had really intense red coloration, now the red droplets are mixed with the red exudates from the mold and contaminated tissue seems to be reduced. Red light seems to be decreasing red exudation in all tubes. orange color with sparse black, pencil-led-like specks.","[""No""]","","","","","","","","","","","","","","","","","","","","","","","","","","","","","","","","C2","8/26/2026 5:17:32 PM","54fc4000-9207-11f1-aadd-df4879ec2771","1601eea9-b9bb-4e3e-a0fb-a5a0fa346cb4","C2","8/26/2026 5:17:45 PM"
"40","[""No""]","0","40","[""No""]","[""No""]","","","","[]","","It looks way too diluted, maybe the moisture was condensing into the jar .","[""No""]","","","","","","","","","","","","","","","","","","","","","","","","","","","","","","","","A4","8/27/2026 12:26:11 PM","70c56600-9206-11f1-a57e-abc999418cec","16612723-863d-44fd-a558-2ce4d3e12914","A4","8/27/2026 12:26:14 PM"
"3","[""Yes""]","5","50","[""No""]","[""Yes""]","4","4","#66481B","[""Brown""]","","","[""No""]","","","","","","","","","","","","","","","","","","","","","","","","","","","","","","","","B1","8/26/2026 6:00:31 PM","16818790-9207-11f1-a488-057d0ae059c0","16793afd-7017-4108-b484-6c161b9fa91d","B1","8/26/2026 6:00:37 PM"
"10","[""Yes""]","8","52","[""Yes""]","[""Yes""]","14","19","#805B01","[""Amber""]","","a bit freckled/fizzy, but EXTREMELY clear and great liquid. beautiful orangish yellow color. butter-like amber/yellow color, very very clear liquid","[""No""]","","","","","","","","","","","","","","","","","","","","","","","","","","","","","","","","B1","8/26/2026 3:02:22 PM","72b6b940-9207-11f1-ba24-e7a1a5a09e42","168cc4c5-bbee-4583-93bd-8b8b5f2fda15","B1","8/26/2026 3:02:29 PM"
"46","[""No""]","2","42","[""Yes""]","[""Yes""]","12","12","#52401D","[""Yellow Brownish (cardboard)""]","Mycelial chunks (medium/large)","Only about 4mL produced today, but in the vial I collected exudates from yesterday and a previous day. Tan/green-ish dirt-like chunks in there. ","[""Yes""]","https://five.epicollect.net/api/media/mycoponics-porterfield?type=photo&format=entry_original&name=16d39dfa-4ad5-4640-9732-783f7ba0b7ba_1786111712.jpg&v=1786135104","https://five.epicollect.net/api/media/mycoponics-porterfield?type=photo&format=entry_original&name=16d39dfa-4ad5-4640-9732-783f7ba0b7ba_1786111739.jpg&v=1786135104","https://five.epicollect.net/api/media/mycoponics-porterfield?type=photo&format=entry_original&name=16d39dfa-4ad5-4640-9732-783f7ba0b7ba_1786111755.jpg&v=1786135104","https://five.epicollect.net/api/media/mycoponics-porterfield?type=photo&format=entry_original&name=16d39dfa-4ad5-4640-9732-783f7ba0b7ba_1786111773.jpg&v=1786135104","https://five.epicollect.net/api/media/mycoponics-porterfield?type=photo&format=entry_original&name=16d39dfa-4ad5-4640-9732-783f7ba0b7ba_1786111788.jpg&v=1786135104","https://five.epicollect.net/api/media/mycoponics-porterfield?type=photo&format=entry_original&name=16d39dfa-4ad5-4640-9732-783f7ba0b7ba_1786111806.jpg&v=1786135104","https://five.epicollect.net/api/media/mycoponics-porterfield?type=photo&format=entry_original&name=16d39dfa-4ad5-4640-9732-783f7ba0b7ba_1786111835.jpg&v=1786135104","https://five.epicollect.net/api/media/mycoponics-porterfield?type=photo&format=entry_original&name=16d39dfa-4ad5-4640-9732-783f7ba0b7ba_1786111865.jpg&v=1786135104","https://five.epicollect.net/api/media/mycoponics-porterfield?type=photo&format=entry_original&name=16d39dfa-4ad5-4640-9732-783f7ba0b7ba_1786111894.jpg&v=1786135104","https://five.epicollect.net/api/media/mycoponics-porterfield?type=photo&format=entry_original&name=16d39dfa-4ad5-4640-9732-783f7ba0b7ba_1786111920.jpg&v=1786135104","https://five.epicollect.net/api/media/mycoponics-porterfield?type=photo&format=entry_original&name=16d39dfa-4ad5-4640-9732-783f7ba0b7ba_1786111955.jpg&v=1786135104","","","","","","","","","","","","","","","","","","","","","A1","8/7/2026 2:14:12 PM","351d1278-fe80-48d4-99b7-5df11d522f8d","16d39dfa-4ad5-4640-9732-783f7ba0b7ba","A1","8/7/2026 8:38:24 PM"
"17","[""Yes""]","11","39","[""Yes""]","[""Yes""]","15","27","#8D782C","[""Yellow""]","","has small mycelia dots/chunks","[""Yes""]","","","","","","","","","","","","","","","","","","","","","","","","","","","","","","","","B2","8/29/2026 7:05:38 PM","104e6bf0-9206-11f1-9518-87ccf2fafc79","179399b7-15a2-437e-8174-be7cb78f8681","B2","8/29/2026 7:05:50 PM"
"20","[""No""]","8","12","[""No""]","[""No""]","","","","[]","","","[""Yes""]","https://five.epicollect.net/api/media/mycoponics-porterfield?type=photo&format=entry_original&name=17ca634c-c32f-4f88-a320-2312313b983b_1788752207.jpg&v=1788752220","https://five.epicollect.net/api/media/mycoponics-porterfield?type=photo&format=entry_original&name=17ca634c-c32f-4f88-a320-2312313b983b_1788752210.jpg&v=1788752220","https://five.epicollect.net/api/media/mycoponics-porterfield?type=photo&format=entry_original&name=17ca634c-c32f-4f88-a320-2312313b983b_1788752212.jpg&v=1788752220","","","","","","","","","","","","","","","","","","","","","","","","","","","","","A3","8/26/2026 6:16:02 PM","a6148de0-9206-11f1-b07c-23192f0e7dfa","17ca634c-c32f-4f88-a320-2312313b983b","A3","9/7/2026 3:37:00 AM"
"5","[""Yes""]","5","30","[""Yes""]","[""Yes""]","6.5","6.5","#514C11","[]","","","[""Yes""]","https://five.epicollect.net/api/media/mycoponics-porterfield?type=photo&format=entry_original&name=182d3044-a5a8-4675-8649-89e9eab4a739_1788751192.jpg&v=1788751293","https://five.epicollect.net/api/media/mycoponics-porterfield?type=photo&format=entry_original&name=182d3044-a5a8-4675-8649-89e9eab4a739_1788751196.jpg&v=1788751293","https://five.epicollect.net/api/media/mycoponics-porterfield?type=photo&format=entry_original&name=182d3044-a5a8-4675-8649-89e9eab4a739_1788751201.jpg&v=1788751293","https://five.epicollect.net/api/media/mycoponics-porterfield?type=photo&format=entry_original&name=182d3044-a5a8-4675-8649-89e9eab4a739_1788751205.jpg&v=1788751293","https://five.epicollect.net/api/media/mycoponics-porterfield?type=photo&format=entry_original&name=182d3044-a5a8-4675-8649-89e9eab4a739_1788751209.jpg&v=1788751293","https://five.epicollect.net/api/media/mycoponics-porterfield?type=photo&format=entry_original&name=182d3044-a5a8-4675-8649-89e9eab4a739_1788751215.jpg&v=1788751293","https://five.epicollect.net/api/media/mycoponics-porterfield?type=photo&format=entry_original&name=182d3044-a5a8-4675-8649-89e9eab4a739_1788751219.jpg&v=1788751293","https://five.epicollect.net/api/media/mycoponics-porterfield?type=photo&format=entry_original&name=182d3044-a5a8-4675-8649-89e9eab4a739_1788751223.jpg&v=1788751293","https://five.epicollect.net/api/media/mycoponics-porterfield?type=photo&format=entry_original&name=182d3044-a5a8-4675-8649-89e9eab4a739_1788751227.jpg&v=1788751293","https://five.epicollect.net/api/media/mycoponics-porterfield?type=photo&format=entry_original&name=182d3044-a5a8-4675-8649-89e9eab4a739_1788751231.jpg&v=1788751293","https://five.epicollect.net/api/media/mycoponics-porterfield?type=photo&format=entry_original&name=182d3044-a5a8-4675-8649-89e9eab4a739_1788751235.jpg&v=1788751293","https://five.epicollect.net/api/media/mycoponics-porterfield?type=photo&format=entry_original&name=182d3044-a5a8-4675-8649-89e9eab4a739_1788751239.jpg&v=1788751293","https://five.epicollect.net/api/media/mycoponics-porterfield?type=photo&format=entry_original&name=182d3044-a5a8-4675-8649-89e9eab4a739_1788751244.jpg&v=1788751293","https://five.epicollect.net/api/media/mycoponics-porterfield?type=photo&format=entry_original&name=182d3044-a5a8-4675-8649-89e9eab4a739_1788751251.jpg&v=1788751293","https://five.epicollect.net/api/media/mycoponics-porterfield?type=photo&format=entry_original&name=182d3044-a5a8-4675-8649-89e9eab4a739_1788751257.jpg&v=1788751293","https://five.epicollect.net/api/media/mycoponics-porterfield?type=photo&format=entry_original&name=182d3044-a5a8-4675-8649-89e9eab4a739_1788751264.jpg&v=1788751293","https://five.epicollect.net/api/media/mycoponics-porterfield?type=photo&format=entry_original&name=182d3044-a5a8-4675-8649-89e9eab4a739_1788751268.jpg&v=1788751293","https://five.epicollect.net/api/media/mycoponics-porterfield?type=photo&format=entry_original&name=182d3044-a5a8-4675-8649-89e9eab4a739_1788751280.jpg&v=1788751293","","","","","","","","","","","","","","D2","8/28/2026 3:25:09 AM","559b5ba0-9206-11f1-b91a-4736f6a951ba","182d3044-a5a8-4675-8649-89e9eab4a739","D2","9/7/2026 3:21:33 AM"
"9","[""Yes""]","6","49","[""Yes""]","[""Yes""]","11.5","16.5","#695b2a","[""Yellow""]","","Multiple (2-3) mycelial chunks medium-sized in there. Pale color. This one is the younger one that has a lot of stickiness/mycelial droppings at the bottom of the chamber, which are actually pretty big. Lots of mycelial fragments around in the liquid.","[""No""]","","","","","","","","","","","","","","","","","","","","","","","","","","","","","","","","C3","8/26/2026 5:14:40 PM","58fce0b0-9207-11f1-aadd-df4879ec2771","184b66ba-bc79-4b52-a1f6-39466e594112","C3","8/26/2026 5:14:53 PM"
"58","[""No""]","3","55","[""No""]","[""No""]","","","","[]","","","[""No""]","","","","","","","","","","","","","","","","","","","","","","","","","","","","","","","","A3","8/26/2026 6:04:58 PM","b3b1f780-9206-11f1-b07c-23192f0e7dfa","186f73af-2ac4-49c7-b1cc-c63143a6d86b","A3","8/26/2026 6:05:02 PM"
"12","[""No""]","2","10","[""No""]","[""No""]","","","","[""Clear""]","","media","[""No""]","","","","","","","","","","","","","","","","","","","","","","","","","","","","","","","","B4","8/28/2026 12:52:41 PM","212ef2a0-9206-11f1-9518-87ccf2fafc79","18b40e70-d3e9-4e82-9be9-3f12a3e9fb02","B4","8/28/2026 12:52:49 PM"
"45","[""No""]","5","40","[""No""]","[""No""]","","","","[""Clear""]","","Not enough to recollect","[""No""]","","","","","","","","","","","","","","","","","","","","","","","","","","","","","","","","B1","8/29/2026 9:27:43 PM","70c56600-9206-11f1-a57e-abc999418cec","18d4a564-bbac-4639-8746-92fb650a9a11","B1","8/29/2026 9:27:45 PM"
"43","[""Yes""]","7","36","[""Yes""]","[""Yes""]","14","18.5","#7D6D33","[""Yellow""]","Mixed dark specks (brown/black/grey)","2 small black leaf-shaped but sandpaper-textured ""chips"" at the bottom, sparsely distributed black/green fragmentation comes from it? or is near it ","[""No""]","","","","","","","","","","","","","","","","","","","","","","","","","","","","","","","","C3","8/9/2026 3:47:49 PM","ab4d77d5-a552-43b2-abfb-821172faf6ad","19391303-864d-4fc6-99c4-97e5a14d3d37","C3","8/9/2026 5:16:50 PM"
"17.5","[""No""]","0","16","[""Yes""]","[""Yes""]","13","46","#cf8214","["" Orange""]","","","[""Yes""]","https://five.epicollect.net/api/media/mycoponics-porterfield?type=photo&format=entry_original&name=199326f5-87a1-492d-b6f6-279d551f7f89_1788733715.jpg&v=1788733799","https://five.epicollect.net/api/media/mycoponics-porterfield?type=photo&format=entry_original&name=199326f5-87a1-492d-b6f6-279d551f7f89_1788733718.jpg&v=1788733799","https://five.epicollect.net/api/media/mycoponics-porterfield?type=photo&format=entry_original&name=199326f5-87a1-492d-b6f6-279d551f7f89_1788733721.jpg&v=1788733799","https://five.epicollect.net/api/media/mycoponics-porterfield?type=photo&format=entry_original&name=199326f5-87a1-492d-b6f6-279d551f7f89_1788733724.jpg&v=1788733799","https://five.epicollect.net/api/media/mycoponics-porterfield?type=photo&format=entry_original&name=199326f5-87a1-492d-b6f6-279d551f7f89_1788733728.jpg&v=1788733799","https://five.epicollect.net/api/media/mycoponics-porterfield?type=photo&format=entry_original&name=199326f5-87a1-492d-b6f6-279d551f7f89_1788733731.jpg&v=1788733799","https://five.epicollect.net/api/media/mycoponics-porterfield?type=photo&format=entry_original&name=199326f5-87a1-492d-b6f6-279d551f7f89_1788733735.jpg&v=1788733799","https://five.epicollect.net/api/media/mycoponics-porterfield?type=photo&format=entry_original&name=199326f5-87a1-492d-b6f6-279d551f7f89_1788733738.jpg&v=1788733799","https://five.epicollect.net/api/media/mycoponics-porterfield?type=photo&format=entry_original&name=199326f5-87a1-492d-b6f6-279d551f7f89_1788733741.jpg&v=1788733799","https://five.epicollect.net/api/media/mycoponics-porterfield?type=photo&format=entry_original&name=199326f5-87a1-492d-b6f6-279d551f7f89_1788733744.jpg&v=1788733799","https://five.epicollect.net/api/media/mycoponics-porterfield?type=photo&format=entry_original&name=199326f5-87a1-492d-b6f6-279d551f7f89_1788733747.jpg&v=1788733799","https://five.epicollect.net/api/media/mycoponics-porterfield?type=photo&format=entry_original&name=199326f5-87a1-492d-b6f6-279d551f7f89_1788733752.jpg&v=1788733799","https://five.epicollect.net/api/media/mycoponics-porterfield?type=photo&format=entry_original&name=199326f5-87a1-492d-b6f6-279d551f7f89_1788733756.jpg&v=1788733799","https://five.epicollect.net/api/media/mycoponics-porterfield?type=photo&format=entry_original&name=199326f5-87a1-492d-b6f6-279d551f7f89_1788733759.jpg&v=1788733799","https://five.epicollect.net/api/media/mycoponics-porterfield?type=photo&format=entry_original&name=199326f5-87a1-492d-b6f6-279d551f7f89_1788733762.jpg&v=1788733799","https://five.epicollect.net/api/media/mycoponics-porterfield?type=photo&format=entry_original&name=199326f5-87a1-492d-b6f6-279d551f7f89_1788733766.jpg&v=1788733799","https://five.epicollect.net/api/media/mycoponics-porterfield?type=photo&format=entry_original&name=199326f5-87a1-492d-b6f6-279d551f7f89_1788733769.jpg&v=1788733799","https://five.epicollect.net/api/media/mycoponics-porterfield?type=photo&format=entry_original&name=199326f5-87a1-492d-b6f6-279d551f7f89_1788733772.jpg&v=1788733799","https://five.epicollect.net/api/media/mycoponics-porterfield?type=photo&format=entry_original&name=199326f5-87a1-492d-b6f6-279d551f7f89_1788733775.jpg&v=1788733799","https://five.epicollect.net/api/media/mycoponics-porterfield?type=photo&format=entry_original&name=199326f5-87a1-492d-b6f6-279d551f7f89_1788733780.jpg&v=1788733799","https://five.epicollect.net/api/media/mycoponics-porterfield?type=photo&format=entry_original&name=199326f5-87a1-492d-b6f6-279d551f7f89_1788733783.jpg&v=1788733799","https://five.epicollect.net/api/media/mycoponics-porterfield?type=photo&format=entry_original&name=199326f5-87a1-492d-b6f6-279d551f7f89_1788733786.jpg&v=1788733799","https://five.epicollect.net/api/media/mycoponics-porterfield?type=photo&format=entry_original&name=199326f5-87a1-492d-b6f6-279d551f7f89_1788733789.jpg&v=1788733799","https://five.epicollect.net/api/media/mycoponics-porterfield?type=photo&format=entry_original&name=199326f5-87a1-492d-b6f6-279d551f7f89_1788733792.jpg&v=1788733799","https://five.epicollect.net/api/media/mycoponics-porterfield?type=photo&format=entry_original&name=199326f5-87a1-492d-b6f6-279d551f7f89_1788733794.jpg&v=1788733799","","","","","","","A2","8/29/2026 7:17:32 PM","c3bb9ba0-9205-11f1-9bf5-b15c7c68ff3f","199326f5-87a1-492d-b6f6-279d551f7f89","A2","9/6/2026 10:29:59 PM"
"13","[""Yes""]","9","40","[""Yes""]","[""No""]","","","","[""Green""]","","media","[""Yes""]","https://five.epicollect.net/api/media/mycoponics-porterfield?type=photo&format=entry_original&name=19953a7c-61c6-4649-905c-667f0b2d9130_1788735653.jpg&v=1788735693","https://five.epicollect.net/api/media/mycoponics-porterfield?type=photo&format=entry_original&name=19953a7c-61c6-4649-905c-667f0b2d9130_1788735657.jpg&v=1788735693","https://five.epicollect.net/api/media/mycoponics-porterfield?type=photo&format=entry_original&name=19953a7c-61c6-4649-905c-667f0b2d9130_1788735660.jpg&v=1788735693","https://five.epicollect.net/api/media/mycoponics-porterfield?type=photo&format=entry_original&name=19953a7c-61c6-4649-905c-667f0b2d9130_1788735663.jpg&v=1788735693","https://five.epicollect.net/api/media/mycoponics-porterfield?type=photo&format=entry_original&name=19953a7c-61c6-4649-905c-667f0b2d9130_1788735666.jpg&v=1788735693","https://five.epicollect.net/api/media/mycoponics-porterfield?type=photo&format=entry_original&name=19953a7c-61c6-4649-905c-667f0b2d9130_1788735668.jpg&v=1788735693","https://five.epicollect.net/api/media/mycoponics-porterfield?type=photo&format=entry_original&name=19953a7c-61c6-4649-905c-667f0b2d9130_1788735671.jpg&v=1788735693","https://five.epicollect.net/api/media/mycoponics-porterfield?type=photo&format=entry_original&name=19953a7c-61c6-4649-905c-667f0b2d9130_1788735673.jpg&v=1788735693","https://five.epicollect.net/api/media/mycoponics-porterfield?type=photo&format=entry_original&name=19953a7c-61c6-4649-905c-667f0b2d9130_1788735677.jpg&v=1788735693","https://five.epicollect.net/api/media/mycoponics-porterfield?type=photo&format=entry_original&name=19953a7c-61c6-4649-905c-667f0b2d9130_1788735680.jpg&v=1788735693","https://five.epicollect.net/api/media/mycoponics-porterfield?type=photo&format=entry_original&name=19953a7c-61c6-4649-905c-667f0b2d9130_1788735683.jpg&v=1788735693","https://five.epicollect.net/api/media/mycoponics-porterfield?type=photo&format=entry_original&name=19953a7c-61c6-4649-905c-667f0b2d9130_1788735686.jpg&v=1788735693","","","","","","","","","","","","","","","","","","","","C4","8/29/2026 7:17:32 PM","c3bb9ba0-9205-11f1-9bf5-b15c7c68ff3f","19953a7c-61c6-4649-905c-667f0b2d9130","C4","9/6/2026 11:01:33 PM"
"46","[""No""]","6","40","[""Yes""]","[""No""]","","","","[""Yellow""]","","Not enough to recollect","[""No""]","","","","","","","","","","","","","","","","","","","","","","","","","","","","","","","","B2","8/26/2026 6:18:45 PM","a1eeb1f0-9206-11f1-b07c-23192f0e7dfa","19dfc423-eaf7-4f14-a963-c5419ff5f886","B2","8/26/2026 6:18:52 PM"
"7","[""No""]","2","5","[""No""]","[""Yes""]","","","#997200","[""Green""]","","","[""No""]","","","","","","","","","","","","","","","","","","","","","","","","","","","","","","","","D4","8/26/2026 5:27:01 PM","309c1dc0-9207-11f1-9186-31d4e5d7aabc","1b613578-a7d8-4d7b-8cfc-05d156afdd05","D4","8/26/2026 5:27:22 PM"
"13","[""Yes""]","5","54","[""No""]","[""No""]","14","36","#664720","[""Amber""]","","","[""No""]","","","","","","","","","","","","","","","","","","","","","","","","","","","","","","","","B1","8/26/2026 1:20:01 AM","59ab7ac0-9208-11f1-bc48-c9fd0cd355af","1ba62e46-7088-4e95-8dc7-c5d5f3bdc9a1","B1","8/26/2026 1:20:07 AM"
"2","[""Yes""]","5","45","[""Yes""]","[""Yes""]","15","17","#7B6200","[]","","has mycelia","[""No""]","","","","","","","","","","","","","","","","","","","","","","","","","","","","","","","","B2","8/29/2026 7:07:31 PM","0c11aca0-9206-11f1-9518-87ccf2fafc79","1bbbff57-28b3-46b6-aa2c-ec26581faf03","B2","8/29/2026 7:07:42 PM"
"7","[""No""]","0","7","[""No""]","[""No""]","","","","[]","","not enough to recocllect. i left it in the bottom of the container.","[""No""]","","","","","","","","","","","","","","","","","","","","","","","","","","","","","","","","D4","8/26/2026 5:17:32 PM","54fc4000-9207-11f1-aadd-df4879ec2771","1cb6de9d-5d98-4a5f-8094-a1357ce64c12","D4","8/26/2026 5:17:52 PM"
"15","[""Yes""]","7","53","[""No""]","[""Yes""]","14","25","#816514","[""Amber""]","","Butter-like yellow, very clear liquid, extremely tiny graphite-like brown dots dispersed in liquid","[""No""]","","","","","","","","","","","","","","","","","","","","","","","","","","","","","","","","B2","8/26/2026 2:55:00 PM","7621f7c0-9207-11f1-ba24-e7a1a5a09e42","1cddda56-84ef-4f89-b334-5c4f3fdf9374","B2","8/26/2026 2:55:08 PM"
"12","[""Yes""]","12","48","[""Yes""]","[""Yes""]","14","54","#A17e2d","[""Amber""]","","clear, small dots, beautiful color and very clear","[""No""]","","","","","","","","","","","","","","","","","","","","","","","","","","","","","","","","B3","8/26/2026 1:52:33 AM","4901bb80-9208-11f1-9ae6-cbe624cafba5","1d01f2e0-3cfb-4964-b03b-f58c02af00ad","B3","8/26/2026 1:52:41 AM"
"4","[""Yes""]","6","51","[""Yes""]","[""Yes""]","5.5","5.5","#745E35","["" Orange""]","","very tiny tiny dispersed brown specks, but clear orange liquid","[""No""]","","","","","","","","","","","","","","","","","","","","","","","","","","","","","","","","C2","8/26/2026 4:07:05 PM","6e4c3330-9207-11f1-ba24-e7a1a5a09e42","1d75656d-a288-40dc-a6d4-75b6bb8f6d80","C2","8/26/2026 4:07:20 PM"
"8","[""Yes""]","8","50","[""No""]","[""Yes""]","12.5","21","#6D6750","[""Green""]","","green, clearly media but has many white mycelial chunky dots","[""No""]","","","","","","","","","","","","","","","","","","","","","","","","","","","","","","","","A4","8/26/2026 2:55:00 PM","7621f7c0-9207-11f1-ba24-e7a1a5a09e42","1d8de727-6c3a-4977-8e34-562ffe53adad","A4","8/26/2026 2:55:05 PM"
"26","[""No""]","-18","18","[""Yes""]","[""Yes""]","14","61","#826825","[""Yellow""]","","entirely opaque","[""No""]","","","","","","","","","","","","","","","","","","","","","","","","","","","","","","","","C4","8/26/2026 1:20:01 AM","59ab7ac0-9208-11f1-bc48-c9fd0cd355af","1ddb3edf-fb17-4e8e-a4e5-6c83600ec183","C4","8/26/2026 1:20:15 AM"
"12","[""Yes""]","7","53","[""Yes""]","[""Yes""]","14.2","45","","[]","","","[""No""]","","","","","","","","","","","","","","","","","","","","","","","","","","","","","","","","B1","8/8/2026 11:54:27 PM","59d95668-3574-4d73-87d2-398740f59516","1de09d63-6227-4957-a317-bbb83d56c75d","B1","8/9/2026 1:02:11 AM"
"12","[""No""]","2","10","[""Yes""]","[""Yes""]","14","18","","[""Green""]","","","[""Yes""]","https://five.epicollect.net/api/media/mycoponics-porterfield?type=photo&format=entry_original&name=1df721a6-12ed-403c-85aa-60085e9d3e28_1788714381.jpg&v=1788714482","https://five.epicollect.net/api/media/mycoponics-porterfield?type=photo&format=entry_original&name=1df721a6-12ed-403c-85aa-60085e9d3e28_1788714385.jpg&v=1788714482","https://five.epicollect.net/api/media/mycoponics-porterfield?type=photo&format=entry_original&name=1df721a6-12ed-403c-85aa-60085e9d3e28_1788714391.jpg&v=1788714482","https://five.epicollect.net/api/media/mycoponics-porterfield?type=photo&format=entry_original&name=1df721a6-12ed-403c-85aa-60085e9d3e28_1788714396.jpg&v=1788714482","https://five.epicollect.net/api/media/mycoponics-porterfield?type=photo&format=entry_original&name=1df721a6-12ed-403c-85aa-60085e9d3e28_1788714403.jpg&v=1788714482","https://five.epicollect.net/api/media/mycoponics-porterfield?type=photo&format=entry_original&name=1df721a6-12ed-403c-85aa-60085e9d3e28_1788714409.jpg&v=1788714482","https://five.epicollect.net/api/media/mycoponics-porterfield?type=photo&format=entry_original&name=1df721a6-12ed-403c-85aa-60085e9d3e28_1788714413.jpg&v=1788714482","https://five.epicollect.net/api/media/mycoponics-porterfield?type=photo&format=entry_original&name=1df721a6-12ed-403c-85aa-60085e9d3e28_1788714416.jpg&v=1788714482","https://five.epicollect.net/api/media/mycoponics-porterfield?type=photo&format=entry_original&name=1df721a6-12ed-403c-85aa-60085e9d3e28_1788714423.jpg&v=1788714482","https://five.epicollect.net/api/media/mycoponics-porterfield?type=photo&format=entry_original&name=1df721a6-12ed-403c-85aa-60085e9d3e28_1788714426.jpg&v=1788714482","https://five.epicollect.net/api/media/mycoponics-porterfield?type=photo&format=entry_original&name=1df721a6-12ed-403c-85aa-60085e9d3e28_1788714430.jpg&v=1788714482","https://five.epicollect.net/api/media/mycoponics-porterfield?type=photo&format=entry_original&name=1df721a6-12ed-403c-85aa-60085e9d3e28_1788714437.jpg&v=1788714482","https://five.epicollect.net/api/media/mycoponics-porterfield?type=photo&format=entry_original&name=1df721a6-12ed-403c-85aa-60085e9d3e28_1788714443.jpg&v=1788714482","https://five.epicollect.net/api/media/mycoponics-porterfield?type=photo&format=entry_original&name=1df721a6-12ed-403c-85aa-60085e9d3e28_1788714449.jpg&v=1788714482","https://five.epicollect.net/api/media/mycoponics-porterfield?type=photo&format=entry_original&name=1df721a6-12ed-403c-85aa-60085e9d3e28_1788714455.jpg&v=1788714482","","","","","","","","","","","","","","","","The branching structure at the side of the tube is now being covered by mycelium and is starting to exudate with golden coloration. In one side it seems that a sample was taken and some mold impregnated the tube, now this part is almost completely covered by mycelium.","C1","8/29/2026 7:27:41 PM","856cfc40-9205-11f1-bc95-0954c57f36fb","1df721a6-12ed-403c-85aa-60085e9d3e28","C1","9/6/2026 5:08:02 PM"
"34","[""No""]","11","23","[""Yes""]","[""Yes""]","13.5","19.5","#796634","[""Yellow""]","","","[""Yes""]","","","","","","","","","","","","","","","","","","","","","","","","","","","","","","","","D1","8/29/2026 7:09:34 PM","d76eca50-9205-11f1-ba5f-319f359841fc","1ee1d5a0-fab0-4d53-8748-6a8331811331","D1","8/29/2026 7:10:03 PM"
"","[""No""]","","60","[""No""]","[""No""]","","","","[]","","","[""Yes""]","https://five.epicollect.net/api/media/mycoponics-porterfield?type=photo&format=entry_original&name=1f888a4b-f81d-410d-9393-77e447751589_1788709865.jpg&v=1788709919","https://five.epicollect.net/api/media/mycoponics-porterfield?type=photo&format=entry_original&name=1f888a4b-f81d-410d-9393-77e447751589_1788709868.jpg&v=1788709919","https://five.epicollect.net/api/media/mycoponics-porterfield?type=photo&format=entry_original&name=1f888a4b-f81d-410d-9393-77e447751589_1788709871.jpg&v=1788709919","https://five.epicollect.net/api/media/mycoponics-porterfield?type=photo&format=entry_original&name=1f888a4b-f81d-410d-9393-77e447751589_1788709874.jpg&v=1788709919","https://five.epicollect.net/api/media/mycoponics-porterfield?type=photo&format=entry_original&name=1f888a4b-f81d-410d-9393-77e447751589_1788709877.jpg&v=1788709919","https://five.epicollect.net/api/media/mycoponics-porterfield?type=photo&format=entry_original&name=1f888a4b-f81d-410d-9393-77e447751589_1788709880.jpg&v=1788709919","https://five.epicollect.net/api/media/mycoponics-porterfield?type=photo&format=entry_original&name=1f888a4b-f81d-410d-9393-77e447751589_1788709883.jpg&v=1788709919","https://five.epicollect.net/api/media/mycoponics-porterfield?type=photo&format=entry_original&name=1f888a4b-f81d-410d-9393-77e447751589_1788709885.jpg&v=1788709919","https://five.epicollect.net/api/media/mycoponics-porterfield?type=photo&format=entry_original&name=1f888a4b-f81d-410d-9393-77e447751589_1788709888.jpg&v=1788709919","https://five.epicollect.net/api/media/mycoponics-porterfield?type=photo&format=entry_original&name=1f888a4b-f81d-410d-9393-77e447751589_1788709891.jpg&v=1788709919","https://five.epicollect.net/api/media/mycoponics-porterfield?type=photo&format=entry_original&name=1f888a4b-f81d-410d-9393-77e447751589_1788709893.jpg&v=1788709919","https://five.epicollect.net/api/media/mycoponics-porterfield?type=photo&format=entry_original&name=1f888a4b-f81d-410d-9393-77e447751589_1788709897.jpg&v=1788709919","https://five.epicollect.net/api/media/mycoponics-porterfield?type=photo&format=entry_original&name=1f888a4b-f81d-410d-9393-77e447751589_1788709899.jpg&v=1788709919","https://five.epicollect.net/api/media/mycoponics-porterfield?type=photo&format=entry_original&name=1f888a4b-f81d-410d-9393-77e447751589_1788709902.jpg&v=1788709919","https://five.epicollect.net/api/media/mycoponics-porterfield?type=photo&format=entry_original&name=1f888a4b-f81d-410d-9393-77e447751589_1788709906.jpg&v=1788709919","https://five.epicollect.net/api/media/mycoponics-porterfield?type=photo&format=entry_original&name=1f888a4b-f81d-410d-9393-77e447751589_1788709909.jpg&v=1788709919","","","","","","","","","","","","","","","","C1","8/29/2026 7:35:41 PM","196bdda0-9204-11f1-9262-61c43e67bcf5","1f888a4b-f81d-410d-9393-77e447751589","C1","9/6/2026 3:51:59 PM"
"3","[""Yes""]","20","33","[""Yes""]","[""No""]","","","","[""Green""]","","media","[""Yes""]","https://five.epicollect.net/api/media/mycoponics-porterfield?type=photo&format=entry_original&name=2037edbc-bedc-4b1d-926d-a30bc08a0c6b_1788749229.jpg&v=1788749345","https://five.epicollect.net/api/media/mycoponics-porterfield?type=photo&format=entry_original&name=2037edbc-bedc-4b1d-926d-a30bc08a0c6b_1788749234.jpg&v=1788749345","https://five.epicollect.net/api/media/mycoponics-porterfield?type=photo&format=entry_original&name=2037edbc-bedc-4b1d-926d-a30bc08a0c6b_1788749242.jpg&v=1788749345","https://five.epicollect.net/api/media/mycoponics-porterfield?type=photo&format=entry_original&name=2037edbc-bedc-4b1d-926d-a30bc08a0c6b_1788749248.jpg&v=1788749345","https://five.epicollect.net/api/media/mycoponics-porterfield?type=photo&format=entry_original&name=2037edbc-bedc-4b1d-926d-a30bc08a0c6b_1788749255.jpg&v=1788749345","https://five.epicollect.net/api/media/mycoponics-porterfield?type=photo&format=entry_original&name=2037edbc-bedc-4b1d-926d-a30bc08a0c6b_1788749261.jpg&v=1788749345","https://five.epicollect.net/api/media/mycoponics-porterfield?type=photo&format=entry_original&name=2037edbc-bedc-4b1d-926d-a30bc08a0c6b_1788749272.jpg&v=1788749345","https://five.epicollect.net/api/media/mycoponics-porterfield?type=photo&format=entry_original&name=2037edbc-bedc-4b1d-926d-a30bc08a0c6b_1788749277.jpg&v=1788749345","https://five.epicollect.net/api/media/mycoponics-porterfield?type=photo&format=entry_original&name=2037edbc-bedc-4b1d-926d-a30bc08a0c6b_1788749283.jpg&v=1788749345","https://five.epicollect.net/api/media/mycoponics-porterfield?type=photo&format=entry_original&name=2037edbc-bedc-4b1d-926d-a30bc08a0c6b_1788749290.jpg&v=1788749345","https://five.epicollect.net/api/media/mycoponics-porterfield?type=photo&format=entry_original&name=2037edbc-bedc-4b1d-926d-a30bc08a0c6b_1788749295.jpg&v=1788749345","https://five.epicollect.net/api/media/mycoponics-porterfield?type=photo&format=entry_original&name=2037edbc-bedc-4b1d-926d-a30bc08a0c6b_1788749300.jpg&v=1788749345","https://five.epicollect.net/api/media/mycoponics-porterfield?type=photo&format=entry_original&name=2037edbc-bedc-4b1d-926d-a30bc08a0c6b_1788749305.jpg&v=1788749345","https://five.epicollect.net/api/media/mycoponics-porterfield?type=photo&format=entry_original&name=2037edbc-bedc-4b1d-926d-a30bc08a0c6b_1788749310.jpg&v=1788749345","https://five.epicollect.net/api/media/mycoponics-porterfield?type=photo&format=entry_original&name=2037edbc-bedc-4b1d-926d-a30bc08a0c6b_1788749314.jpg&v=1788749345","https://five.epicollect.net/api/media/mycoponics-porterfield?type=photo&format=entry_original&name=2037edbc-bedc-4b1d-926d-a30bc08a0c6b_1788749319.jpg&v=1788749345","","","","","","","","","","","","","","","","A4","8/29/2026 7:05:38 PM","104e6bf0-9206-11f1-9518-87ccf2fafc79","2037edbc-bedc-4b1d-926d-a30bc08a0c6b","A4","9/7/2026 2:49:05 AM"
"31","[""No""]","-20","20","[""Yes""]","[""Yes""]","13","24","#8d5a15","["" Orange""]","","","[""No""]","","","","","","","","","","","","","","","","","","","","","","","","","","","","","","","","C2","8/26/2026 1:20:01 AM","59ab7ac0-9208-11f1-bc48-c9fd0cd355af","20a22394-8744-407d-ab84-7dd49c3ba645","C2","8/26/2026 1:20:13 AM"
"26","[""Yes""]","3","54","[""Yes""]","[""Yes""]","14","18.5","#b1974e","[""Amber""]","","Best exudate so far. Mostly the dripping is a very strong yellow color, and the exudates seem to be not contamminated, totally from fungal exudates! Doesn't have a strong smell. The fungi seems to have a lot of mass and exudophore structures.","[""Yes""]","https://five.epicollect.net/api/media/mycoponics-porterfield?type=photo&format=entry_original&name=20e06da9-f6e8-47aa-8902-287ae624dac0_1788712068.jpg&v=1788712118","https://five.epicollect.net/api/media/mycoponics-porterfield?type=photo&format=entry_original&name=20e06da9-f6e8-47aa-8902-287ae624dac0_1788712070.jpg&v=1788712118","https://five.epicollect.net/api/media/mycoponics-porterfield?type=photo&format=entry_original&name=20e06da9-f6e8-47aa-8902-287ae624dac0_1788712073.jpg&v=1788712118","https://five.epicollect.net/api/media/mycoponics-porterfield?type=photo&format=entry_original&name=20e06da9-f6e8-47aa-8902-287ae624dac0_1788712076.jpg&v=1788712118","https://five.epicollect.net/api/media/mycoponics-porterfield?type=photo&format=entry_original&name=20e06da9-f6e8-47aa-8902-287ae624dac0_1788712079.jpg&v=1788712118","https://five.epicollect.net/api/media/mycoponics-porterfield?type=photo&format=entry_original&name=20e06da9-f6e8-47aa-8902-287ae624dac0_1788712081.jpg&v=1788712118","https://five.epicollect.net/api/media/mycoponics-porterfield?type=photo&format=entry_original&name=20e06da9-f6e8-47aa-8902-287ae624dac0_1788712083.jpg&v=1788712118","https://five.epicollect.net/api/media/mycoponics-porterfield?type=photo&format=entry_original&name=20e06da9-f6e8-47aa-8902-287ae624dac0_1788712087.jpg&v=1788712118","https://five.epicollect.net/api/media/mycoponics-porterfield?type=photo&format=entry_original&name=20e06da9-f6e8-47aa-8902-287ae624dac0_1788712090.jpg&v=1788712118","https://five.epicollect.net/api/media/mycoponics-porterfield?type=photo&format=entry_original&name=20e06da9-f6e8-47aa-8902-287ae624dac0_1788712094.jpg&v=1788712118","https://five.epicollect.net/api/media/mycoponics-porterfield?type=photo&format=entry_original&name=20e06da9-f6e8-47aa-8902-287ae624dac0_1788712099.jpg&v=1788712118","https://five.epicollect.net/api/media/mycoponics-porterfield?type=photo&format=entry_original&name=20e06da9-f6e8-47aa-8902-287ae624dac0_1788712102.jpg&v=1788712118","https://five.epicollect.net/api/media/mycoponics-porterfield?type=photo&format=entry_original&name=20e06da9-f6e8-47aa-8902-287ae624dac0_1788712105.jpg&v=1788712118","https://five.epicollect.net/api/media/mycoponics-porterfield?type=photo&format=entry_original&name=20e06da9-f6e8-47aa-8902-287ae624dac0_1788712109.jpg&v=1788712118","https://five.epicollect.net/api/media/mycoponics-porterfield?type=photo&format=entry_original&name=20e06da9-f6e8-47aa-8902-287ae624dac0_1788712111.jpg&v=1788712118","https://five.epicollect.net/api/media/mycoponics-porterfield?type=photo&format=entry_original&name=20e06da9-f6e8-47aa-8902-287ae624dac0_1788712114.jpg&v=1788712118","","","","","","","","","","","","","","","Not contaminated, dripping is very yellow, almost an orange color, the structure is full of the dripping fuzzy mycelia. There are some branching structures that are starting to form at the top of the fungi.","D2","8/29/2026 7:34:06 PM","780c9ba0-9205-11f1-bc95-0954c57f36fb","20e06da9-f6e8-47aa-8902-287ae624dac0","D2","9/6/2026 4:28:38 PM"
"5","[""Yes""]","6","47","[""Yes""]","[""Yes""]","13.5","19.5","#554C09","[""Green""]","","media but has dirt-like greenish chunks. putting it in freezer since it is a bit browner/yellower than the media tubes.","[""No""]","","","","","","","","","","","","","","","","","","","","","","","","","","","","","","","","B4","8/26/2026 12:32:51 PM","3a1d2be0-9208-11f1-9ae6-cbe624cafba5","210eb628-3a1b-4bba-ad25-38ecabf66d6a","B4","8/26/2026 12:33:00 PM"
"38","[""No""]","8","30","[""Yes""]","[""Yes""]","7","7","#A49876","[""Yellow""]","","","[""No""]","","","","","","","","","","","","","","","","","","","","","","","","","","","","","","","","B3","8/27/2026 12:26:11 PM","70c56600-9206-11f1-a57e-abc999418cec","21703f89-4b73-428b-b871-f41e0775e168","B3","8/27/2026 12:26:18 PM"
"9","[""No""]","1","8","[""Yes""]","[""Yes""]","14","15","#7F5819","[""Amber""]","","","[""No""]","","","","","","","","","","","","","","","","","","","","","","","","","","","","","","","","C3","8/26/2026 4:41:09 PM","68feee40-9207-11f1-ba24-e7a1a5a09e42","22b7e857-6b91-4bd8-b882-dfe6e1494eb1","C3","8/26/2026 4:41:23 PM"
"20","[""Yes""]","7","38","[""Yes""]","[""Yes""]","14","20","#735600","[""Yellow""]","","brown-ish shreds very sparse all around the liquid.","[""No""]","","","","","","","","","","","","","","","","","","","","","","","","","","","","","","","","D2","8/26/2026 5:17:32 PM","54fc4000-9207-11f1-aadd-df4879ec2771","22c8a20c-56eb-40db-a2ab-0d457ebc0753","D2","8/26/2026 5:17:50 PM"
"44","[""No""]","4","38","[""Yes""]","[""Yes""]","8","8","#575c33","[""Green""]","","very clear","[""No""]","","","","","","","","","","","","","","","","","","","","","","","","","","","","","","","","C1","8/26/2026 2:52:48 PM","832ee130-9207-11f1-a0ac-03e2707c61cb","22d74c6d-53f8-44ae-9264-b3db03562937","C1","8/26/2026 2:53:01 PM"
"4","[""Yes""]","9","55","[""Yes""]","[""Yes""]","15","26","#8e7638","[""Amber""]","","","[""Yes""]","https://five.epicollect.net/api/media/mycoponics-porterfield?type=photo&format=entry_original&name=231470e7-b5d2-40f9-ab5f-289133dda315_1788735714.jpg&v=1788735734","https://five.epicollect.net/api/media/mycoponics-porterfield?type=photo&format=entry_original&name=231470e7-b5d2-40f9-ab5f-289133dda315_1788735719.jpg&v=1788735734","https://five.epicollect.net/api/media/mycoponics-porterfield?type=photo&format=entry_original&name=231470e7-b5d2-40f9-ab5f-289133dda315_1788735724.jpg&v=1788735734","https://five.epicollect.net/api/media/mycoponics-porterfield?type=photo&format=entry_original&name=231470e7-b5d2-40f9-ab5f-289133dda315_1788735728.jpg&v=1788735734","","","","","","","","","","","","","","","","","","","","","","","","","","","","D1","8/29/2026 7:17:32 PM","c3bb9ba0-9205-11f1-9bf5-b15c7c68ff3f","231470e7-b5d2-40f9-ab5f-289133dda315","D1","9/6/2026 11:02:14 PM"
"8","[""No""]","2","6","[""Yes""]","[""Yes""]","10.5","10.5","#4F3600","[""Green""]","","","[""No""]","","","","","","","","","","","","","","","","","","","","","","","","","","","","","","","","D1","8/26/2026 5:27:01 PM","309c1dc0-9207-11f1-9186-31d4e5d7aabc","234714d4-a656-41e3-a85d-9a18be66e182","D1","8/26/2026 5:27:18 PM"
"1","[""Yes""]","5","46","[""Yes""]","[""Yes""]","13","13","#9F841E","[""Yellow""]","","yellow viscous-clear liquid with again flaky tan specks (very sparse)","[""No""]","","","","","","","","","","","","","","","","","","","","","","","","","","","","","","","","B2","8/26/2026 1:44:53 AM","52680b20-9208-11f1-985c-f79deada967f","234d69df-9a0a-4dbe-80bf-67b2abfa6f34","B2","8/26/2026 1:45:00 AM"
"21","[""Yes""]","15","45","[""Yes""]","[""Yes""]","13.5","30.5","#5D3D2D","[""Red""]","","viscous, precipitate at bottom?","[""No""]","","","","","","","","","","","","","","","","","","","","","","","","","","","","","","","","A2","8/26/2026 1:52:33 AM","4901bb80-9208-11f1-9ae6-cbe624cafba5","2363907e-83cf-48ec-956e-dbf3ab1b73af","A2","8/26/2026 1:52:35 AM"
"8","[""Yes""]","15","37","[""Yes""]","[""Yes""]","25","34.5","#825d35","["" Orange""]","","2 vials 2 vials (I think we threw away one though)","[""Yes""]","https://five.epicollect.net/api/media/mycoponics-porterfield?type=photo&format=entry_original&name=23c1a521-726b-4c00-b79b-8dc1ff3d3a97_1788735162.jpg&v=1788735408","https://five.epicollect.net/api/media/mycoponics-porterfield?type=photo&format=entry_original&name=23c1a521-726b-4c00-b79b-8dc1ff3d3a97_1788735165.jpg&v=1788735408","https://five.epicollect.net/api/media/mycoponics-porterfield?type=photo&format=entry_original&name=23c1a521-726b-4c00-b79b-8dc1ff3d3a97_1788735196.jpg&v=1788735408","https://five.epicollect.net/api/media/mycoponics-porterfield?type=photo&format=entry_original&name=23c1a521-726b-4c00-b79b-8dc1ff3d3a97_1788735207.jpg&v=1788735408","https://five.epicollect.net/api/media/mycoponics-porterfield?type=photo&format=entry_original&name=23c1a521-726b-4c00-b79b-8dc1ff3d3a97_1788735210.jpg&v=1788735408","https://five.epicollect.net/api/media/mycoponics-porterfield?type=photo&format=entry_original&name=23c1a521-726b-4c00-b79b-8dc1ff3d3a97_1788735325.jpg&v=1788735408","https://five.epicollect.net/api/media/mycoponics-porterfield?type=photo&format=entry_original&name=23c1a521-726b-4c00-b79b-8dc1ff3d3a97_1788735329.jpg&v=1788735408","https://five.epicollect.net/api/media/mycoponics-porterfield?type=photo&format=entry_original&name=23c1a521-726b-4c00-b79b-8dc1ff3d3a97_1788735332.jpg&v=1788735408","https://five.epicollect.net/api/media/mycoponics-porterfield?type=photo&format=entry_original&name=23c1a521-726b-4c00-b79b-8dc1ff3d3a97_1788735335.jpg&v=1788735408","https://five.epicollect.net/api/media/mycoponics-porterfield?type=photo&format=entry_original&name=23c1a521-726b-4c00-b79b-8dc1ff3d3a97_1788735338.jpg&v=1788735408","https://five.epicollect.net/api/media/mycoponics-porterfield?type=photo&format=entry_original&name=23c1a521-726b-4c00-b79b-8dc1ff3d3a97_1788735341.jpg&v=1788735408","https://five.epicollect.net/api/media/mycoponics-porterfield?type=photo&format=entry_original&name=23c1a521-726b-4c00-b79b-8dc1ff3d3a97_1788735344.jpg&v=1788735408","https://five.epicollect.net/api/media/mycoponics-porterfield?type=photo&format=entry_original&name=23c1a521-726b-4c00-b79b-8dc1ff3d3a97_1788735347.jpg&v=1788735408","https://five.epicollect.net/api/media/mycoponics-porterfield?type=photo&format=entry_original&name=23c1a521-726b-4c00-b79b-8dc1ff3d3a97_1788735350.jpg&v=1788735408","https://five.epicollect.net/api/media/mycoponics-porterfield?type=photo&format=entry_original&name=23c1a521-726b-4c00-b79b-8dc1ff3d3a97_1788735353.jpg&v=1788735408","https://five.epicollect.net/api/media/mycoponics-porterfield?type=photo&format=entry_original&name=23c1a521-726b-4c00-b79b-8dc1ff3d3a97_1788735363.jpg&v=1788735408","https://five.epicollect.net/api/media/mycoponics-porterfield?type=photo&format=entry_original&name=23c1a521-726b-4c00-b79b-8dc1ff3d3a97_1788735366.jpg&v=1788735408","https://five.epicollect.net/api/media/mycoponics-porterfield?type=photo&format=entry_original&name=23c1a521-726b-4c00-b79b-8dc1ff3d3a97_1788735369.jpg&v=1788735408","https://five.epicollect.net/api/media/mycoponics-porterfield?type=photo&format=entry_original&name=23c1a521-726b-4c00-b79b-8dc1ff3d3a97_1788735371.jpg&v=1788735408","https://five.epicollect.net/api/media/mycoponics-porterfield?type=photo&format=entry_original&name=23c1a521-726b-4c00-b79b-8dc1ff3d3a97_1788735374.jpg&v=1788735408","https://five.epicollect.net/api/media/mycoponics-porterfield?type=photo&format=entry_original&name=23c1a521-726b-4c00-b79b-8dc1ff3d3a97_1788735377.jpg&v=1788735408","https://five.epicollect.net/api/media/mycoponics-porterfield?type=photo&format=entry_original&name=23c1a521-726b-4c00-b79b-8dc1ff3d3a97_1788735380.jpg&v=1788735408","https://five.epicollect.net/api/media/mycoponics-porterfield?type=photo&format=entry_original&name=23c1a521-726b-4c00-b79b-8dc1ff3d3a97_1788735384.jpg&v=1788735408","https://five.epicollect.net/api/media/mycoponics-porterfield?type=photo&format=entry_original&name=23c1a521-726b-4c00-b79b-8dc1ff3d3a97_1788735387.jpg&v=1788735408","https://five.epicollect.net/api/media/mycoponics-porterfield?type=photo&format=entry_original&name=23c1a521-726b-4c00-b79b-8dc1ff3d3a97_1788735391.jpg&v=1788735408","https://five.epicollect.net/api/media/mycoponics-porterfield?type=photo&format=entry_original&name=23c1a521-726b-4c00-b79b-8dc1ff3d3a97_1788735394.jpg&v=1788735408","https://five.epicollect.net/api/media/mycoponics-porterfield?type=photo&format=entry_original&name=23c1a521-726b-4c00-b79b-8dc1ff3d3a97_1788735397.jpg&v=1788735408","https://five.epicollect.net/api/media/mycoponics-porterfield?type=photo&format=entry_original&name=23c1a521-726b-4c00-b79b-8dc1ff3d3a97_1788735400.jpg&v=1788735408","https://five.epicollect.net/api/media/mycoponics-porterfield?type=photo&format=entry_original&name=23c1a521-726b-4c00-b79b-8dc1ff3d3a97_1788735402.jpg&v=1788735408","","Media notes: no burp, old media smelled bad when i replaced it.","C2","8/29/2026 7:17:32 PM","c3bb9ba0-9205-11f1-9bf5-b15c7c68ff3f","23c1a521-726b-4c00-b79b-8dc1ff3d3a97","C2","9/6/2026 10:56:48 PM"
"35","[""No""]","3","32","[""No""]","[""No""]","","","","[""Clear""]","","The humidity has been really low on these chambers, thus the exudate production has decrease a lot, to the point to not produce anything a day.","[""No""]","","","","","","","","","","","","","","","","","","","","","","","","","","","","","","","Contamination: None.","C3","8/28/2026 12:49:19 PM","42238840-9206-11f1-b91a-4736f6a951ba","243924a4-18d3-4c24-8eec-570d1d037e21","C3","8/28/2026 12:49:31 PM"
"0","[""Yes""]","0","60","[""Yes""]","[""Yes""]","6.6","6.6","","[""Clear""]","","Not a lot of exudates, and very diluted, but we still collected it.","[""Yes""]","https://five.epicollect.net/api/media/mycoponics-porterfield?type=photo&format=entry_original&name=2484c8a0-91eb-11f1-bdff-3dea7edc8549_1786057583.jpg&v=1788708503","https://five.epicollect.net/api/media/mycoponics-porterfield?type=photo&format=entry_original&name=2484c8a0-91eb-11f1-bdff-3dea7edc8549_1786057590.jpg&v=1788708503","https://five.epicollect.net/api/media/mycoponics-porterfield?type=photo&format=entry_original&name=2484c8a0-91eb-11f1-bdff-3dea7edc8549_1786057596.jpg&v=1788708503","https://five.epicollect.net/api/media/mycoponics-porterfield?type=photo&format=entry_original&name=2484c8a0-91eb-11f1-bdff-3dea7edc8549_1786057600.jpg&v=1788708503","https://five.epicollect.net/api/media/mycoponics-porterfield?type=photo&format=entry_original&name=2484c8a0-91eb-11f1-bdff-3dea7edc8549_1786057606.jpg&v=1788708503","https://five.epicollect.net/api/media/mycoponics-porterfield?type=photo&format=entry_original&name=2484c8a0-91eb-11f1-bdff-3dea7edc8549_1786057611.jpg&v=1788708503","https://five.epicollect.net/api/media/mycoponics-porterfield?type=photo&format=entry_original&name=2484c8a0-91eb-11f1-bdff-3dea7edc8549_1786057616.jpg&v=1788708503","","","","","","","","","","","","","","","","","","","","","","","","Foggy-like humidity all around the jar (everywhere!!). Three branching structures that developed previously are present. These structures are now being covered by fuzzy tissue. Confirmed contamination","B2","8/6/2026 11:04:14 PM","5812f280-91de-11f1-bdff-3dea7edc8549","2484c8a0-91eb-11f1-bdff-3dea7edc8549","B2","9/6/2026 3:28:23 PM"
"21","[""No""]","5","16","[""Yes""]","[""Yes""]","13.5","30","#70581b","[""Amber""]","","viscous, amber","[""No""]","","","","","","","","","","","","","","","","","","","","","","","","","","","","","","","","D3","8/26/2026 1:52:33 AM","4901bb80-9208-11f1-9ae6-cbe624cafba5","25403c81-a767-47dc-a9e6-c15ca55d72d0","D3","8/26/2026 1:52:51 AM"
"48","[""No""]","11","37","[""Yes""]","[""Yes""]","14","19.5","#d4ba8b","[""Amber""]","","Diluted orange- still kinda orange, but the humidity is diluting these exudates. It has a kinda new area of dripping exudates, like from the very tippy top, it's orangish!","[""Yes""]","https://five.epicollect.net/api/media/mycoponics-porterfield?type=photo&format=entry_original&name=256cdfaf-b3aa-4efd-b604-4c6eabfe38af_1788712338.jpg&v=1788712362","https://five.epicollect.net/api/media/mycoponics-porterfield?type=photo&format=entry_original&name=256cdfaf-b3aa-4efd-b604-4c6eabfe38af_1788712340.jpg&v=1788712362","https://five.epicollect.net/api/media/mycoponics-porterfield?type=photo&format=entry_original&name=256cdfaf-b3aa-4efd-b604-4c6eabfe38af_1788712342.jpg&v=1788712362","https://five.epicollect.net/api/media/mycoponics-porterfield?type=photo&format=entry_original&name=256cdfaf-b3aa-4efd-b604-4c6eabfe38af_1788712345.jpg&v=1788712362","https://five.epicollect.net/api/media/mycoponics-porterfield?type=photo&format=entry_original&name=256cdfaf-b3aa-4efd-b604-4c6eabfe38af_1788712347.jpg&v=1788712362","https://five.epicollect.net/api/media/mycoponics-porterfield?type=photo&format=entry_original&name=256cdfaf-b3aa-4efd-b604-4c6eabfe38af_1788712350.jpg&v=1788712362","https://five.epicollect.net/api/media/mycoponics-porterfield?type=photo&format=entry_original&name=256cdfaf-b3aa-4efd-b604-4c6eabfe38af_1788712351.jpg&v=1788712362","https://five.epicollect.net/api/media/mycoponics-porterfield?type=photo&format=entry_original&name=256cdfaf-b3aa-4efd-b604-4c6eabfe38af_1788712354.jpg&v=1788712362","https://five.epicollect.net/api/media/mycoponics-porterfield?type=photo&format=entry_original&name=256cdfaf-b3aa-4efd-b604-4c6eabfe38af_1788712356.jpg&v=1788712362","https://five.epicollect.net/api/media/mycoponics-porterfield?type=photo&format=entry_original&name=256cdfaf-b3aa-4efd-b604-4c6eabfe38af_1788712358.jpg&v=1788712362","","","","","","","","","","","","","","","","","","","","","Very very foggy- hard to see anything, not really sized droplets, just very humid and foggy. Because it is so foggy, it is hard to have good notes. However, it is clear from the bottom that there are some ridges in the structure, looking like a snowy mountain from below. It seems like there are less exudates that are localized at the bottom than before, but it could just be because it's hard to see. It seems that there are red/yellow exudates ON the contamination. The contamination is not just in sections, but it is also in between the sections- there are black spots like ""acne"" around the fungus on its sides. Contamination: Confirmed. Colonization: Fully colonized (over 90%). Surface density: Very dense/overgrown/3D structures. Edge activity: Minimal edge growth. Exudophore formation: Visible localized exudates. Exudate localization: Dripping downward. Localization density: moderate.","A2","8/29/2026 9:03:36 PM","7e15b680-9205-11f1-bc95-0954c57f36fb","256cdfaf-b3aa-4efd-b604-4c6eabfe38af","A2","9/6/2026 4:32:42 PM"
"14","[""Yes""]","13","36","[""Yes""]","[""Yes""]","13","49","","["" Orange""]","","Lots of exudates. some stickiness/bubbles around the wire that i couldnt collect.","[""Yes""]","https://five.epicollect.net/api/media/mycoponics-porterfield?type=photo&format=entry_original&name=2575c7ad-b836-4f95-a93e-083f167ac818_1788721194.jpg&v=1788721506","https://five.epicollect.net/api/media/mycoponics-porterfield?type=photo&format=entry_original&name=2575c7ad-b836-4f95-a93e-083f167ac818_1788721202.jpg&v=1788721506","https://five.epicollect.net/api/media/mycoponics-porterfield?type=photo&format=entry_original&name=2575c7ad-b836-4f95-a93e-083f167ac818_1788721211.jpg&v=1788721506","https://five.epicollect.net/api/media/mycoponics-porterfield?type=photo&format=entry_original&name=2575c7ad-b836-4f95-a93e-083f167ac818_1788721217.jpg&v=1788721506","https://five.epicollect.net/api/media/mycoponics-porterfield?type=photo&format=entry_original&name=2575c7ad-b836-4f95-a93e-083f167ac818_1788721220.jpg&v=1788721506","https://five.epicollect.net/api/media/mycoponics-porterfield?type=photo&format=entry_original&name=2575c7ad-b836-4f95-a93e-083f167ac818_1788721224.jpg&v=1788721506","https://five.epicollect.net/api/media/mycoponics-porterfield?type=photo&format=entry_original&name=2575c7ad-b836-4f95-a93e-083f167ac818_1788721227.jpg&v=1788721506","https://five.epicollect.net/api/media/mycoponics-porterfield?type=photo&format=entry_original&name=2575c7ad-b836-4f95-a93e-083f167ac818_1788721229.jpg&v=1788721506","https://five.epicollect.net/api/media/mycoponics-porterfield?type=photo&format=entry_original&name=2575c7ad-b836-4f95-a93e-083f167ac818_1788721232.jpg&v=1788721506","https://five.epicollect.net/api/media/mycoponics-porterfield?type=photo&format=entry_original&name=2575c7ad-b836-4f95-a93e-083f167ac818_1788721234.jpg&v=1788721506","https://five.epicollect.net/api/media/mycoponics-porterfield?type=photo&format=entry_original&name=2575c7ad-b836-4f95-a93e-083f167ac818_1788721238.jpg&v=1788721506","https://five.epicollect.net/api/media/mycoponics-porterfield?type=photo&format=entry_original&name=2575c7ad-b836-4f95-a93e-083f167ac818_1788721241.jpg&v=1788721506","https://five.epicollect.net/api/media/mycoponics-porterfield?type=photo&format=entry_original&name=2575c7ad-b836-4f95-a93e-083f167ac818_1788721244.jpg&v=1788721506","https://five.epicollect.net/api/media/mycoponics-porterfield?type=photo&format=entry_original&name=2575c7ad-b836-4f95-a93e-083f167ac818_1788721246.jpg&v=1788721506","https://five.epicollect.net/api/media/mycoponics-porterfield?type=photo&format=entry_original&name=2575c7ad-b836-4f95-a93e-083f167ac818_1788721255.jpg&v=1788721506","https://five.epicollect.net/api/media/mycoponics-porterfield?type=photo&format=entry_original&name=2575c7ad-b836-4f95-a93e-083f167ac818_1788721258.jpg&v=1788721506","https://five.epicollect.net/api/media/mycoponics-porterfield?type=photo&format=entry_original&name=2575c7ad-b836-4f95-a93e-083f167ac818_1788721261.jpg&v=1788721506","https://five.epicollect.net/api/media/mycoponics-porterfield?type=photo&format=entry_original&name=2575c7ad-b836-4f95-a93e-083f167ac818_1788721266.jpg&v=1788721506","https://five.epicollect.net/api/media/mycoponics-porterfield?type=photo&format=entry_original&name=2575c7ad-b836-4f95-a93e-083f167ac818_1788721269.jpg&v=1788721506","https://five.epicollect.net/api/media/mycoponics-porterfield?type=photo&format=entry_original&name=2575c7ad-b836-4f95-a93e-083f167ac818_1788721272.jpg&v=1788721506","https://five.epicollect.net/api/media/mycoponics-porterfield?type=photo&format=entry_original&name=2575c7ad-b836-4f95-a93e-083f167ac818_1788721279.jpg&v=1788721506","https://five.epicollect.net/api/media/mycoponics-porterfield?type=photo&format=entry_original&name=2575c7ad-b836-4f95-a93e-083f167ac818_1788721282.jpg&v=1788721506","https://five.epicollect.net/api/media/mycoponics-porterfield?type=photo&format=entry_original&name=2575c7ad-b836-4f95-a93e-083f167ac818_1788721284.jpg&v=1788721506","https://five.epicollect.net/api/media/mycoponics-porterfield?type=photo&format=entry_original&name=2575c7ad-b836-4f95-a93e-083f167ac818_1788721286.jpg&v=1788721506","https://five.epicollect.net/api/media/mycoponics-porterfield?type=photo&format=entry_original&name=2575c7ad-b836-4f95-a93e-083f167ac818_1788721319.jpg&v=1788721506","https://five.epicollect.net/api/media/mycoponics-porterfield?type=photo&format=entry_original&name=2575c7ad-b836-4f95-a93e-083f167ac818_1788721332.jpg&v=1788721506","https://five.epicollect.net/api/media/mycoponics-porterfield?type=photo&format=entry_original&name=2575c7ad-b836-4f95-a93e-083f167ac818_1788721343.jpg&v=1788721506","https://five.epicollect.net/api/media/mycoponics-porterfield?type=photo&format=entry_original&name=2575c7ad-b836-4f95-a93e-083f167ac818_1788721347.jpg&v=1788721506","https://five.epicollect.net/api/media/mycoponics-porterfield?type=photo&format=entry_original&name=2575c7ad-b836-4f95-a93e-083f167ac818_1788721350.jpg&v=1788721506","https://five.epicollect.net/api/media/mycoponics-porterfield?type=photo&format=entry_original&name=2575c7ad-b836-4f95-a93e-083f167ac818_1788721357.jpg&v=1788721506","","A2","8/29/2026 7:21:20 PM","ac1d01f0-9205-11f1-bca9-83b388c0a0a4","2575c7ad-b836-4f95-a93e-083f167ac818","A2","9/6/2026 7:05:06 PM"
"0","[""Yes""]","5","50","[""Yes""]","[""Yes""]","7","7","#AA8729","[""Yellow""]","","","[""Yes""]","https://five.epicollect.net/api/media/mycoponics-porterfield?type=photo&format=entry_original&name=25a8a5da-1e3e-45d4-9df0-112fe77ec289_1788752343.jpg&v=1788752353","https://five.epicollect.net/api/media/mycoponics-porterfield?type=photo&format=entry_original&name=25a8a5da-1e3e-45d4-9df0-112fe77ec289_1788752346.jpg&v=1788752353","https://five.epicollect.net/api/media/mycoponics-porterfield?type=photo&format=entry_original&name=25a8a5da-1e3e-45d4-9df0-112fe77ec289_1788752347.jpg&v=1788752353","","","","","","","","","","","","","","","","","","","","","","","","","","","","","B4","8/26/2026 6:16:02 PM","a6148de0-9206-11f1-b07c-23192f0e7dfa","25a8a5da-1e3e-45d4-9df0-112fe77ec289","B4","9/7/2026 3:39:13 AM"
"4","[""Yes""]","6","52","[""Yes""]","[""Yes""]","13.5","38.5","#908023","[""Yellow""]","","","[""Yes""]","https://five.epicollect.net/api/media/mycoponics-porterfield?type=photo&format=entry_original&name=25b15b9c-cc98-4c1e-99fd-3b68702f1ee0_1788043510.jpg&v=1788043595","https://five.epicollect.net/api/media/mycoponics-porterfield?type=photo&format=entry_original&name=25b15b9c-cc98-4c1e-99fd-3b68702f1ee0_1788043513.jpg&v=1788043595","https://five.epicollect.net/api/media/mycoponics-porterfield?type=photo&format=entry_original&name=25b15b9c-cc98-4c1e-99fd-3b68702f1ee0_1788043516.jpg&v=1788043595","https://five.epicollect.net/api/media/mycoponics-porterfield?type=photo&format=entry_original&name=25b15b9c-cc98-4c1e-99fd-3b68702f1ee0_1788043518.jpg&v=1788043595","https://five.epicollect.net/api/media/mycoponics-porterfield?type=photo&format=entry_original&name=25b15b9c-cc98-4c1e-99fd-3b68702f1ee0_1788043521.jpg&v=1788043595","https://five.epicollect.net/api/media/mycoponics-porterfield?type=photo&format=entry_original&name=25b15b9c-cc98-4c1e-99fd-3b68702f1ee0_1788043523.jpg&v=1788043595","https://five.epicollect.net/api/media/mycoponics-porterfield?type=photo&format=entry_original&name=25b15b9c-cc98-4c1e-99fd-3b68702f1ee0_1788043526.jpg&v=1788043595","https://five.epicollect.net/api/media/mycoponics-porterfield?type=photo&format=entry_original&name=25b15b9c-cc98-4c1e-99fd-3b68702f1ee0_1788043528.jpg&v=1788043595","https://five.epicollect.net/api/media/mycoponics-porterfield?type=photo&format=entry_original&name=25b15b9c-cc98-4c1e-99fd-3b68702f1ee0_1788043530.jpg&v=1788043595","https://five.epicollect.net/api/media/mycoponics-porterfield?type=photo&format=entry_original&name=25b15b9c-cc98-4c1e-99fd-3b68702f1ee0_1788043533.jpg&v=1788043595","https://five.epicollect.net/api/media/mycoponics-porterfield?type=photo&format=entry_original&name=25b15b9c-cc98-4c1e-99fd-3b68702f1ee0_1788043537.jpg&v=1788043595","https://five.epicollect.net/api/media/mycoponics-porterfield?type=photo&format=entry_original&name=25b15b9c-cc98-4c1e-99fd-3b68702f1ee0_1788043539.jpg&v=1788043595","https://five.epicollect.net/api/media/mycoponics-porterfield?type=photo&format=entry_original&name=25b15b9c-cc98-4c1e-99fd-3b68702f1ee0_1788043542.jpg&v=1788043595","https://five.epicollect.net/api/media/mycoponics-porterfield?type=photo&format=entry_original&name=25b15b9c-cc98-4c1e-99fd-3b68702f1ee0_1788043545.jpg&v=1788043595","https://five.epicollect.net/api/media/mycoponics-porterfield?type=photo&format=entry_original&name=25b15b9c-cc98-4c1e-99fd-3b68702f1ee0_1788043548.jpg&v=1788043595","https://five.epicollect.net/api/media/mycoponics-porterfield?type=photo&format=entry_original&name=25b15b9c-cc98-4c1e-99fd-3b68702f1ee0_1788043552.jpg&v=1788043595","https://five.epicollect.net/api/media/mycoponics-porterfield?type=photo&format=entry_original&name=25b15b9c-cc98-4c1e-99fd-3b68702f1ee0_1788043555.jpg&v=1788043595","https://five.epicollect.net/api/media/mycoponics-porterfield?type=photo&format=entry_original&name=25b15b9c-cc98-4c1e-99fd-3b68702f1ee0_1788043558.jpg&v=1788043595","https://five.epicollect.net/api/media/mycoponics-porterfield?type=photo&format=entry_original&name=25b15b9c-cc98-4c1e-99fd-3b68702f1ee0_1788043562.jpg&v=1788043595","https://five.epicollect.net/api/media/mycoponics-porterfield?type=photo&format=entry_original&name=25b15b9c-cc98-4c1e-99fd-3b68702f1ee0_1788043565.jpg&v=1788043595","https://five.epicollect.net/api/media/mycoponics-porterfield?type=photo&format=entry_original&name=25b15b9c-cc98-4c1e-99fd-3b68702f1ee0_1788043569.jpg&v=1788043595","https://five.epicollect.net/api/media/mycoponics-porterfield?type=photo&format=entry_original&name=25b15b9c-cc98-4c1e-99fd-3b68702f1ee0_1788043573.jpg&v=1788043595","https://five.epicollect.net/api/media/mycoponics-porterfield?type=photo&format=entry_original&name=25b15b9c-cc98-4c1e-99fd-3b68702f1ee0_1788043576.jpg&v=1788043595","https://five.epicollect.net/api/media/mycoponics-porterfield?type=photo&format=entry_original&name=25b15b9c-cc98-4c1e-99fd-3b68702f1ee0_1788043580.jpg&v=1788043595","https://five.epicollect.net/api/media/mycoponics-porterfield?type=photo&format=entry_original&name=25b15b9c-cc98-4c1e-99fd-3b68702f1ee0_1788043583.jpg&v=1788043595","https://five.epicollect.net/api/media/mycoponics-porterfield?type=photo&format=entry_original&name=25b15b9c-cc98-4c1e-99fd-3b68702f1ee0_1788043586.jpg&v=1788043595","https://five.epicollect.net/api/media/mycoponics-porterfield?type=photo&format=entry_original&name=25b15b9c-cc98-4c1e-99fd-3b68702f1ee0_1788043589.jpg&v=1788043595","","","","","C1","8/26/2026 2:33:03 PM","992fd070-9207-11f1-b651-5d6fce51deb5","25b15b9c-cc98-4c1e-99fd-3b68702f1ee0","C1","8/29/2026 10:46:35 PM"
"45","[""No""]","8","22","[""Yes""]","[""Yes""]","14","27","","[""Green""]","","Exudate produced bubbles when added to the connical tube. No media leaking is visible. 2 days ago had media over the gas filter.","[""Yes""]","https://five.epicollect.net/api/media/mycoponics-porterfield?type=photo&format=entry_original&name=264e57da-8769-440c-9375-12b203cf5013_1788713024.jpg&v=1788713148","https://five.epicollect.net/api/media/mycoponics-porterfield?type=photo&format=entry_original&name=264e57da-8769-440c-9375-12b203cf5013_1788713034.jpg&v=1788713148","https://five.epicollect.net/api/media/mycoponics-porterfield?type=photo&format=entry_original&name=264e57da-8769-440c-9375-12b203cf5013_1788713041.jpg&v=1788713148","https://five.epicollect.net/api/media/mycoponics-porterfield?type=photo&format=entry_original&name=264e57da-8769-440c-9375-12b203cf5013_1788713048.jpg&v=1788713148","https://five.epicollect.net/api/media/mycoponics-porterfield?type=photo&format=entry_original&name=264e57da-8769-440c-9375-12b203cf5013_1788713061.jpg&v=1788713148","https://five.epicollect.net/api/media/mycoponics-porterfield?type=photo&format=entry_original&name=264e57da-8769-440c-9375-12b203cf5013_1788713070.jpg&v=1788713148","https://five.epicollect.net/api/media/mycoponics-porterfield?type=photo&format=entry_original&name=264e57da-8769-440c-9375-12b203cf5013_1788713103.jpg&v=1788713148","https://five.epicollect.net/api/media/mycoponics-porterfield?type=photo&format=entry_original&name=264e57da-8769-440c-9375-12b203cf5013_1788713111.jpg&v=1788713148","https://five.epicollect.net/api/media/mycoponics-porterfield?type=photo&format=entry_original&name=264e57da-8769-440c-9375-12b203cf5013_1788713121.jpg&v=1788713148","https://five.epicollect.net/api/media/mycoponics-porterfield?type=photo&format=entry_original&name=264e57da-8769-440c-9375-12b203cf5013_1788713130.jpg&v=1788713148","https://five.epicollect.net/api/media/mycoponics-porterfield?type=photo&format=entry_original&name=264e57da-8769-440c-9375-12b203cf5013_1788713133.jpg&v=1788713148","https://five.epicollect.net/api/media/mycoponics-porterfield?type=photo&format=entry_original&name=264e57da-8769-440c-9375-12b203cf5013_1788713138.jpg&v=1788713148","","","","","","","","","","","","","","","","","","","","D1","8/29/2026 7:29:41 PM","7e15b680-9205-11f1-bc95-0954c57f36fb","264e57da-8769-440c-9375-12b203cf5013","D1","9/6/2026 4:45:48 PM"
"18.6","[""No""]","0","18.6","[""Yes""]","[""No""]","","","","[""Yellow""]","","too little to collect, left in syringe","[""No""]","","","","","","","","","","","","","","","","","","","","","","","","","","","","","","","","A3","8/26/2026 5:24:48 PM","3cb0c480-9207-11f1-8555-b77c5e5555d6","266099a3-9ab8-4235-bf6b-a601dc7de504","A3","8/26/2026 5:24:49 PM"
"28","[""No""]","0","25","[""Yes""]","[""No""]","","","","[""Green""]","","media","[""Yes""]","https://five.epicollect.net/api/media/mycoponics-porterfield?type=photo&format=entry_original&name=26c033c9-702a-4858-9721-d8355b8bf46b_1788735758.jpg&v=1788735808","https://five.epicollect.net/api/media/mycoponics-porterfield?type=photo&format=entry_original&name=26c033c9-702a-4858-9721-d8355b8bf46b_1788735761.jpg&v=1788735808","https://five.epicollect.net/api/media/mycoponics-porterfield?type=photo&format=entry_original&name=26c033c9-702a-4858-9721-d8355b8bf46b_1788735764.jpg&v=1788735808","https://five.epicollect.net/api/media/mycoponics-porterfield?type=photo&format=entry_original&name=26c033c9-702a-4858-9721-d8355b8bf46b_1788735768.jpg&v=1788735808","https://five.epicollect.net/api/media/mycoponics-porterfield?type=photo&format=entry_original&name=26c033c9-702a-4858-9721-d8355b8bf46b_1788735771.jpg&v=1788735808","https://five.epicollect.net/api/media/mycoponics-porterfield?type=photo&format=entry_original&name=26c033c9-702a-4858-9721-d8355b8bf46b_1788735773.jpg&v=1788735808","https://five.epicollect.net/api/media/mycoponics-porterfield?type=photo&format=entry_original&name=26c033c9-702a-4858-9721-d8355b8bf46b_1788735776.jpg&v=1788735808","https://five.epicollect.net/api/media/mycoponics-porterfield?type=photo&format=entry_original&name=26c033c9-702a-4858-9721-d8355b8bf46b_1788735779.jpg&v=1788735808","https://five.epicollect.net/api/media/mycoponics-porterfield?type=photo&format=entry_original&name=26c033c9-702a-4858-9721-d8355b8bf46b_1788735782.jpg&v=1788735808","https://five.epicollect.net/api/media/mycoponics-porterfield?type=photo&format=entry_original&name=26c033c9-702a-4858-9721-d8355b8bf46b_1788735785.jpg&v=1788735808","https://five.epicollect.net/api/media/mycoponics-porterfield?type=photo&format=entry_original&name=26c033c9-702a-4858-9721-d8355b8bf46b_1788735787.jpg&v=1788735808","https://five.epicollect.net/api/media/mycoponics-porterfield?type=photo&format=entry_original&name=26c033c9-702a-4858-9721-d8355b8bf46b_1788735790.jpg&v=1788735808","https://five.epicollect.net/api/media/mycoponics-porterfield?type=photo&format=entry_original&name=26c033c9-702a-4858-9721-d8355b8bf46b_1788735792.jpg&v=1788735808","https://five.epicollect.net/api/media/mycoponics-porterfield?type=photo&format=entry_original&name=26c033c9-702a-4858-9721-d8355b8bf46b_1788735795.jpg&v=1788735808","https://five.epicollect.net/api/media/mycoponics-porterfield?type=photo&format=entry_original&name=26c033c9-702a-4858-9721-d8355b8bf46b_1788735797.jpg&v=1788735808","https://five.epicollect.net/api/media/mycoponics-porterfield?type=photo&format=entry_original&name=26c033c9-702a-4858-9721-d8355b8bf46b_1788735800.jpg&v=1788735808","","","","","","","","","","","","","","","","D4","8/29/2026 7:17:32 PM","c3bb9ba0-9205-11f1-9bf5-b15c7c68ff3f","26c033c9-702a-4858-9721-d8355b8bf46b","D4","9/6/2026 11:03:28 PM"
"20","[""No""]","1","19","[""No""]","[""No""]","","","","[]","","","[""No""]","","","","","","","","","","","","","","","","","","","","","","","","","","","","","","","","C4","8/26/2026 6:04:58 PM","b3b1f780-9206-11f1-b07c-23192f0e7dfa","26e1c355-819e-4ea5-bd2c-afc0b04a6632","C4","8/26/2026 6:05:13 PM"
"31","[""Yes""]","3","54","[""Yes""]","[""No""]","","","","[""Green""]","","media","[""Yes""]","https://five.epicollect.net/api/media/mycoponics-porterfield?type=photo&format=entry_original&name=2735afb6-ff6a-4587-9448-ad0a6a0f9f81_1788750069.jpg&v=1788750122","https://five.epicollect.net/api/media/mycoponics-porterfield?type=photo&format=entry_original&name=2735afb6-ff6a-4587-9448-ad0a6a0f9f81_1788750072.jpg&v=1788750122","https://five.epicollect.net/api/media/mycoponics-porterfield?type=photo&format=entry_original&name=2735afb6-ff6a-4587-9448-ad0a6a0f9f81_1788750076.jpg&v=1788750122","https://five.epicollect.net/api/media/mycoponics-porterfield?type=photo&format=entry_original&name=2735afb6-ff6a-4587-9448-ad0a6a0f9f81_1788750080.jpg&v=1788750122","https://five.epicollect.net/api/media/mycoponics-porterfield?type=photo&format=entry_original&name=2735afb6-ff6a-4587-9448-ad0a6a0f9f81_1788750083.jpg&v=1788750122","https://five.epicollect.net/api/media/mycoponics-porterfield?type=photo&format=entry_original&name=2735afb6-ff6a-4587-9448-ad0a6a0f9f81_1788750087.jpg&v=1788750122","https://five.epicollect.net/api/media/mycoponics-porterfield?type=photo&format=entry_original&name=2735afb6-ff6a-4587-9448-ad0a6a0f9f81_1788750091.jpg&v=1788750122","https://five.epicollect.net/api/media/mycoponics-porterfield?type=photo&format=entry_original&name=2735afb6-ff6a-4587-9448-ad0a6a0f9f81_1788750093.jpg&v=1788750122","https://five.epicollect.net/api/media/mycoponics-porterfield?type=photo&format=entry_original&name=2735afb6-ff6a-4587-9448-ad0a6a0f9f81_1788750096.jpg&v=1788750122","https://five.epicollect.net/api/media/mycoponics-porterfield?type=photo&format=entry_original&name=2735afb6-ff6a-4587-9448-ad0a6a0f9f81_1788750099.jpg&v=1788750122","https://five.epicollect.net/api/media/mycoponics-porterfield?type=photo&format=entry_original&name=2735afb6-ff6a-4587-9448-ad0a6a0f9f81_1788750104.jpg&v=1788750122","","","","","","","","","","","","","","","","","","","","","D4","8/29/2026 7:05:38 PM","104e6bf0-9206-11f1-9518-87ccf2fafc79","2735afb6-ff6a-4587-9448-ad0a6a0f9f81","D4","9/7/2026 3:02:02 AM"
"18","[""Yes""]","9","46","[""Yes""]","[""No""]","","","","[]","","media","[""No""]","","","","","","","","","","","","","","","","","","","","","","","","","","","","","","","","D2","8/29/2026 7:07:31 PM","0c11aca0-9206-11f1-9518-87ccf2fafc79","2736353a-8cad-4d9a-ad74-13367a0bfaaf","D2","8/29/2026 7:07:59 PM"
"8","[""Yes""]","5","50","[""Yes""]","[""Yes""]","9","9","#c7af82","[""Yellow""]","","","[""Yes""]","","","","","","","","","","","","","","","","","","","","","","","","","","","","","","","","C3","8/29/2026 7:08:22 PM","dac34c80-9205-11f1-ba5f-319f359841fc","2764437d-6640-423f-9563-0578786129bd","C3","8/29/2026 7:08:43 PM"
"4","[""Yes""]","13","47","[""Yes""]","[""Yes""]","14","21","#41411D","[""Green""]","","","[""Yes""]","https://five.epicollect.net/api/media/mycoponics-porterfield?type=photo&format=entry_original&name=2771d38d-feab-4acd-b007-b32363d283c4_1788043369.jpg&v=1788043446","https://five.epicollect.net/api/media/mycoponics-porterfield?type=photo&format=entry_original&name=2771d38d-feab-4acd-b007-b32363d283c4_1788043374.jpg&v=1788043446","https://five.epicollect.net/api/media/mycoponics-porterfield?type=photo&format=entry_original&name=2771d38d-feab-4acd-b007-b32363d283c4_1788043378.jpg&v=1788043446","https://five.epicollect.net/api/media/mycoponics-porterfield?type=photo&format=entry_original&name=2771d38d-feab-4acd-b007-b32363d283c4_1788043380.jpg&v=1788043446","https://five.epicollect.net/api/media/mycoponics-porterfield?type=photo&format=entry_original&name=2771d38d-feab-4acd-b007-b32363d283c4_1788043384.jpg&v=1788043446","https://five.epicollect.net/api/media/mycoponics-porterfield?type=photo&format=entry_original&name=2771d38d-feab-4acd-b007-b32363d283c4_1788043387.jpg&v=1788043446","https://five.epicollect.net/api/media/mycoponics-porterfield?type=photo&format=entry_original&name=2771d38d-feab-4acd-b007-b32363d283c4_1788043390.jpg&v=1788043446","https://five.epicollect.net/api/media/mycoponics-porterfield?type=photo&format=entry_original&name=2771d38d-feab-4acd-b007-b32363d283c4_1788043396.jpg&v=1788043446","https://five.epicollect.net/api/media/mycoponics-porterfield?type=photo&format=entry_original&name=2771d38d-feab-4acd-b007-b32363d283c4_1788043402.jpg&v=1788043446","https://five.epicollect.net/api/media/mycoponics-porterfield?type=photo&format=entry_original&name=2771d38d-feab-4acd-b007-b32363d283c4_1788043406.jpg&v=1788043446","https://five.epicollect.net/api/media/mycoponics-porterfield?type=photo&format=entry_original&name=2771d38d-feab-4acd-b007-b32363d283c4_1788043410.jpg&v=1788043446","https://five.epicollect.net/api/media/mycoponics-porterfield?type=photo&format=entry_original&name=2771d38d-feab-4acd-b007-b32363d283c4_1788043417.jpg&v=1788043446","https://five.epicollect.net/api/media/mycoponics-porterfield?type=photo&format=entry_original&name=2771d38d-feab-4acd-b007-b32363d283c4_1788043420.jpg&v=1788043446","https://five.epicollect.net/api/media/mycoponics-porterfield?type=photo&format=entry_original&name=2771d38d-feab-4acd-b007-b32363d283c4_1788043423.jpg&v=1788043446","https://five.epicollect.net/api/media/mycoponics-porterfield?type=photo&format=entry_original&name=2771d38d-feab-4acd-b007-b32363d283c4_1788043425.jpg&v=1788043446","https://five.epicollect.net/api/media/mycoponics-porterfield?type=photo&format=entry_original&name=2771d38d-feab-4acd-b007-b32363d283c4_1788043429.jpg&v=1788043446","https://five.epicollect.net/api/media/mycoponics-porterfield?type=photo&format=entry_original&name=2771d38d-feab-4acd-b007-b32363d283c4_1788043436.jpg&v=1788043446","https://five.epicollect.net/api/media/mycoponics-porterfield?type=photo&format=entry_original&name=2771d38d-feab-4acd-b007-b32363d283c4_1788043440.jpg&v=1788043446","","","","","","","","","","","","","","B4","8/26/2026 2:33:03 PM","992fd070-9207-11f1-b651-5d6fce51deb5","2771d38d-feab-4acd-b007-b32363d283c4","B4","8/29/2026 10:44:06 PM"
"5","[""Yes""]","2","48","[""Yes""]","[""Yes""]","5","5","#B7E340","[""Yellow""]","","","[""No""]","","","","","","","","","","","","","","","","","","","","","","","","","","","","","","","","B3","8/26/2026 5:42:07 PM","25278790-9207-11f1-9186-31d4e5d7aabc","27d18457-e052-4730-a6be-976f3a296daf","B3","8/26/2026 5:42:15 PM"
"6","[""No""]","1","5","[""No""]","[""No""]","","","","[]","","","[""No""]","","","","","","","","","","","","","","","","","","","","","","","","","","","","","","","Contamination: None.","B4","8/28/2026 12:49:19 PM","42238840-9206-11f1-b91a-4736f6a951ba","28a0b34f-8325-4aeb-9cba-38a1c90474e9","B4","8/28/2026 12:49:27 PM"
"10","[""Yes""]","10","50","[""Yes""]","[""Yes""]","14","37","#786B18","[""Yellow Brownish (cardboard)""]","","yellow brown. same type of chunks as D3. mold-like with the color and flaky yet chunky/clumpy texture.","[""No""]","","","","","","","","","","","","","","","","","","","","","","","","","","","","","","","","D2","8/26/2026 12:32:51 PM","3a1d2be0-9208-11f1-9ae6-cbe624cafba5","28d02bd2-6156-43c3-8084-1eaf666f29ab","D2","8/26/2026 12:33:08 PM"
"32","[""No""]","8","18","[""Yes""]","[""No""]","13","21","#5c5423","[""Green""]","","media with dots in liquid","[""No""]","","","","","","","","","","","","","","","","","","","","","","","","","","","","","","","","A4","8/26/2026 2:52:48 PM","832ee130-9207-11f1-a0ac-03e2707c61cb","292f2170-8a34-44b7-99b5-fda2cf59bcc0","A4","8/26/2026 2:52:53 PM"
"10","[""Yes""]","5","54","[""Yes""]","[""Yes""]","13.5","13.5","#665225","[""Brown""]","","The exudates used to be bright red, but now they seem brown or dark yellow. It could be due to the intense blue color of the media, or the fact that the mushroom now presents three different colors of droplets (yellow, red, and orange), which become brown when they mix at the bottom.","[""Yes""]","https://five.epicollect.net/api/media/mycoponics-porterfield?type=photo&format=entry_original&name=292f92f0-35af-431b-8ad6-27cf1460e7c2_1788732653.jpg&v=1788732672","https://five.epicollect.net/api/media/mycoponics-porterfield?type=photo&format=entry_original&name=292f92f0-35af-431b-8ad6-27cf1460e7c2_1788732657.jpg&v=1788732672","https://five.epicollect.net/api/media/mycoponics-porterfield?type=photo&format=entry_original&name=292f92f0-35af-431b-8ad6-27cf1460e7c2_1788732662.jpg&v=1788732672","https://five.epicollect.net/api/media/mycoponics-porterfield?type=photo&format=entry_original&name=292f92f0-35af-431b-8ad6-27cf1460e7c2_1788732666.jpg&v=1788732672","","","","","","","","","","","","","","","","","","","","","","","","","","","Media notes: When i pushed the media down some of the exudate droplets started coming down. Maybe the media is leaking from the cap and not going through the ceramic..","B1","8/29/2026 7:18:35 PM","beee3510-9205-11f1-9bf5-b15c7c68ff3f","292f92f0-35af-431b-8ad6-27cf1460e7c2","B1","9/6/2026 10:11:12 PM"
"25","[""No""]","4","21","[""Yes""]","[""Yes""]","5","5","#401802","[""Brown""]","","","[""Yes""]","https://five.epicollect.net/api/media/mycoponics-porterfield?type=photo&format=entry_original&name=2951257a-1969-4620-bf33-28b89eb6512c_1788752233.jpg&v=1788752245","https://five.epicollect.net/api/media/mycoponics-porterfield?type=photo&format=entry_original&name=2951257a-1969-4620-bf33-28b89eb6512c_1788752237.jpg&v=1788752245","https://five.epicollect.net/api/media/mycoponics-porterfield?type=photo&format=entry_original&name=2951257a-1969-4620-bf33-28b89eb6512c_1788752239.jpg&v=1788752245","","","","","","","","","","","","","","","","","","","","","","","","","","","","","B1","8/26/2026 6:16:02 PM","a6148de0-9206-11f1-b07c-23192f0e7dfa","2951257a-1969-4620-bf33-28b89eb6512c","B1","9/7/2026 3:37:25 AM"
"40","[""No""]","8","32","[""No""]","[""No""]","","","","[]","","","[""Yes""]","","","","","","","","","","","","","","","","","","","","","","","","","","","","","","","","B3","8/29/2026 7:24:22 PM","8b5a78d0-9205-11f1-bc95-0954c57f36fb","2a5c9f4c-147c-469f-8c5a-19d88354bde3","B3","8/29/2026 7:24:34 PM"
"13","[""No""]","5","8","[""No""]","[""No""]","","","","[]","","","[""Yes""]","","","","","","","","","","","","","","","","","","","","","","","","","","","","","","","","D2","8/26/2026 6:16:02 PM","a6148de0-9206-11f1-b07c-23192f0e7dfa","2a6d7090-2750-4a63-a679-5573c2171b04","D2","8/26/2026 6:16:21 PM"
"20","[""No""]","0","20","[""Yes""]","[""No""]","","","","[""Green""]","","media","[""No""]","","","","","","","","","","","","","","","","","","","","","","","","","","","","","","","","A4","8/26/2026 5:22:58 PM","3cb0c480-9207-11f1-8555-b77c5e5555d6","2a9fd885-82ca-4132-944c-c4c86d1f58e3","A4","8/26/2026 5:23:03 PM"
"10","[""Yes""]","15","42","[""Yes""]","[""Yes""]","14","36","#774e0c","[""Yellow Brownish (cardboard)""]","","Pretty clear besides some flakiness","[""No""]","","","","","","","","","","","","","","","","","","","","","","","","","","","","","","","","B1","8/26/2026 1:52:33 AM","4901bb80-9208-11f1-9ae6-cbe624cafba5","2ab327cb-1046-4719-8b81-9c434dd87975","B1","8/26/2026 1:52:39 AM"
"15","[""No""]","5","10","[""Yes""]","[""Yes""]","","25","#511000","[""Red""]","","","[""Yes""]","https://five.epicollect.net/api/media/mycoponics-porterfield?type=photo&format=entry_original&name=2ad87f18-e027-45f3-8946-f00d449bdc9c_1788752414.jpg&v=1788752433","https://five.epicollect.net/api/media/mycoponics-porterfield?type=photo&format=entry_original&name=2ad87f18-e027-45f3-8946-f00d449bdc9c_1788752417.jpg&v=1788752433","https://five.epicollect.net/api/media/mycoponics-porterfield?type=photo&format=entry_original&name=2ad87f18-e027-45f3-8946-f00d449bdc9c_1788752419.jpg&v=1788752433","https://five.epicollect.net/api/media/mycoponics-porterfield?type=photo&format=entry_original&name=2ad87f18-e027-45f3-8946-f00d449bdc9c_1788752421.jpg&v=1788752433","https://five.epicollect.net/api/media/mycoponics-porterfield?type=photo&format=entry_original&name=2ad87f18-e027-45f3-8946-f00d449bdc9c_1788752423.jpg&v=1788752433","https://five.epicollect.net/api/media/mycoponics-porterfield?type=photo&format=entry_original&name=2ad87f18-e027-45f3-8946-f00d449bdc9c_1788752425.jpg&v=1788752433","https://five.epicollect.net/api/media/mycoponics-porterfield?type=photo&format=entry_original&name=2ad87f18-e027-45f3-8946-f00d449bdc9c_1788752427.jpg&v=1788752433","","","","","","","","","","","","","","","","","","","","","","","","","C2","8/26/2026 6:16:02 PM","a6148de0-9206-11f1-b07c-23192f0e7dfa","2ad87f18-e027-45f3-8946-f00d449bdc9c","C2","9/7/2026 3:40:33 AM"
"44","[""No""]","15","29","[""Yes""]","[""Yes""]","5.5","5.5","","[""Brown""]","","Dark brown and smelled bad!!","[""Yes""]","https://five.epicollect.net/api/media/mycoponics-porterfield?type=photo&format=entry_original&name=2bc1c4de-eb66-449b-8128-17d9977afa0d_1788722059.jpg&v=1788722154","https://five.epicollect.net/api/media/mycoponics-porterfield?type=photo&format=entry_original&name=2bc1c4de-eb66-449b-8128-17d9977afa0d_1788722063.jpg&v=1788722154","https://five.epicollect.net/api/media/mycoponics-porterfield?type=photo&format=entry_original&name=2bc1c4de-eb66-449b-8128-17d9977afa0d_1788722075.jpg&v=1788722154","https://five.epicollect.net/api/media/mycoponics-porterfield?type=photo&format=entry_original&name=2bc1c4de-eb66-449b-8128-17d9977afa0d_1788722078.jpg&v=1788722154","https://five.epicollect.net/api/media/mycoponics-porterfield?type=photo&format=entry_original&name=2bc1c4de-eb66-449b-8128-17d9977afa0d_1788722081.jpg&v=1788722154","https://five.epicollect.net/api/media/mycoponics-porterfield?type=photo&format=entry_original&name=2bc1c4de-eb66-449b-8128-17d9977afa0d_1788722083.jpg&v=1788722154","https://five.epicollect.net/api/media/mycoponics-porterfield?type=photo&format=entry_original&name=2bc1c4de-eb66-449b-8128-17d9977afa0d_1788722086.jpg&v=1788722154","https://five.epicollect.net/api/media/mycoponics-porterfield?type=photo&format=entry_original&name=2bc1c4de-eb66-449b-8128-17d9977afa0d_1788722089.jpg&v=1788722154","https://five.epicollect.net/api/media/mycoponics-porterfield?type=photo&format=entry_original&name=2bc1c4de-eb66-449b-8128-17d9977afa0d_1788722092.jpg&v=1788722154","https://five.epicollect.net/api/media/mycoponics-porterfield?type=photo&format=entry_original&name=2bc1c4de-eb66-449b-8128-17d9977afa0d_1788722094.jpg&v=1788722154","https://five.epicollect.net/api/media/mycoponics-porterfield?type=photo&format=entry_original&name=2bc1c4de-eb66-449b-8128-17d9977afa0d_1788722096.jpg&v=1788722154","https://five.epicollect.net/api/media/mycoponics-porterfield?type=photo&format=entry_original&name=2bc1c4de-eb66-449b-8128-17d9977afa0d_1788722098.jpg&v=1788722154","https://five.epicollect.net/api/media/mycoponics-porterfield?type=photo&format=entry_original&name=2bc1c4de-eb66-449b-8128-17d9977afa0d_1788722100.jpg&v=1788722154","https://five.epicollect.net/api/media/mycoponics-porterfield?type=photo&format=entry_original&name=2bc1c4de-eb66-449b-8128-17d9977afa0d_1788722103.jpg&v=1788722154","https://five.epicollect.net/api/media/mycoponics-porterfield?type=photo&format=entry_original&name=2bc1c4de-eb66-449b-8128-17d9977afa0d_1788722105.jpg&v=1788722154","https://five.epicollect.net/api/media/mycoponics-porterfield?type=photo&format=entry_original&name=2bc1c4de-eb66-449b-8128-17d9977afa0d_1788722108.jpg&v=1788722154","https://five.epicollect.net/api/media/mycoponics-porterfield?type=photo&format=entry_original&name=2bc1c4de-eb66-449b-8128-17d9977afa0d_1788722112.jpg&v=1788722154","https://five.epicollect.net/api/media/mycoponics-porterfield?type=photo&format=entry_original&name=2bc1c4de-eb66-449b-8128-17d9977afa0d_1788722116.jpg&v=1788722154","https://five.epicollect.net/api/media/mycoponics-porterfield?type=photo&format=entry_original&name=2bc1c4de-eb66-449b-8128-17d9977afa0d_1788722119.jpg&v=1788722154","https://five.epicollect.net/api/media/mycoponics-porterfield?type=photo&format=entry_original&name=2bc1c4de-eb66-449b-8128-17d9977afa0d_1788722121.jpg&v=1788722154","https://five.epicollect.net/api/media/mycoponics-porterfield?type=photo&format=entry_original&name=2bc1c4de-eb66-449b-8128-17d9977afa0d_1788722125.jpg&v=1788722154","https://five.epicollect.net/api/media/mycoponics-porterfield?type=photo&format=entry_original&name=2bc1c4de-eb66-449b-8128-17d9977afa0d_1788722128.jpg&v=1788722154","https://five.epicollect.net/api/media/mycoponics-porterfield?type=photo&format=entry_original&name=2bc1c4de-eb66-449b-8128-17d9977afa0d_1788722132.jpg&v=1788722154","https://five.epicollect.net/api/media/mycoponics-porterfield?type=photo&format=entry_original&name=2bc1c4de-eb66-449b-8128-17d9977afa0d_1788722134.jpg&v=1788722154","https://five.epicollect.net/api/media/mycoponics-porterfield?type=photo&format=entry_original&name=2bc1c4de-eb66-449b-8128-17d9977afa0d_1788722137.jpg&v=1788722154","https://five.epicollect.net/api/media/mycoponics-porterfield?type=photo&format=entry_original&name=2bc1c4de-eb66-449b-8128-17d9977afa0d_1788722140.jpg&v=1788722154","https://five.epicollect.net/api/media/mycoponics-porterfield?type=photo&format=entry_original&name=2bc1c4de-eb66-449b-8128-17d9977afa0d_1788722143.jpg&v=1788722154","https://five.epicollect.net/api/media/mycoponics-porterfield?type=photo&format=entry_original&name=2bc1c4de-eb66-449b-8128-17d9977afa0d_1788722146.jpg&v=1788722154","https://five.epicollect.net/api/media/mycoponics-porterfield?type=photo&format=entry_original&name=2bc1c4de-eb66-449b-8128-17d9977afa0d_1788722149.jpg&v=1788722154","","","B1","8/29/2026 7:21:20 PM","ac1d01f0-9205-11f1-bca9-83b388c0a0a4","2bc1c4de-eb66-449b-8128-17d9977afa0d","B1","9/6/2026 7:15:54 PM"
"16","[""Yes""]","10","47","[""Yes""]","[""Yes""]","14","32","#806611","[""Yellow Brownish (cardboard)""]","","sunset amberish orangish color. has chunks of mold or some type of dirt-like separated but very clumpy chunks.","[""No""]","","","","","","","","","","","","","","","","","","","","","","","","","","","","","","","","D3","8/26/2026 12:41:13 PM","3a1d2be0-9208-11f1-9ae6-cbe624cafba5","2bc32795-4928-4823-acb1-25f7035ec172","D3","8/26/2026 12:41:16 PM"
"5","[""Yes""]","5","50","[""Yes""]","[""Yes""]","14","17","#854A00","[""Amber""]","","","[""No""]","","","","","","","","","","","","","","","","","","","","","","","","","","","","","","","","B1","8/26/2026 4:41:09 PM","68feee40-9207-11f1-ba24-e7a1a5a09e42","2c4a84f3-ae8c-4ad6-bf3d-c69a0eaebb0a","B1","8/26/2026 4:41:15 PM"
"8","[""No""]","3","5","[""No""]","[""No""]","","","","[""Clear""]","","No exudate at all. I see some drops on the mycelium but not much of them.","[""No""]","","","","","","","","","","","","","","","","","","","","","","","","","","","","","","","","D1","8/28/2026 12:46:31 PM","4ed1fe00-9206-11f1-b91a-4736f6a951ba","2c693b56-f5fb-454f-ad99-50e089ee608f","D1","8/28/2026 12:46:47 PM"
"38","[""No""]","7","30","[""Yes""]","[""Yes""]","11","11","#A9801D","[""Yellow""]","","","[""No""]","","","","","","","","","","","","","","","","","","","","","","","","","","","","","","","","A1","8/29/2026 7:07:31 PM","0c11aca0-9206-11f1-9518-87ccf2fafc79","2c8bae93-f255-44c4-bd0f-e19caee31921","A1","8/29/2026 7:07:32 PM"
"22","[""No""]","2","20","[""Yes""]","[""Yes""]","14","17","#504429","[""Brown""]","","","[""Yes""]","https://five.epicollect.net/api/media/mycoponics-porterfield?type=photo&format=entry_original&name=2d93f87e-3342-4f0a-9f7f-2cbab10f91a0_1788731057.jpg&v=1788731102","https://five.epicollect.net/api/media/mycoponics-porterfield?type=photo&format=entry_original&name=2d93f87e-3342-4f0a-9f7f-2cbab10f91a0_1788731063.jpg&v=1788731102","https://five.epicollect.net/api/media/mycoponics-porterfield?type=photo&format=entry_original&name=2d93f87e-3342-4f0a-9f7f-2cbab10f91a0_1788731067.jpg&v=1788731102","https://five.epicollect.net/api/media/mycoponics-porterfield?type=photo&format=entry_original&name=2d93f87e-3342-4f0a-9f7f-2cbab10f91a0_1788731072.jpg&v=1788731102","https://five.epicollect.net/api/media/mycoponics-porterfield?type=photo&format=entry_original&name=2d93f87e-3342-4f0a-9f7f-2cbab10f91a0_1788731077.jpg&v=1788731102","https://five.epicollect.net/api/media/mycoponics-porterfield?type=photo&format=entry_original&name=2d93f87e-3342-4f0a-9f7f-2cbab10f91a0_1788731082.jpg&v=1788731102","https://five.epicollect.net/api/media/mycoponics-porterfield?type=photo&format=entry_original&name=2d93f87e-3342-4f0a-9f7f-2cbab10f91a0_1788731088.jpg&v=1788731102","","","","","","","","","","","","","","","","","","","","","","","","Humidity seem to be high but there is no water on the wall or the bottom of the chamber. Humidifier might be stopping for too long.","B1","8/29/2026 7:19:59 PM","bb647210-9205-11f1-9bf5-b15c7c68ff3f","2d93f87e-3342-4f0a-9f7f-2cbab10f91a0","B1","9/6/2026 9:45:02 PM"
"40","[""No""]","4","36","[""No""]","[""No""]","","","","[]","","","[""No""]","","","","","","","","","","","","","","","","","","","","","","","","","","","","","","","","C4","8/26/2026 6:11:41 PM","acdfe750-9206-11f1-b07c-23192f0e7dfa","2db2209a-bb00-43d2-b041-56fa332556ef","C4","8/26/2026 6:11:56 PM"
"20","[""No""]","2","18","[""Yes""]","[""Yes""]","6.5","6.5","#766237","[""Amber""]","","Good yellow exudates but i dont see sign of branching structures, mostly covered by fuzzy mycelium.","[""No""]","","","","","","","","","","","","","","","","","","","","","","","","","","","","","","","","B1","8/29/2026 7:04:24 PM","1adbaf60-9206-11f1-9518-87ccf2fafc79","2dbb907c-e471-48c5-bd1c-0b12224533d9","B1","8/29/2026 7:04:32 PM"
"12","[""No""]","2","10","[""No""]","[""No""]","","","","[""Clear""]","","","[""No""]","","","","","","","","","","","","","","","","","","","","","","","","","","","","","","","","A3","8/26/2026 4:41:09 PM","68feee40-9207-11f1-ba24-e7a1a5a09e42","2de7b970-d964-4f72-8225-b5a06a486049","A3","8/26/2026 4:41:12 PM"
"31","[""No""]","6","25","[""Yes""]","[""Yes""]","13","31","#8c762e","[""Amber""]","","","[""No""]","","","","","","","","","","","","","","","","","","","","","","","","","","","","","","","","B4","8/26/2026 1:52:33 AM","4901bb80-9208-11f1-9ae6-cbe624cafba5","2dfe2d62-b496-45fc-b72c-4b29be38d7e2","B4","8/26/2026 1:52:42 AM"
"8","[""Yes""]","8","48","[""Yes""]","[""Yes""]","14.5","39","#AB8128","[""Amber""]","","very beautiful amber color. very clear liquid besides many dispersed dots.","[""No""]","","","","","","","","","","","","","","","","","","","","","","","","","","","","","","","","B3","8/26/2026 12:32:51 PM","3a1d2be0-9208-11f1-9ae6-cbe624cafba5","2dff30ee-416f-4224-8a4f-0629c7334358","B3","8/26/2026 12:32:59 PM"
"15","[""No""]","5","10","[""Yes""]","[""Yes""]","7","7","#5F3F18","[""Brown""]","","","[""No""]","","","","","","","","","","","","","","","","","","","","","","","","","","","","","","","","B1","8/26/2026 6:08:11 PM","af959170-9206-11f1-b07c-23192f0e7dfa","2e0f7b11-e262-481c-b133-76ae93de76ad","B1","8/26/2026 6:08:18 PM"
"36","[""No""]","10","21","[""Yes""]","[""Yes""]","14","23","#896e28","[""Yellow""]","","","[""No""]","","","","","","","","","","","","","","","","","","","","","","","","","","","","","","","","C3","8/26/2026 1:20:01 AM","59ab7ac0-9208-11f1-bc48-c9fd0cd355af","2e12e800-fc74-46a1-9fc1-54a323c9ca57","C3","8/26/2026 1:20:14 AM"
"12","[""No""]","4","8","[""Yes""]","[""Yes""]","15","27","#986400","[""Amber""]","","","[""No""]","","","","","","","","","","","","","","","","","","","","","","","","","","","","","","","","B3","8/26/2026 5:27:01 PM","309c1dc0-9207-11f1-9186-31d4e5d7aabc","2e883749-e9ea-4685-aa89-5b7332d23920","B3","8/26/2026 5:27:11 PM"
"13","[""Yes""]","6","54","[""Yes""]","[""Yes""]","14","52","#897132","[""Amber""]","","very clear, besides for dirt-like flaky chunks in there! beautiful amber color","[""No""]","","","","","","","","","","","","","","","","","","","","","","","","","","","","","","","","B1","8/26/2026 12:50:07 PM","9dd3dd10-9207-11f1-b651-5d6fce51deb5","2fb9e905-2950-4d9c-b090-45fee9743098","B1","8/26/2026 12:50:13 PM"
"52","[""No""]","","52","[""Yes""]","[""No""]","","","","[]","","too little","[""No""]","","","","","","","","","","","","","","","","","","","","","","","","","","","","","","","","D1","8/26/2026 5:21:42 PM","415bd600-9207-11f1-8555-b77c5e5555d6","3084f83c-c1dc-491f-b296-894b73cea2b1","D1","8/26/2026 5:21:59 PM"
"29","[""No""]","0","29","[""Yes""]","[""Yes""]","13.5","22.5","#9F6800","[""Yellow""]","","multiple chunks of brown sparse material/shreds all over. there are bigger chunks here. very nice yellow color though.","[""No""]","","","","","","","","","","","","","","","","","","","","","","","","","","","","","","","","D3","8/26/2026 5:17:32 PM","54fc4000-9207-11f1-aadd-df4879ec2771","30d9fbb3-b708-4f6c-ad90-a7e6a2fbb7ad","D3","8/26/2026 5:17:51 PM"
"13","[""No""]","5","8","[""Yes""]","[""Yes""]","2","10","#AB8A57","[""Yellow""]","","","[""No""]","","","","","","","","","","","","","","","","","","","","","","","","","","","","","","","","D3","8/26/2026 6:00:31 PM","16818790-9207-11f1-a488-057d0ae059c0","31489677-ed47-4d10-af9c-0198c0f46345","D3","8/26/2026 6:00:49 PM"
"36","[""No""]","5","30","[""Yes""]","[""Yes""]","14","29","#9B6809","["" Orange"","" Cloudy""]","Gel-like/viscous clumps","Large clump of clumped together dirt-like/quicksand-like fiber at the bottom ","[""No""]","","","","","","","","","","","","","","","","","","","","","","","","","","","","","","","","C2","8/9/2026 3:47:21 PM","ab4d77d5-a552-43b2-abfb-821172faf6ad","32279f5c-d516-4fd6-90bc-0604ee899819","C2","8/9/2026 5:20:11 PM"
"8","[""Yes""]","6","20","[""Yes""]","[""No""]","","","","[""Green""]","","media","[""No""]","","","","","","","","","","","","","","","","","","","","","","","","","","","","","","","","A3","8/29/2026 7:07:31 PM","0c11aca0-9206-11f1-9518-87ccf2fafc79","32fbf6b5-a05a-478b-8bef-0e73538eeca7","A3","8/29/2026 7:07:35 PM"
"4","[""Yes""]","6","50","[""Yes""]","[""Yes""]","14","16","#705406","[""Yellow""]","","beautiful yellow color!! clear besides some very tiny white dots speckled throughout liquid","[""No""]","","","","","","","","","","","","","","","","","","","","","","","","","","","","","","","","B2","8/26/2026 5:14:40 PM","58fce0b0-9207-11f1-aadd-df4879ec2771","33053d06-d8da-4a76-9869-f02556363119","B2","8/26/2026 5:14:47 PM"
"8","[""Yes""]","7","50","[""Yes""]","[""No""]","","","","[""Green""]","","media","[""No""]","","","","","","","","","","","","","","","","","","","","","","","","","","","","","","","","C3","8/26/2026 4:07:05 PM","6e4c3330-9207-11f1-ba24-e7a1a5a09e42","3358a23c-7943-41c2-9da4-984e18d69b4b","C3","8/26/2026 4:07:22 PM"
"19","[""No""]","7","12","[""Yes""]","[""Yes""]","","33","#946515","[""Amber""]","","","[""Yes""]","https://five.epicollect.net/api/media/mycoponics-porterfield?type=photo&format=entry_original&name=3386b11e-931b-4c7a-b42f-4ae25ac735f2_1788752367.jpg&v=1788752398","https://five.epicollect.net/api/media/mycoponics-porterfield?type=photo&format=entry_original&name=3386b11e-931b-4c7a-b42f-4ae25ac735f2_1788752370.jpg&v=1788752398","https://five.epicollect.net/api/media/mycoponics-porterfield?type=photo&format=entry_original&name=3386b11e-931b-4c7a-b42f-4ae25ac735f2_1788752372.jpg&v=1788752398","https://five.epicollect.net/api/media/mycoponics-porterfield?type=photo&format=entry_original&name=3386b11e-931b-4c7a-b42f-4ae25ac735f2_1788752387.jpg&v=1788752398","","","","","","","","","","","","","","","","","","","","","","","","","","","","C1","8/26/2026 6:16:02 PM","a6148de0-9206-11f1-b07c-23192f0e7dfa","3386b11e-931b-4c7a-b42f-4ae25ac735f2","C1","9/7/2026 3:39:58 AM"
"20","[""No""]","","20","[""Yes""]","[""Yes""]","13.5","36","#7A3000","["" Orange""]","","Lots of orange, sunset-color exudate. In the vial, there are pretty small specks or very small chunks, and it is viscous.","[""No""]","","","","","","","","","","","","","","","","","","","","","","","","","","","","","","","","A2","8/26/2026 5:17:32 PM","54fc4000-9207-11f1-aadd-df4879ec2771","33fb42bb-ab0c-434d-a0a8-be3006058f7f","A2","8/26/2026 5:17:34 PM"
"17","[""No""]","2","15","[""No""]","[""No""]","","","","[""Clear""]","","","[""Yes""]","https://five.epicollect.net/api/media/mycoponics-porterfield?type=photo&format=entry_original&name=34113aef-c4db-49d7-9b9c-19296547d0c0_1788746099.jpg&v=1788746117","https://five.epicollect.net/api/media/mycoponics-porterfield?type=photo&format=entry_original&name=34113aef-c4db-49d7-9b9c-19296547d0c0_1788746104.jpg&v=1788746117","","","","","","","","","","","","","","","","","","","","","","","","","","","","","","D4","8/29/2026 7:16:29 PM","d2645ac0-9205-11f1-ba5f-319f359841fc","34113aef-c4db-49d7-9b9c-19296547d0c0","D4","9/7/2026 1:55:17 AM"
"16","[""No""]","0","16","[""No""]","[""No""]","","","","[""Green""]","","","[""Yes""]","https://five.epicollect.net/api/media/mycoponics-porterfield?type=photo&format=entry_original&name=3481ea80-4e76-472e-b713-f95466ec335c_1788730936.jpg&v=1788731024","https://five.epicollect.net/api/media/mycoponics-porterfield?type=photo&format=entry_original&name=3481ea80-4e76-472e-b713-f95466ec335c_1788730940.jpg&v=1788731024","https://five.epicollect.net/api/media/mycoponics-porterfield?type=photo&format=entry_original&name=3481ea80-4e76-472e-b713-f95466ec335c_1788730943.jpg&v=1788731024","https://five.epicollect.net/api/media/mycoponics-porterfield?type=photo&format=entry_original&name=3481ea80-4e76-472e-b713-f95466ec335c_1788730945.jpg&v=1788731024","https://five.epicollect.net/api/media/mycoponics-porterfield?type=photo&format=entry_original&name=3481ea80-4e76-472e-b713-f95466ec335c_1788730948.jpg&v=1788731024","https://five.epicollect.net/api/media/mycoponics-porterfield?type=photo&format=entry_original&name=3481ea80-4e76-472e-b713-f95466ec335c_1788730950.jpg&v=1788731024","https://five.epicollect.net/api/media/mycoponics-porterfield?type=photo&format=entry_original&name=3481ea80-4e76-472e-b713-f95466ec335c_1788730953.jpg&v=1788731024","https://five.epicollect.net/api/media/mycoponics-porterfield?type=photo&format=entry_original&name=3481ea80-4e76-472e-b713-f95466ec335c_1788730955.jpg&v=1788731024","https://five.epicollect.net/api/media/mycoponics-porterfield?type=photo&format=entry_original&name=3481ea80-4e76-472e-b713-f95466ec335c_1788730958.jpg&v=1788731024","https://five.epicollect.net/api/media/mycoponics-porterfield?type=photo&format=entry_original&name=3481ea80-4e76-472e-b713-f95466ec335c_1788730960.jpg&v=1788731024","https://five.epicollect.net/api/media/mycoponics-porterfield?type=photo&format=entry_original&name=3481ea80-4e76-472e-b713-f95466ec335c_1788730963.jpg&v=1788731024","https://five.epicollect.net/api/media/mycoponics-porterfield?type=photo&format=entry_original&name=3481ea80-4e76-472e-b713-f95466ec335c_1788730967.jpg&v=1788731024","https://five.epicollect.net/api/media/mycoponics-porterfield?type=photo&format=entry_original&name=3481ea80-4e76-472e-b713-f95466ec335c_1788730969.jpg&v=1788731024","https://five.epicollect.net/api/media/mycoponics-porterfield?type=photo&format=entry_original&name=3481ea80-4e76-472e-b713-f95466ec335c_1788730973.jpg&v=1788731024","https://five.epicollect.net/api/media/mycoponics-porterfield?type=photo&format=entry_original&name=3481ea80-4e76-472e-b713-f95466ec335c_1788730976.jpg&v=1788731024","https://five.epicollect.net/api/media/mycoponics-porterfield?type=photo&format=entry_original&name=3481ea80-4e76-472e-b713-f95466ec335c_1788730978.jpg&v=1788731024","https://five.epicollect.net/api/media/mycoponics-porterfield?type=photo&format=entry_original&name=3481ea80-4e76-472e-b713-f95466ec335c_1788730981.jpg&v=1788731024","https://five.epicollect.net/api/media/mycoponics-porterfield?type=photo&format=entry_original&name=3481ea80-4e76-472e-b713-f95466ec335c_1788730985.jpg&v=1788731024","https://five.epicollect.net/api/media/mycoponics-porterfield?type=photo&format=entry_original&name=3481ea80-4e76-472e-b713-f95466ec335c_1788730990.jpg&v=1788731024","https://five.epicollect.net/api/media/mycoponics-porterfield?type=photo&format=entry_original&name=3481ea80-4e76-472e-b713-f95466ec335c_1788730992.jpg&v=1788731024","https://five.epicollect.net/api/media/mycoponics-porterfield?type=photo&format=entry_original&name=3481ea80-4e76-472e-b713-f95466ec335c_1788730995.jpg&v=1788731024","https://five.epicollect.net/api/media/mycoponics-porterfield?type=photo&format=entry_original&name=3481ea80-4e76-472e-b713-f95466ec335c_1788730997.jpg&v=1788731024","https://five.epicollect.net/api/media/mycoponics-porterfield?type=photo&format=entry_original&name=3481ea80-4e76-472e-b713-f95466ec335c_1788731000.jpg&v=1788731024","https://five.epicollect.net/api/media/mycoponics-porterfield?type=photo&format=entry_original&name=3481ea80-4e76-472e-b713-f95466ec335c_1788731002.jpg&v=1788731024","https://five.epicollect.net/api/media/mycoponics-porterfield?type=photo&format=entry_original&name=3481ea80-4e76-472e-b713-f95466ec335c_1788731005.jpg&v=1788731024","https://five.epicollect.net/api/media/mycoponics-porterfield?type=photo&format=entry_original&name=3481ea80-4e76-472e-b713-f95466ec335c_1788731008.jpg&v=1788731024","https://five.epicollect.net/api/media/mycoponics-porterfield?type=photo&format=entry_original&name=3481ea80-4e76-472e-b713-f95466ec335c_1788731011.jpg&v=1788731024","https://five.epicollect.net/api/media/mycoponics-porterfield?type=photo&format=entry_original&name=3481ea80-4e76-472e-b713-f95466ec335c_1788731015.jpg&v=1788731024","https://five.epicollect.net/api/media/mycoponics-porterfield?type=photo&format=entry_original&name=3481ea80-4e76-472e-b713-f95466ec335c_1788731018.jpg&v=1788731024","https://five.epicollect.net/api/media/mycoponics-porterfield?type=photo&format=entry_original&name=3481ea80-4e76-472e-b713-f95466ec335c_1788731020.jpg&v=1788731024","only humidity around the very top (not uniform at all), there are large circles of clearer humidity at the top. sides are clear","A4","8/29/2026 7:19:59 PM","bb647210-9205-11f1-9bf5-b15c7c68ff3f","3481ea80-4e76-472e-b713-f95466ec335c","A4","9/6/2026 9:43:44 PM"
"6","[""Yes""]","8","52","[""Yes""]","[""Yes""]","14","36","","[]","Fibrous/shredded material","","[""No""]","","","","","","","","","","","","","","","","","","","","","","","","","","","","","","","","A2","8/8/2026 11:25:48 PM","59d95668-3574-4d73-87d2-398740f59516","34950174-adb0-4d85-8011-357a0f10996e","A2","8/9/2026 1:02:08 AM"
"2","[""Yes""]","1","60","[""No""]","[""No""]","","","","[]","","","[""No""]","","","","","","","","","","","","","","","","","","","","","","","","","","","","","","","","A3","8/26/2026 6:08:11 PM","af959170-9206-11f1-b07c-23192f0e7dfa","34989a5c-cddd-46f9-9b81-8be7ceb0b799","A3","8/26/2026 6:08:14 PM"
"35","[""No""]","3","32","[""Yes""]","[""No""]","","14","","[""Green""]","","it's a bit more yellow than the media, a bit browner. its like a lime brown, so we can keep it. it's viscous.","[""No""]","","","","","","","","","","","","","","","","","","","","","","","","","","","","","","","","A3","8/26/2026 1:52:33 AM","4901bb80-9208-11f1-9ae6-cbe624cafba5","34a0bf30-3a3d-4184-8015-dc4754411271","A3","8/26/2026 1:52:36 AM"
"34","[""No""]","8","26","[""Yes""]","[""Yes""]","13","13","","[""Viscous""]","","Brown or red coloration. Exudates were dripping from fungi mixed with mold an d bacteria, mostly covered by red drops.","[""Yes""]","https://five.epicollect.net/api/media/mycoponics-porterfield?type=photo&format=entry_original&name=34c7c436-6a40-4df0-9481-0d53c0e06c05_1788712866.jpg&v=1788712987","https://five.epicollect.net/api/media/mycoponics-porterfield?type=photo&format=entry_original&name=34c7c436-6a40-4df0-9481-0d53c0e06c05_1788712872.jpg&v=1788712987","https://five.epicollect.net/api/media/mycoponics-porterfield?type=photo&format=entry_original&name=34c7c436-6a40-4df0-9481-0d53c0e06c05_1788712876.jpg&v=1788712987","https://five.epicollect.net/api/media/mycoponics-porterfield?type=photo&format=entry_original&name=34c7c436-6a40-4df0-9481-0d53c0e06c05_1788712881.jpg&v=1788712987","https://five.epicollect.net/api/media/mycoponics-porterfield?type=photo&format=entry_original&name=34c7c436-6a40-4df0-9481-0d53c0e06c05_1788712886.jpg&v=1788712987","https://five.epicollect.net/api/media/mycoponics-porterfield?type=photo&format=entry_original&name=34c7c436-6a40-4df0-9481-0d53c0e06c05_1788712892.jpg&v=1788712987","https://five.epicollect.net/api/media/mycoponics-porterfield?type=photo&format=entry_original&name=34c7c436-6a40-4df0-9481-0d53c0e06c05_1788712897.jpg&v=1788712987","https://five.epicollect.net/api/media/mycoponics-porterfield?type=photo&format=entry_original&name=34c7c436-6a40-4df0-9481-0d53c0e06c05_1788712903.jpg&v=1788712987","https://five.epicollect.net/api/media/mycoponics-porterfield?type=photo&format=entry_original&name=34c7c436-6a40-4df0-9481-0d53c0e06c05_1788712910.jpg&v=1788712987","https://five.epicollect.net/api/media/mycoponics-porterfield?type=photo&format=entry_original&name=34c7c436-6a40-4df0-9481-0d53c0e06c05_1788712927.jpg&v=1788712987","https://five.epicollect.net/api/media/mycoponics-porterfield?type=photo&format=entry_original&name=34c7c436-6a40-4df0-9481-0d53c0e06c05_1788712941.jpg&v=1788712987","https://five.epicollect.net/api/media/mycoponics-porterfield?type=photo&format=entry_original&name=34c7c436-6a40-4df0-9481-0d53c0e06c05_1788712946.jpg&v=1788712987","","","","","","","","","","","","","","","","","","","","C2","8/29/2026 7:29:41 PM","7e15b680-9205-11f1-bc95-0954c57f36fb","34c7c436-6a40-4df0-9481-0d53c0e06c05","C2","9/6/2026 4:43:07 PM"
"17","[""Yes""]","7","52","[""Yes""]","[""Yes""]","14","41","#5B4613","[""Yellow"","" Orange""]","Fibrous/shredded material","Mold-like green clumped up sand-like pieces. Looks like a Dust Bowl type of material.","[""Yes""]","https://five.epicollect.net/api/media/mycoponics-porterfield?type=photo&format=entry_original&name=34d49d0a-f9d4-4d91-8555-9390b3e625dd_1786114787.jpg&v=1786131583","https://five.epicollect.net/api/media/mycoponics-porterfield?type=photo&format=entry_original&name=34d49d0a-f9d4-4d91-8555-9390b3e625dd_1786114811.jpg&v=1786131583","https://five.epicollect.net/api/media/mycoponics-porterfield?type=photo&format=entry_original&name=34d49d0a-f9d4-4d91-8555-9390b3e625dd_1786114832.jpg&v=1786131583","https://five.epicollect.net/api/media/mycoponics-porterfield?type=photo&format=entry_original&name=34d49d0a-f9d4-4d91-8555-9390b3e625dd_1786114878.jpg&v=1786131583","https://five.epicollect.net/api/media/mycoponics-porterfield?type=photo&format=entry_original&name=34d49d0a-f9d4-4d91-8555-9390b3e625dd_1786114896.jpg&v=1786131583","https://five.epicollect.net/api/media/mycoponics-porterfield?type=photo&format=entry_original&name=34d49d0a-f9d4-4d91-8555-9390b3e625dd_1786114913.jpg&v=1786131583","https://five.epicollect.net/api/media/mycoponics-porterfield?type=photo&format=entry_original&name=34d49d0a-f9d4-4d91-8555-9390b3e625dd_1786114938.jpg&v=1786131583","https://five.epicollect.net/api/media/mycoponics-porterfield?type=photo&format=entry_original&name=34d49d0a-f9d4-4d91-8555-9390b3e625dd_1786114958.jpg&v=1786131583","https://five.epicollect.net/api/media/mycoponics-porterfield?type=photo&format=entry_original&name=34d49d0a-f9d4-4d91-8555-9390b3e625dd_1786114994.jpg&v=1786131583","https://five.epicollect.net/api/media/mycoponics-porterfield?type=photo&format=entry_original&name=34d49d0a-f9d4-4d91-8555-9390b3e625dd_1786115011.jpg&v=1786131583","https://five.epicollect.net/api/media/mycoponics-porterfield?type=photo&format=entry_original&name=34d49d0a-f9d4-4d91-8555-9390b3e625dd_1786115077.jpg&v=1786131583","https://five.epicollect.net/api/media/mycoponics-porterfield?type=photo&format=entry_original&name=34d49d0a-f9d4-4d91-8555-9390b3e625dd_1786115096.jpg&v=1786131583","https://five.epicollect.net/api/media/mycoponics-porterfield?type=photo&format=entry_original&name=34d49d0a-f9d4-4d91-8555-9390b3e625dd_1786115119.jpg&v=1786131583","","","","","","","","","","","","","","","","","","","B1","8/7/2026 2:48:32 PM","351d1278-fe80-48d4-99b7-5df11d522f8d","34d49d0a-f9d4-4d91-8555-9390b3e625dd","B1","8/7/2026 7:39:43 PM"
"12","[""Yes""]","6","55","[""No""]","[""No""]","","","","[]","","","[""No""]","","","","","","","","","","","","","","","","","","","","","","","","","","","","","","","","C4","8/26/2026 4:07:05 PM","6e4c3330-9207-11f1-ba24-e7a1a5a09e42","353bc2fd-4763-47a6-8dca-5756aead275a","C4","8/26/2026 4:07:26 PM"
"23","[""No""]","12","10","[""Yes""]","[""Yes""]","13.6","13.6","#BB6921","["" Orange""]","","brown specks in otherwise clear orange fluid. (very sparse)","[""No""]","","","","","","","","","","","","","","","","","","","","","","","","","","","","","","","","A2","8/26/2026 1:44:53 AM","52680b20-9208-11f1-985c-f79deada967f","355f1f15-f8af-4616-abb8-5225d53fba11","A2","8/26/2026 1:44:55 AM"
"12","[""No""]","3","9","[""Yes""]","[""Yes""]","8","8","#604E00","[""Green""]","","","[""No""]","","","","","","","","","","","","","","","","","","","","","","","","","","","","","","","","D2","8/26/2026 6:00:31 PM","16818790-9207-11f1-a488-057d0ae059c0","3591999f-9ab6-4251-82ba-8f13fb9a5bd1","D2","8/26/2026 6:00:48 PM"
"1","[""Yes""]","6","54","[""Yes""]","[""Yes""]","13.3","23.3","#6D5D24","[""Amber""]","","","[""Yes""]","https://five.epicollect.net/api/media/mycoponics-porterfield?type=photo&format=entry_original&name=35d8badb-5447-464e-b139-851d9cb4383e_1788044559.jpg&v=1788044586","https://five.epicollect.net/api/media/mycoponics-porterfield?type=photo&format=entry_original&name=35d8badb-5447-464e-b139-851d9cb4383e_1788044561.jpg&v=1788044586","https://five.epicollect.net/api/media/mycoponics-porterfield?type=photo&format=entry_original&name=35d8badb-5447-464e-b139-851d9cb4383e_1788044564.jpg&v=1788044586","https://five.epicollect.net/api/media/mycoponics-porterfield?type=photo&format=entry_original&name=35d8badb-5447-464e-b139-851d9cb4383e_1788044567.jpg&v=1788044586","https://five.epicollect.net/api/media/mycoponics-porterfield?type=photo&format=entry_original&name=35d8badb-5447-464e-b139-851d9cb4383e_1788044571.jpg&v=1788044586","https://five.epicollect.net/api/media/mycoponics-porterfield?type=photo&format=entry_original&name=35d8badb-5447-464e-b139-851d9cb4383e_1788044573.jpg&v=1788044586","https://five.epicollect.net/api/media/mycoponics-porterfield?type=photo&format=entry_original&name=35d8badb-5447-464e-b139-851d9cb4383e_1788044577.jpg&v=1788044586","https://five.epicollect.net/api/media/mycoponics-porterfield?type=photo&format=entry_original&name=35d8badb-5447-464e-b139-851d9cb4383e_1788044580.jpg&v=1788044586","https://five.epicollect.net/api/media/mycoponics-porterfield?type=photo&format=entry_original&name=35d8badb-5447-464e-b139-851d9cb4383e_1788044582.jpg&v=1788044586","","","","","","","","","","","","","","","","","","","","","","","C4","8/26/2026 2:33:03 PM","992fd070-9207-11f1-b651-5d6fce51deb5","35d8badb-5447-464e-b139-851d9cb4383e","C4","8/29/2026 11:03:06 PM"
"34","[""No""]","4","30","[""Yes""]","[""Yes""]","14","16","","[""Green""]","","No media leaking is visible, but Green coloration was obtained.","[""Yes""]","https://five.epicollect.net/api/media/mycoponics-porterfield?type=photo&format=entry_original&name=36057afe-d006-41d9-9913-550d10a6619c_1788712787.jpg&v=1788712845","https://five.epicollect.net/api/media/mycoponics-porterfield?type=photo&format=entry_original&name=36057afe-d006-41d9-9913-550d10a6619c_1788712793.jpg&v=1788712845","https://five.epicollect.net/api/media/mycoponics-porterfield?type=photo&format=entry_original&name=36057afe-d006-41d9-9913-550d10a6619c_1788712799.jpg&v=1788712845","https://five.epicollect.net/api/media/mycoponics-porterfield?type=photo&format=entry_original&name=36057afe-d006-41d9-9913-550d10a6619c_1788712804.jpg&v=1788712845","https://five.epicollect.net/api/media/mycoponics-porterfield?type=photo&format=entry_original&name=36057afe-d006-41d9-9913-550d10a6619c_1788712809.jpg&v=1788712845","https://five.epicollect.net/api/media/mycoponics-porterfield?type=photo&format=entry_original&name=36057afe-d006-41d9-9913-550d10a6619c_1788712815.jpg&v=1788712845","https://five.epicollect.net/api/media/mycoponics-porterfield?type=photo&format=entry_original&name=36057afe-d006-41d9-9913-550d10a6619c_1788712823.jpg&v=1788712845","https://five.epicollect.net/api/media/mycoponics-porterfield?type=photo&format=entry_original&name=36057afe-d006-41d9-9913-550d10a6619c_1788712828.jpg&v=1788712845","https://five.epicollect.net/api/media/mycoponics-porterfield?type=photo&format=entry_original&name=36057afe-d006-41d9-9913-550d10a6619c_1788712834.jpg&v=1788712845","https://five.epicollect.net/api/media/mycoponics-porterfield?type=photo&format=entry_original&name=36057afe-d006-41d9-9913-550d10a6619c_1788712840.jpg&v=1788712845","","","","","","","","","","","","","","","","","","","","","","C1","8/29/2026 7:29:41 PM","7e15b680-9205-11f1-bc95-0954c57f36fb","36057afe-d006-41d9-9913-550d10a6619c","C1","9/6/2026 4:40:45 PM"
"5","[""Yes""]","5","30","[""No""]","[""No""]","","","","[""Clear""]","","","[""No""]","","","","","","","","","","","","","","","","","","","","","","","","","","","","","","","","A4","8/26/2026 5:33:34 PM","29a87bd0-9207-11f1-9186-31d4e5d7aabc","36a5f1c3-9876-4204-965c-dc7c22378d22","A4","8/26/2026 5:33:39 PM"
"54","[""No""]","0","54","[""Yes""]","[""Yes""]","5.5","5.5","#3a3620","[""Brown""]","","the wire keeps touching the mycelia!!!!! also theres brown exudate on the air filters","[""Yes""]","https://five.epicollect.net/api/media/mycoponics-porterfield?type=photo&format=entry_original&name=36eb940d-ead7-4ec9-a7b6-01cf6b98234a_1788734013.jpg&v=1788734103","https://five.epicollect.net/api/media/mycoponics-porterfield?type=photo&format=entry_original&name=36eb940d-ead7-4ec9-a7b6-01cf6b98234a_1788734017.jpg&v=1788734103","https://five.epicollect.net/api/media/mycoponics-porterfield?type=photo&format=entry_original&name=36eb940d-ead7-4ec9-a7b6-01cf6b98234a_1788734020.jpg&v=1788734103","https://five.epicollect.net/api/media/mycoponics-porterfield?type=photo&format=entry_original&name=36eb940d-ead7-4ec9-a7b6-01cf6b98234a_1788734023.jpg&v=1788734103","https://five.epicollect.net/api/media/mycoponics-porterfield?type=photo&format=entry_original&name=36eb940d-ead7-4ec9-a7b6-01cf6b98234a_1788734026.jpg&v=1788734103","https://five.epicollect.net/api/media/mycoponics-porterfield?type=photo&format=entry_original&name=36eb940d-ead7-4ec9-a7b6-01cf6b98234a_1788734028.jpg&v=1788734103","https://five.epicollect.net/api/media/mycoponics-porterfield?type=photo&format=entry_original&name=36eb940d-ead7-4ec9-a7b6-01cf6b98234a_1788734031.jpg&v=1788734103","https://five.epicollect.net/api/media/mycoponics-porterfield?type=photo&format=entry_original&name=36eb940d-ead7-4ec9-a7b6-01cf6b98234a_1788734034.jpg&v=1788734103","https://five.epicollect.net/api/media/mycoponics-porterfield?type=photo&format=entry_original&name=36eb940d-ead7-4ec9-a7b6-01cf6b98234a_1788734037.jpg&v=1788734103","https://five.epicollect.net/api/media/mycoponics-porterfield?type=photo&format=entry_original&name=36eb940d-ead7-4ec9-a7b6-01cf6b98234a_1788734040.jpg&v=1788734103","https://five.epicollect.net/api/media/mycoponics-porterfield?type=photo&format=entry_original&name=36eb940d-ead7-4ec9-a7b6-01cf6b98234a_1788734044.jpg&v=1788734103","https://five.epicollect.net/api/media/mycoponics-porterfield?type=photo&format=entry_original&name=36eb940d-ead7-4ec9-a7b6-01cf6b98234a_1788734047.jpg&v=1788734103","https://five.epicollect.net/api/media/mycoponics-porterfield?type=photo&format=entry_original&name=36eb940d-ead7-4ec9-a7b6-01cf6b98234a_1788734050.jpg&v=1788734103","https://five.epicollect.net/api/media/mycoponics-porterfield?type=photo&format=entry_original&name=36eb940d-ead7-4ec9-a7b6-01cf6b98234a_1788734053.jpg&v=1788734103","https://five.epicollect.net/api/media/mycoponics-porterfield?type=photo&format=entry_original&name=36eb940d-ead7-4ec9-a7b6-01cf6b98234a_1788734060.jpg&v=1788734103","https://five.epicollect.net/api/media/mycoponics-porterfield?type=photo&format=entry_original&name=36eb940d-ead7-4ec9-a7b6-01cf6b98234a_1788734065.jpg&v=1788734103","https://five.epicollect.net/api/media/mycoponics-porterfield?type=photo&format=entry_original&name=36eb940d-ead7-4ec9-a7b6-01cf6b98234a_1788734069.jpg&v=1788734103","https://five.epicollect.net/api/media/mycoponics-porterfield?type=photo&format=entry_original&name=36eb940d-ead7-4ec9-a7b6-01cf6b98234a_1788734073.jpg&v=1788734103","https://five.epicollect.net/api/media/mycoponics-porterfield?type=photo&format=entry_original&name=36eb940d-ead7-4ec9-a7b6-01cf6b98234a_1788734077.jpg&v=1788734103","https://five.epicollect.net/api/media/mycoponics-porterfield?type=photo&format=entry_original&name=36eb940d-ead7-4ec9-a7b6-01cf6b98234a_1788734080.jpg&v=1788734103","https://five.epicollect.net/api/media/mycoponics-porterfield?type=photo&format=entry_original&name=36eb940d-ead7-4ec9-a7b6-01cf6b98234a_1788734083.jpg&v=1788734103","https://five.epicollect.net/api/media/mycoponics-porterfield?type=photo&format=entry_original&name=36eb940d-ead7-4ec9-a7b6-01cf6b98234a_1788734085.jpg&v=1788734103","https://five.epicollect.net/api/media/mycoponics-porterfield?type=photo&format=entry_original&name=36eb940d-ead7-4ec9-a7b6-01cf6b98234a_1788734087.jpg&v=1788734103","https://five.epicollect.net/api/media/mycoponics-porterfield?type=photo&format=entry_original&name=36eb940d-ead7-4ec9-a7b6-01cf6b98234a_1788734090.jpg&v=1788734103","https://five.epicollect.net/api/media/mycoponics-porterfield?type=photo&format=entry_original&name=36eb940d-ead7-4ec9-a7b6-01cf6b98234a_1788734092.jpg&v=1788734103","https://five.epicollect.net/api/media/mycoponics-porterfield?type=photo&format=entry_original&name=36eb940d-ead7-4ec9-a7b6-01cf6b98234a_1788734095.jpg&v=1788734103","https://five.epicollect.net/api/media/mycoponics-porterfield?type=photo&format=entry_original&name=36eb940d-ead7-4ec9-a7b6-01cf6b98234a_1788734097.jpg&v=1788734103","https://five.epicollect.net/api/media/mycoponics-porterfield?type=photo&format=entry_original&name=36eb940d-ead7-4ec9-a7b6-01cf6b98234a_1788734100.jpg&v=1788734103","","","today we switched the humidifiers from c to b","B1","8/29/2026 7:17:32 PM","c3bb9ba0-9205-11f1-9bf5-b15c7c68ff3f","36eb940d-ead7-4ec9-a7b6-01cf6b98234a","B1","9/6/2026 10:35:03 PM"
"10","[""No""]","4","6","[""Yes""]","[""Yes""]","15","20","#260300","[""Red""]","","The color is the most dark red I have ever seen in exudates. In the past, this tube had problems with really diluted exudates at the bottom, but probally it was due to the jar. Now that we got to control the humidity and leaks into the jar this color seems super concentrated.","[""No""]","","","","","","","","","","","","","","","","","","","","","","","","","","","","","","","","A2","8/26/2026 5:27:01 PM","309c1dc0-9207-11f1-9186-31d4e5d7aabc","3726a3f2-ef7f-48e0-9b5b-e7d3cdf098e2","A2","8/26/2026 5:27:04 PM"
"48","[""No""]","4","44","[""Yes""]","[""Yes""]","7","7","#B88C3C","[""Green""]","","The mushroom is pretty old but the exudate is green... is it not digesting the media properly?","[""No""]","","","","","","","","","","","","","","","","","","","","","","","","","","","","","","","","C1","8/26/2026 6:18:45 PM","a1eeb1f0-9206-11f1-b07c-23192f0e7dfa","372ed084-1d19-43fa-920e-d2a079d2fb09","C1","8/26/2026 6:18:56 PM"
"14","[""No""]","4","10","[""Yes""]","[""No""]","","","","[""Yellow""]","","The humidity has been really low on these chambers, thus the exudate production has decrease a lot, to the point to not produce anything a day.","[""No""]","","","","","","","","","","","","","","","","","","","","","","","","","","","","","","","Bearly any humidity inside the jar, humidity is not that low in percentage but it seems to be affecting a lot the groth and exudate production of the mushroom. It is growing some noodles that could be  fruting bodies or future exudophores Contamination: Confirmed.","D1","8/28/2026 12:49:19 PM","42238840-9206-11f1-b91a-4736f6a951ba","373791a5-677a-4ed8-9123-ed3270bb6277","D1","8/28/2026 12:49:33 PM"
"15","[""No""]","5","10","[""Yes""]","[""Yes""]","14","14","#B8650D","[]","","There is some white tissue in the bottom, it might be mycelium growing. Red exudate not super concentrated.","[""Yes""]","https://five.epicollect.net/api/media/mycoponics-porterfield?type=photo&format=entry_original&name=3757a7ae-acf1-42bf-88cf-dcfc4e341e32_1788747610.jpg&v=1788747631","https://five.epicollect.net/api/media/mycoponics-porterfield?type=photo&format=entry_original&name=3757a7ae-acf1-42bf-88cf-dcfc4e341e32_1788747615.jpg&v=1788747631","https://five.epicollect.net/api/media/mycoponics-porterfield?type=photo&format=entry_original&name=3757a7ae-acf1-42bf-88cf-dcfc4e341e32_1788747619.jpg&v=1788747631","https://five.epicollect.net/api/media/mycoponics-porterfield?type=photo&format=entry_original&name=3757a7ae-acf1-42bf-88cf-dcfc4e341e32_1788747624.jpg&v=1788747631","","","","","","","","","","","","","","","","","","","","","","","","","","","","C2","8/29/2026 7:09:34 PM","d76eca50-9205-11f1-ba5f-319f359841fc","3757a7ae-acf1-42bf-88cf-dcfc4e341e32","C2","9/7/2026 2:20:31 AM"
"25","[""No""]","5","20","[""Yes""]","[""Yes""]","8","8","","[""Amber""]","","Intense coloration, no water leak is detected, not even one vial was filled.","[""Yes""]","https://five.epicollect.net/api/media/mycoponics-porterfield?type=photo&format=entry_original&name=37724f88-3b4b-4e46-8a80-8cf0fad173d8_1788715216.jpg&v=1788715231","https://five.epicollect.net/api/media/mycoponics-porterfield?type=photo&format=entry_original&name=37724f88-3b4b-4e46-8a80-8cf0fad173d8_1788715220.jpg&v=1788715231","https://five.epicollect.net/api/media/mycoponics-porterfield?type=photo&format=entry_original&name=37724f88-3b4b-4e46-8a80-8cf0fad173d8_1788715225.jpg&v=1788715231","","","","","","","","","","","","","","","","","","","","","","","","","","","","","B2","8/29/2026 7:24:22 PM","8b5a78d0-9205-11f1-bc95-0954c57f36fb","37724f88-3b4b-4e46-8a80-8cf0fad173d8","B2","9/6/2026 5:20:31 PM"
"24","[""No""]","3","21","[""Yes""]","[""Yes""]","12.6","12.6","#506638","[""Green""]","","neon green media. not collecting in freezer.","[""No""]","","","","","","","","","","","","","","","","","","","","","","","","","","","","","","","","A3","8/26/2026 1:44:53 AM","52680b20-9208-11f1-985c-f79deada967f","3788dcbd-34ad-4c17-acbc-d5b6c90ad8dc","A3","8/26/2026 1:44:56 AM"
"20","[""Yes""]","20","32","[""Yes""]","[""Yes""]","15","48","#8c7e54","[""Yellow""]","","","[""No""]","","","","","","","","","","","","","","","","","","","","","","","","","","","","","","","Media notes: no burp.","C3","8/29/2026 7:07:31 PM","0c11aca0-9206-11f1-9518-87ccf2fafc79","3794e7ea-de8d-442b-a41f-af1f70b7cf30","C3","8/29/2026 7:07:51 PM"
"22","[""Yes""]","11","50","[""Yes""]","[""Yes""]","11.8","34.5","#704c23","["" Orange""]","","viscous yellowish-orange, clear","[""Yes""]","https://five.epicollect.net/api/media/mycoponics-porterfield?type=photo&format=entry_original&name=379f8120-a3e7-45bc-8b33-18e6ea1c46e6_1788753122.jpg&v=1788753128","https://five.epicollect.net/api/media/mycoponics-porterfield?type=photo&format=entry_original&name=379f8120-a3e7-45bc-8b33-18e6ea1c46e6_1788753124.jpg&v=1788753128","https://five.epicollect.net/api/media/mycoponics-porterfield?type=photo&format=entry_original&name=379f8120-a3e7-45bc-8b33-18e6ea1c46e6_1788753126.jpg&v=1788753128","","","","","","","","","","","","","","","","","","","","","","","","","","","","","B1","8/26/2026 5:20:18 PM","45476810-9207-11f1-8555-b77c5e5555d6","379f8120-a3e7-45bc-8b33-18e6ea1c46e6","B1","9/7/2026 3:52:08 AM"
"34","[""No""]","-23","23","[""Yes""]","[""Yes""]","14.4","23","#515729","[""Green""]","","media","[""No""]","","","","","","","","","","","","","","","","","","","","","","","","","","","","","","","","B4","8/26/2026 1:20:01 AM","59ab7ac0-9208-11f1-bc48-c9fd0cd355af","37b9746c-796f-468b-81e7-8a8d8908f0db","B4","8/26/2026 1:20:10 AM"
"10","[""No""]","5","5","[""No""]","[""No""]","","","","[]","","","[""No""]","","","","","","","","","","","","","","","","","","","","","","","","","","","","","","","","C3","8/26/2026 6:21:45 PM","75fb7970-9206-11f1-a57e-abc999418cec","37c6af97-1bd8-4054-89a0-011d2ff49941","C3","8/26/2026 6:22:05 PM"
"1","[""Yes""]","6","42","[""Yes""]","[""Yes""]","8","8","#956C18","[""Yellow""]","","","[""No""]","","","","","","","","","","","","","","","","","","","","","","","","","","","","","","","","B2","8/26/2026 5:22:58 PM","3cb0c480-9207-11f1-8555-b77c5e5555d6","38500bdb-f229-4f0d-9de6-115b6137a313","B2","8/26/2026 5:23:06 PM"
"6","[""Yes""]","10","38","[""Yes""]","[""Yes""]","12.5","12.5","#5F5033","[""Brown""]","","brown w green tint. smelled bad","[""Yes""]","https://five.epicollect.net/api/media/mycoponics-porterfield?type=photo&format=entry_original&name=385b2b4f-baf7-466e-aa73-4aac205bb4d4_1788747098.jpg&v=1788747220","https://five.epicollect.net/api/media/mycoponics-porterfield?type=photo&format=entry_original&name=385b2b4f-baf7-466e-aa73-4aac205bb4d4_1788747101.jpg&v=1788747220","https://five.epicollect.net/api/media/mycoponics-porterfield?type=photo&format=entry_original&name=385b2b4f-baf7-466e-aa73-4aac205bb4d4_1788747104.jpg&v=1788747220","https://five.epicollect.net/api/media/mycoponics-porterfield?type=photo&format=entry_original&name=385b2b4f-baf7-466e-aa73-4aac205bb4d4_1788747106.jpg&v=1788747220","https://five.epicollect.net/api/media/mycoponics-porterfield?type=photo&format=entry_original&name=385b2b4f-baf7-466e-aa73-4aac205bb4d4_1788747109.jpg&v=1788747220","https://five.epicollect.net/api/media/mycoponics-porterfield?type=photo&format=entry_original&name=385b2b4f-baf7-466e-aa73-4aac205bb4d4_1788747111.jpg&v=1788747220","https://five.epicollect.net/api/media/mycoponics-porterfield?type=photo&format=entry_original&name=385b2b4f-baf7-466e-aa73-4aac205bb4d4_1788747113.jpg&v=1788747220","https://five.epicollect.net/api/media/mycoponics-porterfield?type=photo&format=entry_original&name=385b2b4f-baf7-466e-aa73-4aac205bb4d4_1788747116.jpg&v=1788747220","https://five.epicollect.net/api/media/mycoponics-porterfield?type=photo&format=entry_original&name=385b2b4f-baf7-466e-aa73-4aac205bb4d4_1788747119.jpg&v=1788747220","https://five.epicollect.net/api/media/mycoponics-porterfield?type=photo&format=entry_original&name=385b2b4f-baf7-466e-aa73-4aac205bb4d4_1788747122.jpg&v=1788747220","https://five.epicollect.net/api/media/mycoponics-porterfield?type=photo&format=entry_original&name=385b2b4f-baf7-466e-aa73-4aac205bb4d4_1788747125.jpg&v=1788747220","https://five.epicollect.net/api/media/mycoponics-porterfield?type=photo&format=entry_original&name=385b2b4f-baf7-466e-aa73-4aac205bb4d4_1788747127.jpg&v=1788747220","https://five.epicollect.net/api/media/mycoponics-porterfield?type=photo&format=entry_original&name=385b2b4f-baf7-466e-aa73-4aac205bb4d4_1788747213.jpg&v=1788747220","https://five.epicollect.net/api/media/mycoponics-porterfield?type=photo&format=entry_original&name=385b2b4f-baf7-466e-aa73-4aac205bb4d4_1788747129.jpg&v=1788747220","https://five.epicollect.net/api/media/mycoponics-porterfield?type=photo&format=entry_original&name=385b2b4f-baf7-466e-aa73-4aac205bb4d4_1788747132.jpg&v=1788747220","https://five.epicollect.net/api/media/mycoponics-porterfield?type=photo&format=entry_original&name=385b2b4f-baf7-466e-aa73-4aac205bb4d4_1788747134.jpg&v=1788747220","https://five.epicollect.net/api/media/mycoponics-porterfield?type=photo&format=entry_original&name=385b2b4f-baf7-466e-aa73-4aac205bb4d4_1788747137.jpg&v=1788747220","https://five.epicollect.net/api/media/mycoponics-porterfield?type=photo&format=entry_original&name=385b2b4f-baf7-466e-aa73-4aac205bb4d4_1788747140.jpg&v=1788747220","https://five.epicollect.net/api/media/mycoponics-porterfield?type=photo&format=entry_original&name=385b2b4f-baf7-466e-aa73-4aac205bb4d4_1788747143.jpg&v=1788747220","https://five.epicollect.net/api/media/mycoponics-porterfield?type=photo&format=entry_original&name=385b2b4f-baf7-466e-aa73-4aac205bb4d4_1788747145.jpg&v=1788747220","https://five.epicollect.net/api/media/mycoponics-porterfield?type=photo&format=entry_original&name=385b2b4f-baf7-466e-aa73-4aac205bb4d4_1788747148.jpg&v=1788747220","https://five.epicollect.net/api/media/mycoponics-porterfield?type=photo&format=entry_original&name=385b2b4f-baf7-466e-aa73-4aac205bb4d4_1788747151.jpg&v=1788747220","https://five.epicollect.net/api/media/mycoponics-porterfield?type=photo&format=entry_original&name=385b2b4f-baf7-466e-aa73-4aac205bb4d4_1788747153.jpg&v=1788747220","https://five.epicollect.net/api/media/mycoponics-porterfield?type=photo&format=entry_original&name=385b2b4f-baf7-466e-aa73-4aac205bb4d4_1788747157.jpg&v=1788747220","https://five.epicollect.net/api/media/mycoponics-porterfield?type=photo&format=entry_original&name=385b2b4f-baf7-466e-aa73-4aac205bb4d4_1788747160.jpg&v=1788747220","https://five.epicollect.net/api/media/mycoponics-porterfield?type=photo&format=entry_original&name=385b2b4f-baf7-466e-aa73-4aac205bb4d4_1788747170.jpg&v=1788747220","https://five.epicollect.net/api/media/mycoponics-porterfield?type=photo&format=entry_original&name=385b2b4f-baf7-466e-aa73-4aac205bb4d4_1788747174.jpg&v=1788747220","https://five.epicollect.net/api/media/mycoponics-porterfield?type=photo&format=entry_original&name=385b2b4f-baf7-466e-aa73-4aac205bb4d4_1788747178.jpg&v=1788747220","","","","B1","8/29/2026 7:09:34 PM","d76eca50-9205-11f1-ba5f-319f359841fc","385b2b4f-baf7-466e-aa73-4aac205bb4d4","B1","9/7/2026 2:13:40 AM"
"50","[""No""]","4","46","[""No""]","[""No""]","","","","[]","","not enough to recollect","[""No""]","","","","","","","","","","","","","","","","","","","","","","","","","","","","","","","","C1","8/26/2026 5:17:32 PM","54fc4000-9207-11f1-aadd-df4879ec2771","38a5e7f4-c4e7-4b46-a8d0-fad4c3a89b26","C1","8/26/2026 5:17:44 PM"
"0","[""Yes""]","0","60","[""No""]","[""No""]","","","","[]","","","[""Yes""]","https://five.epicollect.net/api/media/mycoponics-porterfield?type=photo&format=entry_original&name=394717a0-523c-4e01-a1d3-86316337efce_1788709507.jpg&v=1788709522","https://five.epicollect.net/api/media/mycoponics-porterfield?type=photo&format=entry_original&name=394717a0-523c-4e01-a1d3-86316337efce_1788709510.jpg&v=1788709522","https://five.epicollect.net/api/media/mycoponics-porterfield?type=photo&format=entry_original&name=394717a0-523c-4e01-a1d3-86316337efce_1788709512.jpg&v=1788709522","https://five.epicollect.net/api/media/mycoponics-porterfield?type=photo&format=entry_original&name=394717a0-523c-4e01-a1d3-86316337efce_1788709515.jpg&v=1788709522","https://five.epicollect.net/api/media/mycoponics-porterfield?type=photo&format=entry_original&name=394717a0-523c-4e01-a1d3-86316337efce_1788709517.jpg&v=1788709522","","","","","","","","","","","","","","","","","","","","","","","","","","Same as before- muddy fogginess that creates opacity sort of Contamination: Confirmed. Colonization: Fully colonized (90%). Surface density: Dense, thick mycelial tissue. Edge activity: Contamination expanding.","D1","8/29/2026 8:52:48 PM","12d43e60-9204-11f1-9262-61c43e67bcf5","394717a0-523c-4e01-a1d3-86316337efce","D1","9/6/2026 3:45:22 PM"
"6","[""No""]","0","6","[""No""]","[""No""]","","","","[]","","","[""Yes""]","https://five.epicollect.net/api/media/mycoponics-porterfield?type=photo&format=entry_original&name=39adc982-0c35-42aa-9088-be2ab50cd837_1788748596.jpg&v=1788748741","https://five.epicollect.net/api/media/mycoponics-porterfield?type=photo&format=entry_original&name=39adc982-0c35-42aa-9088-be2ab50cd837_1788748599.jpg&v=1788748741","https://five.epicollect.net/api/media/mycoponics-porterfield?type=photo&format=entry_original&name=39adc982-0c35-42aa-9088-be2ab50cd837_1788748602.jpg&v=1788748741","https://five.epicollect.net/api/media/mycoponics-porterfield?type=photo&format=entry_original&name=39adc982-0c35-42aa-9088-be2ab50cd837_1788748612.jpg&v=1788748741","https://five.epicollect.net/api/media/mycoponics-porterfield?type=photo&format=entry_original&name=39adc982-0c35-42aa-9088-be2ab50cd837_1788748616.jpg&v=1788748741","https://five.epicollect.net/api/media/mycoponics-porterfield?type=photo&format=entry_original&name=39adc982-0c35-42aa-9088-be2ab50cd837_1788748630.jpg&v=1788748741","https://five.epicollect.net/api/media/mycoponics-porterfield?type=photo&format=entry_original&name=39adc982-0c35-42aa-9088-be2ab50cd837_1788748622.jpg&v=1788748741","https://five.epicollect.net/api/media/mycoponics-porterfield?type=photo&format=entry_original&name=39adc982-0c35-42aa-9088-be2ab50cd837_1788748633.jpg&v=1788748741","https://five.epicollect.net/api/media/mycoponics-porterfield?type=photo&format=entry_original&name=39adc982-0c35-42aa-9088-be2ab50cd837_1788748671.jpg&v=1788748741","https://five.epicollect.net/api/media/mycoponics-porterfield?type=photo&format=entry_original&name=39adc982-0c35-42aa-9088-be2ab50cd837_1788748674.jpg&v=1788748741","https://five.epicollect.net/api/media/mycoponics-porterfield?type=photo&format=entry_original&name=39adc982-0c35-42aa-9088-be2ab50cd837_1788748734.jpg&v=1788748741","https://five.epicollect.net/api/media/mycoponics-porterfield?type=photo&format=entry_original&name=39adc982-0c35-42aa-9088-be2ab50cd837_1788748737.jpg&v=1788748741","","","","","","","","","","","","","","","","","","","","D3","8/29/2026 7:08:22 PM","dac34c80-9205-11f1-ba5f-319f359841fc","39adc982-0c35-42aa-9088-be2ab50cd837","D3","9/7/2026 2:39:01 AM"
"27","[""No""]","7","11","[""No""]","[""Yes""]","14","30","#6b7241","[""Green""]","","(NOT COLLECTED IN FREEZER?) media, cloudy","[""No""]","","","","","","","","","","","","","","","","","","","","","","","","","","","","","","","","D4","8/26/2026 2:55:00 PM","7621f7c0-9207-11f1-ba24-e7a1a5a09e42","39b12620-bfd5-40ec-ae09-c71f645e0f75","D4","8/26/2026 2:55:24 PM"
"25","[""No""]","5","20","[""Yes""]","[""Yes""]","14","28","#7B5410","[""Yellow""]","","had contamination in the bottom, but i still collected. it is not the clearest it could be. a pale lime color with black specks concentrated at the bottom of the vial, and a paper-like chunk of black-speckness.","[""No""]","","","","","","","","","","","","","","","","","","","","","","","","","","","","","","","","C3","8/26/2026 5:17:32 PM","54fc4000-9207-11f1-aadd-df4879ec2771","39b1c7f3-3d08-41a8-af1e-ec7d06c13924","C3","8/26/2026 5:17:47 PM"
"5","[""Yes""]","4","55","[""No""]","[""No""]","","","","[]","","","[""Yes""]","https://five.epicollect.net/api/media/mycoponics-porterfield?type=photo&format=entry_original&name=3a48b058-05c6-4c49-86d0-f36bbe0e66c9_1788731155.jpg&v=1788731175","https://five.epicollect.net/api/media/mycoponics-porterfield?type=photo&format=entry_original&name=3a48b058-05c6-4c49-86d0-f36bbe0e66c9_1788731160.jpg&v=1788731175","https://five.epicollect.net/api/media/mycoponics-porterfield?type=photo&format=entry_original&name=3a48b058-05c6-4c49-86d0-f36bbe0e66c9_1788731164.jpg&v=1788731175","https://five.epicollect.net/api/media/mycoponics-porterfield?type=photo&format=entry_original&name=3a48b058-05c6-4c49-86d0-f36bbe0e66c9_1788731168.jpg&v=1788731175","","","","","","","","","","","","","","","","","","","","","","","","","","","","B4","8/29/2026 7:19:59 PM","bb647210-9205-11f1-9bf5-b15c7c68ff3f","3a48b058-05c6-4c49-86d0-f36bbe0e66c9","B4","9/6/2026 9:46:15 PM"
"54","[""No""]","0","54","[""Yes""]","[""Yes""]","8.5","8.5","#19171F","[""Brown""]","","too dark to see anything inside","[""No""]","","","","","","","","","","","","","","","","","","","","","","","","","","","","","","","","A1","8/26/2026 12:50:07 PM","9dd3dd10-9207-11f1-b651-5d6fce51deb5","3a7caddc-cca4-4854-b6b3-aa122fe2eff5","A1","8/26/2026 12:50:08 PM"
"18","[""No""]","14","14","[""Yes""]","[""Yes""]","5.5","5.5","#5C540E","[]","","","[""Yes""]","","","","","","","","","","","","","","","","","","","","","","","","","","","","","","","the fungi has two big noddles that never finished developing. The exudophore used to have exudates but due to the low humidity no exudates are visible anymore. A part of the mycelium was cut to have as a sample for a past experiment, however this part started to heal and grow mycelium, now this part is growing a grey tissue that i am not sure if it is still part of the mycelium or some type of mold. Contamination: Possible. Colonization: Fully colonized (over 90%). Surface density: Very dense/overgrown/3D structures. Edge activity: Moderate active growth. Exudophore formation: Active exudation, branches covered in fuzzy mycelium. Localization density: sparse. Odor: None.","C1","8/29/2026 9:28:46 PM","559b5ba0-9206-11f1-b91a-4736f6a951ba","3bc08a8a-bee3-411c-89b6-0fd0a7741008","C1","8/29/2026 9:30:55 PM"
"53","[""No""]","0","53","[""Yes""]","[""Yes""]","10.5","10.5","#cbad63","[""Yellow""]","","","[""Yes""]","https://five.epicollect.net/api/media/mycoponics-porterfield?type=photo&format=entry_original&name=3c00ec40-7895-4bf2-976e-77f0e3e005b8_1788734234.jpg&v=1788734291","https://five.epicollect.net/api/media/mycoponics-porterfield?type=photo&format=entry_original&name=3c00ec40-7895-4bf2-976e-77f0e3e005b8_1788734238.jpg&v=1788734291","https://five.epicollect.net/api/media/mycoponics-porterfield?type=photo&format=entry_original&name=3c00ec40-7895-4bf2-976e-77f0e3e005b8_1788734241.jpg&v=1788734291","https://five.epicollect.net/api/media/mycoponics-porterfield?type=photo&format=entry_original&name=3c00ec40-7895-4bf2-976e-77f0e3e005b8_1788734245.jpg&v=1788734291","https://five.epicollect.net/api/media/mycoponics-porterfield?type=photo&format=entry_original&name=3c00ec40-7895-4bf2-976e-77f0e3e005b8_1788734248.jpg&v=1788734291","https://five.epicollect.net/api/media/mycoponics-porterfield?type=photo&format=entry_original&name=3c00ec40-7895-4bf2-976e-77f0e3e005b8_1788734250.jpg&v=1788734291","https://five.epicollect.net/api/media/mycoponics-porterfield?type=photo&format=entry_original&name=3c00ec40-7895-4bf2-976e-77f0e3e005b8_1788734252.jpg&v=1788734291","https://five.epicollect.net/api/media/mycoponics-porterfield?type=photo&format=entry_original&name=3c00ec40-7895-4bf2-976e-77f0e3e005b8_1788734255.jpg&v=1788734291","https://five.epicollect.net/api/media/mycoponics-porterfield?type=photo&format=entry_original&name=3c00ec40-7895-4bf2-976e-77f0e3e005b8_1788734257.jpg&v=1788734291","https://five.epicollect.net/api/media/mycoponics-porterfield?type=photo&format=entry_original&name=3c00ec40-7895-4bf2-976e-77f0e3e005b8_1788734259.jpg&v=1788734291","https://five.epicollect.net/api/media/mycoponics-porterfield?type=photo&format=entry_original&name=3c00ec40-7895-4bf2-976e-77f0e3e005b8_1788734261.jpg&v=1788734291","https://five.epicollect.net/api/media/mycoponics-porterfield?type=photo&format=entry_original&name=3c00ec40-7895-4bf2-976e-77f0e3e005b8_1788734264.jpg&v=1788734291","https://five.epicollect.net/api/media/mycoponics-porterfield?type=photo&format=entry_original&name=3c00ec40-7895-4bf2-976e-77f0e3e005b8_1788734266.jpg&v=1788734291","https://five.epicollect.net/api/media/mycoponics-porterfield?type=photo&format=entry_original&name=3c00ec40-7895-4bf2-976e-77f0e3e005b8_1788734269.jpg&v=1788734291","https://five.epicollect.net/api/media/mycoponics-porterfield?type=photo&format=entry_original&name=3c00ec40-7895-4bf2-976e-77f0e3e005b8_1788734271.jpg&v=1788734291","https://five.epicollect.net/api/media/mycoponics-porterfield?type=photo&format=entry_original&name=3c00ec40-7895-4bf2-976e-77f0e3e005b8_1788734275.jpg&v=1788734291","https://five.epicollect.net/api/media/mycoponics-porterfield?type=photo&format=entry_original&name=3c00ec40-7895-4bf2-976e-77f0e3e005b8_1788734278.jpg&v=1788734291","https://five.epicollect.net/api/media/mycoponics-porterfield?type=photo&format=entry_original&name=3c00ec40-7895-4bf2-976e-77f0e3e005b8_1788734281.jpg&v=1788734291","https://five.epicollect.net/api/media/mycoponics-porterfield?type=photo&format=entry_original&name=3c00ec40-7895-4bf2-976e-77f0e3e005b8_1788734284.jpg&v=1788734291","https://five.epicollect.net/api/media/mycoponics-porterfield?type=photo&format=entry_original&name=3c00ec40-7895-4bf2-976e-77f0e3e005b8_1788734287.jpg&v=1788734291","","","","","","","","","","","the side with mycelial growth and yellow exudate dripping had the most humidity","B3","8/29/2026 7:17:32 PM","c3bb9ba0-9205-11f1-9bf5-b15c7c68ff3f","3c00ec40-7895-4bf2-976e-77f0e3e005b8","B3","9/6/2026 10:38:11 PM"
"12","[""Yes""]","12","52","[""Yes""]","[""Yes""]","13.7","14","","[""Amber""]","","Very good oranigsh yellowish color, like a ray of sunshine.","[""Yes""]","https://five.epicollect.net/api/media/mycoponics-porterfield?type=photo&format=entry_original&name=3c627b2a-4a60-4c4f-86cd-fff3dcf289f4_1788719450.jpg&v=1788719532","https://five.epicollect.net/api/media/mycoponics-porterfield?type=photo&format=entry_original&name=3c627b2a-4a60-4c4f-86cd-fff3dcf289f4_1788719452.jpg&v=1788719532","https://five.epicollect.net/api/media/mycoponics-porterfield?type=photo&format=entry_original&name=3c627b2a-4a60-4c4f-86cd-fff3dcf289f4_1788719455.jpg&v=1788719532","https://five.epicollect.net/api/media/mycoponics-porterfield?type=photo&format=entry_original&name=3c627b2a-4a60-4c4f-86cd-fff3dcf289f4_1788719458.jpg&v=1788719532","https://five.epicollect.net/api/media/mycoponics-porterfield?type=photo&format=entry_original&name=3c627b2a-4a60-4c4f-86cd-fff3dcf289f4_1788719461.jpg&v=1788719532","https://five.epicollect.net/api/media/mycoponics-porterfield?type=photo&format=entry_original&name=3c627b2a-4a60-4c4f-86cd-fff3dcf289f4_1788719464.jpg&v=1788719532","https://five.epicollect.net/api/media/mycoponics-porterfield?type=photo&format=entry_original&name=3c627b2a-4a60-4c4f-86cd-fff3dcf289f4_1788719466.jpg&v=1788719532","https://five.epicollect.net/api/media/mycoponics-porterfield?type=photo&format=entry_original&name=3c627b2a-4a60-4c4f-86cd-fff3dcf289f4_1788719469.jpg&v=1788719532","https://five.epicollect.net/api/media/mycoponics-porterfield?type=photo&format=entry_original&name=3c627b2a-4a60-4c4f-86cd-fff3dcf289f4_1788719471.jpg&v=1788719532","https://five.epicollect.net/api/media/mycoponics-porterfield?type=photo&format=entry_original&name=3c627b2a-4a60-4c4f-86cd-fff3dcf289f4_1788719474.jpg&v=1788719532","https://five.epicollect.net/api/media/mycoponics-porterfield?type=photo&format=entry_original&name=3c627b2a-4a60-4c4f-86cd-fff3dcf289f4_1788719476.jpg&v=1788719532","https://five.epicollect.net/api/media/mycoponics-porterfield?type=photo&format=entry_original&name=3c627b2a-4a60-4c4f-86cd-fff3dcf289f4_1788719480.jpg&v=1788719532","https://five.epicollect.net/api/media/mycoponics-porterfield?type=photo&format=entry_original&name=3c627b2a-4a60-4c4f-86cd-fff3dcf289f4_1788719482.jpg&v=1788719532","https://five.epicollect.net/api/media/mycoponics-porterfield?type=photo&format=entry_original&name=3c627b2a-4a60-4c4f-86cd-fff3dcf289f4_1788719485.jpg&v=1788719532","https://five.epicollect.net/api/media/mycoponics-porterfield?type=photo&format=entry_original&name=3c627b2a-4a60-4c4f-86cd-fff3dcf289f4_1788719488.jpg&v=1788719532","https://five.epicollect.net/api/media/mycoponics-porterfield?type=photo&format=entry_original&name=3c627b2a-4a60-4c4f-86cd-fff3dcf289f4_1788719491.jpg&v=1788719532","https://five.epicollect.net/api/media/mycoponics-porterfield?type=photo&format=entry_original&name=3c627b2a-4a60-4c4f-86cd-fff3dcf289f4_1788719494.jpg&v=1788719532","https://five.epicollect.net/api/media/mycoponics-porterfield?type=photo&format=entry_original&name=3c627b2a-4a60-4c4f-86cd-fff3dcf289f4_1788719497.jpg&v=1788719532","https://five.epicollect.net/api/media/mycoponics-porterfield?type=photo&format=entry_original&name=3c627b2a-4a60-4c4f-86cd-fff3dcf289f4_1788719500.jpg&v=1788719532","https://five.epicollect.net/api/media/mycoponics-porterfield?type=photo&format=entry_original&name=3c627b2a-4a60-4c4f-86cd-fff3dcf289f4_1788719503.jpg&v=1788719532","https://five.epicollect.net/api/media/mycoponics-porterfield?type=photo&format=entry_original&name=3c627b2a-4a60-4c4f-86cd-fff3dcf289f4_1788719505.jpg&v=1788719532","https://five.epicollect.net/api/media/mycoponics-porterfield?type=photo&format=entry_original&name=3c627b2a-4a60-4c4f-86cd-fff3dcf289f4_1788719508.jpg&v=1788719532","https://five.epicollect.net/api/media/mycoponics-porterfield?type=photo&format=entry_original&name=3c627b2a-4a60-4c4f-86cd-fff3dcf289f4_1788719511.jpg&v=1788719532","https://five.epicollect.net/api/media/mycoponics-porterfield?type=photo&format=entry_original&name=3c627b2a-4a60-4c4f-86cd-fff3dcf289f4_1788719514.jpg&v=1788719532","https://five.epicollect.net/api/media/mycoponics-porterfield?type=photo&format=entry_original&name=3c627b2a-4a60-4c4f-86cd-fff3dcf289f4_1788719516.jpg&v=1788719532","https://five.epicollect.net/api/media/mycoponics-porterfield?type=photo&format=entry_original&name=3c627b2a-4a60-4c4f-86cd-fff3dcf289f4_1788719519.jpg&v=1788719532","https://five.epicollect.net/api/media/mycoponics-porterfield?type=photo&format=entry_original&name=3c627b2a-4a60-4c4f-86cd-fff3dcf289f4_1788719522.jpg&v=1788719532","https://five.epicollect.net/api/media/mycoponics-porterfield?type=photo&format=entry_original&name=3c627b2a-4a60-4c4f-86cd-fff3dcf289f4_1788719524.jpg&v=1788719532","https://five.epicollect.net/api/media/mycoponics-porterfield?type=photo&format=entry_original&name=3c627b2a-4a60-4c4f-86cd-fff3dcf289f4_1788719526.jpg&v=1788719532","https://five.epicollect.net/api/media/mycoponics-porterfield?type=photo&format=entry_original&name=3c627b2a-4a60-4c4f-86cd-fff3dcf289f4_1788719529.jpg&v=1788719532","Colonization: Fully colonized (over 90%).","B2","8/29/2026 9:09:20 PM","a727c810-9205-11f1-bca9-83b388c0a0a4","3c627b2a-4a60-4c4f-86cd-fff3dcf289f4","B2","9/6/2026 6:32:12 PM"
"5","[""No""]","2","48","[""No""]","[""No""]","","","","[]","","","[""Yes""]","https://five.epicollect.net/api/media/mycoponics-porterfield?type=photo&format=entry_original&name=3c7a8421-ced7-42a8-ad0c-654cd0d6e162_1788752464.jpg&v=1788752471","https://five.epicollect.net/api/media/mycoponics-porterfield?type=photo&format=entry_original&name=3c7a8421-ced7-42a8-ad0c-654cd0d6e162_1788752467.jpg&v=1788752471","https://five.epicollect.net/api/media/mycoponics-porterfield?type=photo&format=entry_original&name=3c7a8421-ced7-42a8-ad0c-654cd0d6e162_1788752469.jpg&v=1788752471","","","","","","","","","","","","","","","","","","","","","","","","","","","","","C4","8/26/2026 6:16:02 PM","a6148de0-9206-11f1-b07c-23192f0e7dfa","3c7a8421-ced7-42a8-ad0c-654cd0d6e162","C4","9/7/2026 3:41:11 AM"
"0","[""Yes""]","10","50","[""No""]","[""No""]","14","18.5","#878b5b","[""Lime""]","","","[""No""]","","","","","","","","","","","","","","","","","","","","","","","","","","","","","","","","D4","8/26/2026 2:52:48 PM","832ee130-9207-11f1-a0ac-03e2707c61cb","3c8acf6b-51e4-4390-895d-ec8ab1162be9","D4","8/26/2026 2:53:09 PM"
"15","[""No""]","5","10","[""Yes""]","[""Yes""]","11.5","11.5","#827842","[]","","","[""Yes""]","https://five.epicollect.net/api/media/mycoponics-porterfield?type=photo&format=entry_original&name=3d04287c-19a9-4d53-a5f8-93cc350095b6_1788750882.jpg&v=1788750985","https://five.epicollect.net/api/media/mycoponics-porterfield?type=photo&format=entry_original&name=3d04287c-19a9-4d53-a5f8-93cc350095b6_1788750888.jpg&v=1788750985","https://five.epicollect.net/api/media/mycoponics-porterfield?type=photo&format=entry_original&name=3d04287c-19a9-4d53-a5f8-93cc350095b6_1788750893.jpg&v=1788750985","https://five.epicollect.net/api/media/mycoponics-porterfield?type=photo&format=entry_original&name=3d04287c-19a9-4d53-a5f8-93cc350095b6_1788750905.jpg&v=1788750985","https://five.epicollect.net/api/media/mycoponics-porterfield?type=photo&format=entry_original&name=3d04287c-19a9-4d53-a5f8-93cc350095b6_1788750911.jpg&v=1788750985","https://five.epicollect.net/api/media/mycoponics-porterfield?type=photo&format=entry_original&name=3d04287c-19a9-4d53-a5f8-93cc350095b6_1788750917.jpg&v=1788750985","https://five.epicollect.net/api/media/mycoponics-porterfield?type=photo&format=entry_original&name=3d04287c-19a9-4d53-a5f8-93cc350095b6_1788750921.jpg&v=1788750985","https://five.epicollect.net/api/media/mycoponics-porterfield?type=photo&format=entry_original&name=3d04287c-19a9-4d53-a5f8-93cc350095b6_1788750925.jpg&v=1788750985","https://five.epicollect.net/api/media/mycoponics-porterfield?type=photo&format=entry_original&name=3d04287c-19a9-4d53-a5f8-93cc350095b6_1788750929.jpg&v=1788750985","https://five.epicollect.net/api/media/mycoponics-porterfield?type=photo&format=entry_original&name=3d04287c-19a9-4d53-a5f8-93cc350095b6_1788750934.jpg&v=1788750985","https://five.epicollect.net/api/media/mycoponics-porterfield?type=photo&format=entry_original&name=3d04287c-19a9-4d53-a5f8-93cc350095b6_1788750939.jpg&v=1788750985","https://five.epicollect.net/api/media/mycoponics-porterfield?type=photo&format=entry_original&name=3d04287c-19a9-4d53-a5f8-93cc350095b6_1788750943.jpg&v=1788750985","https://five.epicollect.net/api/media/mycoponics-porterfield?type=photo&format=entry_original&name=3d04287c-19a9-4d53-a5f8-93cc350095b6_1788750949.jpg&v=1788750985","https://five.epicollect.net/api/media/mycoponics-porterfield?type=photo&format=entry_original&name=3d04287c-19a9-4d53-a5f8-93cc350095b6_1788750955.jpg&v=1788750985","https://five.epicollect.net/api/media/mycoponics-porterfield?type=photo&format=entry_original&name=3d04287c-19a9-4d53-a5f8-93cc350095b6_1788750960.jpg&v=1788750985","https://five.epicollect.net/api/media/mycoponics-porterfield?type=photo&format=entry_original&name=3d04287c-19a9-4d53-a5f8-93cc350095b6_1788750965.jpg&v=1788750985","https://five.epicollect.net/api/media/mycoponics-porterfield?type=photo&format=entry_original&name=3d04287c-19a9-4d53-a5f8-93cc350095b6_1788750970.jpg&v=1788750985","","","","","","","","","","","","","","The mold is very prominent in the bottom of the tube. It starter growing some type of tubes that have a light green coloration and are coming downwards. It does not have heacy exudation but there is many tiny red droplets in all this area. The mycelium seems to be growing better than before, it is colonizing the mold area. Contamination: Confirmed. Colonization: Fully colonized (over 90%). Surface density: Dense, thick mycelial tissue. Edge activity: Moderate active growth. Exudophore formation: Visible localized exudates, no branches. Localization density: sparse. Odor: None.","C2","8/29/2026 9:28:46 PM","559b5ba0-9206-11f1-b91a-4736f6a951ba","3d04287c-19a9-4d53-a5f8-93cc350095b6","C2","9/7/2026 3:16:25 AM"
"42","[""No""]","38","38","[""No""]","[""No""]","","","","[]","","","[""Yes""]","https://five.epicollect.net/api/media/mycoponics-porterfield?type=photo&format=entry_original&name=3ebb1bf3-dd60-497b-a441-92ed7be701f6_1788750777.jpg&v=1788750840","https://five.epicollect.net/api/media/mycoponics-porterfield?type=photo&format=entry_original&name=3ebb1bf3-dd60-497b-a441-92ed7be701f6_1788750783.jpg&v=1788750840","https://five.epicollect.net/api/media/mycoponics-porterfield?type=photo&format=entry_original&name=3ebb1bf3-dd60-497b-a441-92ed7be701f6_1788750788.jpg&v=1788750840","https://five.epicollect.net/api/media/mycoponics-porterfield?type=photo&format=entry_original&name=3ebb1bf3-dd60-497b-a441-92ed7be701f6_1788750797.jpg&v=1788750840","https://five.epicollect.net/api/media/mycoponics-porterfield?type=photo&format=entry_original&name=3ebb1bf3-dd60-497b-a441-92ed7be701f6_1788750803.jpg&v=1788750840","https://five.epicollect.net/api/media/mycoponics-porterfield?type=photo&format=entry_original&name=3ebb1bf3-dd60-497b-a441-92ed7be701f6_1788750810.jpg&v=1788750840","https://five.epicollect.net/api/media/mycoponics-porterfield?type=photo&format=entry_original&name=3ebb1bf3-dd60-497b-a441-92ed7be701f6_1788750815.jpg&v=1788750840","https://five.epicollect.net/api/media/mycoponics-porterfield?type=photo&format=entry_original&name=3ebb1bf3-dd60-497b-a441-92ed7be701f6_1788750820.jpg&v=1788750840","","","","","","","","","","","","","","","","","","","","","","","It looks very healthy, no contamination and the fuzzy mycelium is starting to get thicker. I see some amber droplets.  There is some blue drops so some leaking might be happening. There is also plety areas with yellow stains that might start secretign exudates Contamination: None. Colonization: Extensive colonization (60-90%). Surface density: Moderate fluffy coverage. Edge activity: Highly active expanding front. Exudophore formation: Visible localized exudates, no branches. Localization density: sparse. Odor: None.","B4","8/28/2026 3:25:09 AM","559b5ba0-9206-11f1-b91a-4736f6a951ba","3ebb1bf3-dd60-497b-a441-92ed7be701f6","B4","9/7/2026 3:14:00 AM"
"34","[""Yes""]","10","53","[""Yes""]","[""Yes""]","14","15","","[]","","","[""No""]","","","","","","","","","","","","","","","","","","","","","","","","","","","","","","","","C2","8/9/2026 12:31:21 AM","59d95668-3574-4d73-87d2-398740f59516","3ec475a9-dcdd-4072-b3a7-b724d3df4aae","C2","8/9/2026 1:08:47 AM"
"8","[""No""]","3","5","[""Yes""]","[""Yes""]","7","7","#847246","[""Yellow""]","","","[""No""]","","","","","","","","","","","","","","","","","","","","","","","","","","","","","","","Contamination: None.","B3","8/28/2026 12:49:19 PM","42238840-9206-11f1-b91a-4736f6a951ba","3f3057b2-74dc-4401-8623-fe04f1f003cb","B3","8/28/2026 12:49:26 PM"
"54","[""No""]","0","55","[""No""]","[""No""]","","","","[]","","","[""Yes""]","","","","","","","","","","","","","","","","","","","","","","","","","","","","","","","","B3","8/29/2026 7:29:41 PM","7e15b680-9205-11f1-bc95-0954c57f36fb","3f5d3fcc-8ab4-43df-aafc-80ce1afd8743","B3","8/29/2026 7:29:49 PM"
"","[]","","","[]","[]","","","","[]","","","[""Yes""]","","","","","","","","","","","","","","","","","","","","","","","","","","","","","","","(ADDED TO CHAMBER AROUND 5PM)","D3","8/29/2026 7:22:26 PM","a727c810-9205-11f1-bca9-83b388c0a0a4","3fbd92c1-0d77-4c0b-8251-ff42743f88b7","D3","8/29/2026 7:22:57 PM"
"40","[""No""]","8","31","[""Yes""]","[""Yes""]","13.5","14","#656028","[""Green""]","","chunky flaky brown dirt-like precipitates in liquid, otherwise very clear","[""No""]","","","","","","","","","","","","","","","","","","","","","","","","","","","","","","","","A4","8/26/2026 1:52:33 AM","4901bb80-9208-11f1-9ae6-cbe624cafba5","409fad77-83a0-49e6-b683-e00f8830a5b2","A4","8/26/2026 1:52:37 AM"
"30","[""No""]","5","25","[""Yes""]","[""Yes""]","14","29","#54582A","[""Lime""]","Fibrous/shredded material","Different shades of green- lighter green for the shredded material, dots of the darker green. Mold-looking dust-looking things that settle easily. ","[""Yes""]","https://five.epicollect.net/api/media/mycoponics-porterfield?type=photo&format=entry_original&name=413d3e3f-1685-456a-a77c-b6c5c3bbb177_1786113864.jpg&v=1786131688","https://five.epicollect.net/api/media/mycoponics-porterfield?type=photo&format=entry_original&name=413d3e3f-1685-456a-a77c-b6c5c3bbb177_1786113880.jpg&v=1786131688","https://five.epicollect.net/api/media/mycoponics-porterfield?type=photo&format=entry_original&name=413d3e3f-1685-456a-a77c-b6c5c3bbb177_1786113904.jpg&v=1786131688","https://five.epicollect.net/api/media/mycoponics-porterfield?type=photo&format=entry_original&name=413d3e3f-1685-456a-a77c-b6c5c3bbb177_1786113924.jpg&v=1786131688","https://five.epicollect.net/api/media/mycoponics-porterfield?type=photo&format=entry_original&name=413d3e3f-1685-456a-a77c-b6c5c3bbb177_1786113941.jpg&v=1786131688","https://five.epicollect.net/api/media/mycoponics-porterfield?type=photo&format=entry_original&name=413d3e3f-1685-456a-a77c-b6c5c3bbb177_1786113968.jpg&v=1786131688","https://five.epicollect.net/api/media/mycoponics-porterfield?type=photo&format=entry_original&name=413d3e3f-1685-456a-a77c-b6c5c3bbb177_1786113991.jpg&v=1786131688","https://five.epicollect.net/api/media/mycoponics-porterfield?type=photo&format=entry_original&name=413d3e3f-1685-456a-a77c-b6c5c3bbb177_1786114013.jpg&v=1786131688","https://five.epicollect.net/api/media/mycoponics-porterfield?type=photo&format=entry_original&name=413d3e3f-1685-456a-a77c-b6c5c3bbb177_1786114051.jpg&v=1786131688","https://five.epicollect.net/api/media/mycoponics-porterfield?type=photo&format=entry_original&name=413d3e3f-1685-456a-a77c-b6c5c3bbb177_1786114068.jpg&v=1786131688","","","","","","","","","","","","","","","","","","","","","I see the line contamination(2 lines) prob from when we did harvest","A4","8/7/2026 2:48:25 PM","351d1278-fe80-48d4-99b7-5df11d522f8d","413d3e3f-1685-456a-a77c-b6c5c3bbb177","A4","8/7/2026 7:41:28 PM"
"10","[""Yes""]","2","53","[""Yes""]","[""Yes""]","14","20","#c6a027","[""Amber""]","","","[""Yes""]","https://five.epicollect.net/api/media/mycoponics-porterfield?type=photo&format=entry_original&name=41b2ad4e-1f3c-421e-938c-46cdb5faf616_1788732686.jpg&v=1788732712","https://five.epicollect.net/api/media/mycoponics-porterfield?type=photo&format=entry_original&name=41b2ad4e-1f3c-421e-938c-46cdb5faf616_1788732697.jpg&v=1788732712","https://five.epicollect.net/api/media/mycoponics-porterfield?type=photo&format=entry_original&name=41b2ad4e-1f3c-421e-938c-46cdb5faf616_1788732702.jpg&v=1788732712","https://five.epicollect.net/api/media/mycoponics-porterfield?type=photo&format=entry_original&name=41b2ad4e-1f3c-421e-938c-46cdb5faf616_1788732706.jpg&v=1788732712","","","","","","","","","","","","","","","","","","","","","","","","","","","","B2","8/29/2026 7:18:35 PM","beee3510-9205-11f1-9bf5-b15c7c68ff3f","41b2ad4e-1f3c-421e-938c-46cdb5faf616","B2","9/6/2026 10:11:52 PM"
"","[""No""]","","60","[""Yes""]","[""Yes""]","5.9","5.9","","[""Amber""]","","Very concentrated exudate- orange/brown-ish","[""Yes""]","https://five.epicollect.net/api/media/mycoponics-porterfield?type=photo&format=entry_original&name=4244621a-08e3-4dc7-bed0-919d6b936dd2_1788709740.jpg&v=1788709778","https://five.epicollect.net/api/media/mycoponics-porterfield?type=photo&format=entry_original&name=4244621a-08e3-4dc7-bed0-919d6b936dd2_1788709745.jpg&v=1788709778","https://five.epicollect.net/api/media/mycoponics-porterfield?type=photo&format=entry_original&name=4244621a-08e3-4dc7-bed0-919d6b936dd2_1788709751.jpg&v=1788709778","https://five.epicollect.net/api/media/mycoponics-porterfield?type=photo&format=entry_original&name=4244621a-08e3-4dc7-bed0-919d6b936dd2_1788709757.jpg&v=1788709778","https://five.epicollect.net/api/media/mycoponics-porterfield?type=photo&format=entry_original&name=4244621a-08e3-4dc7-bed0-919d6b936dd2_1788709760.jpg&v=1788709778","https://five.epicollect.net/api/media/mycoponics-porterfield?type=photo&format=entry_original&name=4244621a-08e3-4dc7-bed0-919d6b936dd2_1788709763.jpg&v=1788709778","https://five.epicollect.net/api/media/mycoponics-porterfield?type=photo&format=entry_original&name=4244621a-08e3-4dc7-bed0-919d6b936dd2_1788709767.jpg&v=1788709778","https://five.epicollect.net/api/media/mycoponics-porterfield?type=photo&format=entry_original&name=4244621a-08e3-4dc7-bed0-919d6b936dd2_1788709770.jpg&v=1788709778","","","","","","","","","","","","","","","","","","","","","","","The humidity was said to be high, but the humidity producer was not making any fog, and it did not appear to be high humidity.","B1","8/29/2026 7:35:41 PM","196bdda0-9204-11f1-9262-61c43e67bcf5","4244621a-08e3-4dc7-bed0-919d6b936dd2","B1","9/6/2026 3:49:38 PM"
"26","[""No""]","7","19","[""Yes""]","[""Yes""]","14.3","32.3","#817D32","[""Yellow""]","","sparsely dispersed freckles all over, but other than that very clear yellow/lime-ish color liquid. lime-ish yellow, very clear liquid, tiny black dots scarcely dispersed in liquid","[""No""]","","","","","","","","","","","","","","","","","","","","","","","","","","","","","","","","C1","8/26/2026 3:02:22 PM","72b6b940-9207-11f1-ba24-e7a1a5a09e42","4322f59c-0f0e-4d5c-a0f2-7165f9d86c85","C1","8/26/2026 3:02:36 PM"
"20","[""No""]","5","15","[""No""]","[""No""]","","","","[""Clear""]","","","[""Yes""]","https://five.epicollect.net/api/media/mycoponics-porterfield?type=photo&format=entry_original&name=4356c353-20d9-46e7-979c-0165fefb3671_1788746011.jpg&v=1788746057","https://five.epicollect.net/api/media/mycoponics-porterfield?type=photo&format=entry_original&name=4356c353-20d9-46e7-979c-0165fefb3671_1788746023.jpg&v=1788746057","https://five.epicollect.net/api/media/mycoponics-porterfield?type=photo&format=entry_original&name=4356c353-20d9-46e7-979c-0165fefb3671_1788746029.jpg&v=1788746057","https://five.epicollect.net/api/media/mycoponics-porterfield?type=photo&format=entry_original&name=4356c353-20d9-46e7-979c-0165fefb3671_1788746035.jpg&v=1788746057","https://five.epicollect.net/api/media/mycoponics-porterfield?type=photo&format=entry_original&name=4356c353-20d9-46e7-979c-0165fefb3671_1788746040.jpg&v=1788746057","https://five.epicollect.net/api/media/mycoponics-porterfield?type=photo&format=entry_original&name=4356c353-20d9-46e7-979c-0165fefb3671_1788746045.jpg&v=1788746057","https://five.epicollect.net/api/media/mycoponics-porterfield?type=photo&format=entry_original&name=4356c353-20d9-46e7-979c-0165fefb3671_1788746051.jpg&v=1788746057","","","","","","","","","","","","","","","","","","","","","","","","","D2","8/29/2026 7:16:29 PM","d2645ac0-9205-11f1-ba5f-319f359841fc","4356c353-20d9-46e7-979c-0165fefb3671","D2","9/7/2026 1:54:17 AM"
"32","[""No""]","8","20","[""Yes""]","[""Yes""]","15","35","#866D2A","[""Yellow""]","","","[""No""]","","","","","","","","","","","","","","","","","","","","","","","","","","","","","","","","C1","8/29/2026 7:07:31 PM","0c11aca0-9206-11f1-9518-87ccf2fafc79","436367d3-1d58-4612-9dfd-2f225e266e71","C1","8/29/2026 7:07:47 PM"
"28","[""No""]","6","21","[""Yes""]","[""Yes""]","13.5","25.5","#7d6836","[""Yellow amber""]","","","[""No""]","","","","","","","","","","","","","","","","","","","","","","","","","","","","","","","","C3","8/26/2026 1:55:13 AM","4901bb80-9208-11f1-9ae6-cbe624cafba5","43896b13-6e7d-41e2-a869-548eda056b6b","C3","8/26/2026 1:55:15 AM"
"50","[""No""]","6","44","[""No""]","[""No""]","","","","[]","","","[""No""]","","","","","","","","","","","","","","","","","","","","","","","","","","","","","","","","A2","8/26/2026 5:42:07 PM","25278790-9207-11f1-9186-31d4e5d7aabc","44735558-7f97-4cd3-87fc-6a9085b66804","A2","8/26/2026 5:42:09 PM"
"10","[""Yes""]","10","53","[""Yes""]","[""Yes""]","14","44","","[]","","","[""No""]","","","","","","","","","","","","","","","","","","","","","","","","","","","","","","","","A1","8/8/2026 11:24:38 PM","59d95668-3574-4d73-87d2-398740f59516","45565f55-ec06-4264-8384-245654fcfb90","A1","8/9/2026 1:02:06 AM"
"48","[""No""]","0","48","[""No""]","[""No""]","","","","[]","","","[""No""]","","","","","","","","","","","","","","","","","","","","","","","","","","","","","","","","B2","8/26/2026 6:04:58 PM","b3b1f780-9206-11f1-b07c-23192f0e7dfa","4557bbec-6561-4db4-b136-ce57d03c2d13","B2","8/26/2026 6:05:06 PM"
"30","[""No""]","2","28","[""Yes""]","[""Yes""]","12","","#805A18","[""Amber""]","","","[""No""]","","","","","","","","","","","","","","","","","","","","","","","","","","","","","","","","A3","8/26/2026 5:33:34 PM","29a87bd0-9207-11f1-9186-31d4e5d7aabc","4566ae2e-229e-4e4e-9148-cd4d031feb0a","A3","8/26/2026 5:33:38 PM"
"47","[""No""]","7","40","[""Yes""]","[""Yes""]","3","3","#6A4313","[""Brown""]","","","[""No""]","","","","","","","","","","","","","","","","","","","","","","","","","","","","","","","I turned off one of the heaters yesterday, but i dont know why the other one stopped working!!!!","B1","8/26/2026 5:42:07 PM","25278790-9207-11f1-9186-31d4e5d7aabc","4573c766-4568-4f05-9414-e1eece3c8bdd","B1","8/26/2026 5:42:13 PM"
"15","[""No""]","3","12","[""Yes""]","[""Yes""]","8","8","#8A6743","["" Orange""]","","","[""No""]","","","","","","","","","","","","","","","","","","","","","","","","","","","","","","","Contamination: Confirmed.","A2","8/28/2026 12:49:19 PM","42238840-9206-11f1-b91a-4736f6a951ba","45c297f7-8d92-4802-a884-bcf7e4881daf","A2","8/28/2026 12:49:19 PM"
"18","[""Yes""]","4","18","[""Yes""]","[""Yes""]","14.7","29","#F1D167","[""Yellow""]","","","[""Yes""]","","","","","","","","","","","","","","","","","","","","","","","","","","","","","","","","B3","8/29/2026 7:08:22 PM","dac34c80-9205-11f1-ba5f-319f359841fc","46225d35-176d-422d-b508-7a5a4091b038","B3","8/29/2026 7:08:35 PM"
"8","[""Yes""]","5","53","[""Yes""]","[""No""]","","","","[]","","not enough to recollect","[""No""]","","","","","","","","","","","","","","","","","","","","","","","","","","","","","","","","C1","8/26/2026 1:44:53 AM","52680b20-9208-11f1-985c-f79deada967f","4653e875-758c-47ee-8fd4-5d48003d6e2b","C1","8/26/2026 1:45:06 AM"
"50","[""No""]","0","50","[""Yes""]","[""Yes""]","4","4","#85804B","[""Green""]","","","[""No""]","","","","","","","","","","","","","","","","","","","","","","","","","","","","","","","","D3","8/26/2026 5:42:07 PM","25278790-9207-11f1-9186-31d4e5d7aabc","46e23f29-bb9e-4b54-ac25-7ea9417627be","D3","8/26/2026 5:42:25 PM"
"10","[""No""]","5","5","[""Yes""]","[""Yes""]","15","15","#6F4D1A","[""Yellow""]","","","[""No""]","","","","","","","","","","","","","","","","","","","","","","","","","","","","","","","","C3","8/26/2026 5:27:01 PM","309c1dc0-9207-11f1-9186-31d4e5d7aabc","46f7ba01-0551-4ed8-9957-69594dc7aae4","C3","8/26/2026 5:27:16 PM"
"3","[""Yes""]","0","56","[""Yes""]","[""Yes""]","9.2","9.2","#938D77","[""Clear""]","","white color","[""No""]","","","","","","","","","","","","","","","","","","","","","","","","","","","","","","","","A3","8/26/2026 2:52:48 PM","832ee130-9207-11f1-a0ac-03e2707c61cb","47391d8d-c616-41d6-8415-06386a57b58e","A3","8/26/2026 2:52:52 PM"
"11","[""Yes""]","7","48","[""Yes""]","[""Yes""]","18.5","25","#6f4204","["" Orange""]","","","[""No""]","","","","","","","","","","","","","","","","","","","","","","","","","","","","","","","","C2","8/26/2026 1:52:33 AM","4901bb80-9208-11f1-9ae6-cbe624cafba5","47983106-d9ee-4697-8c31-fe18e1c43a19","C2","8/26/2026 1:52:45 AM"
"18","[""No""]","","18","[""Yes""]","[""No""]","","","","[""Yellow""]","","too little- but it is a good color","[""No""]","","","","","","","","","","","","","","","","","","","","","","","","","","","","","","","","A3","8/26/2026 5:21:42 PM","415bd600-9207-11f1-8555-b77c5e5555d6","4847af07-8fc0-4cb6-b19c-010cdfc229ad","A3","8/26/2026 5:21:46 PM"
"48","[""No""]","","48","[""Yes""]","[""No""]","","","","[]","","too little","[""No""]","","","","","","","","","","","","","","","","","","","","","","","","","","","","","","","","D3","8/26/2026 5:21:42 PM","415bd600-9207-11f1-8555-b77c5e5555d6","486d532e-eda3-441c-a386-0c9ad8b75b52","D3","8/26/2026 5:22:02 PM"
"10","[""No""]","2","8","[""No""]","[""No""]","","","","[""Clear""]","","","[""No""]","","","","","","","","","","","","","","","","","","","","","","","","","","","","","","","","A1","8/26/2026 6:00:31 PM","16818790-9207-11f1-a488-057d0ae059c0","487c4137-88bf-4251-b3db-08649f8afb4d","A1","8/26/2026 6:00:33 PM"
"25","[""No""]","9","16","[""Yes""]","[""Yes""]","14","36","#5C3B00","[""Yellow""]","","","[""No""]","","","","","","","","","","","","","","","","","","","","","","","","","","","","","","","","C3","8/26/2026 5:12:55 PM","5e7888a0-9207-11f1-aadd-df4879ec2771","49796be5-1f9c-4ebd-8ab6-136177dea14d","C3","8/26/2026 5:13:08 PM"
"21","[""Yes""]","11","50","[""No""]","[""Yes""]","14.3","27.3","#d19c42","[""Amber""]","","beautiful amber color, clear liquid. has many dirt-like flaky chunks.","[""No""]","","","","","","","","","","","","","","","","","","","","","","","","","","","","","","","","B1","8/26/2026 2:55:00 PM","7621f7c0-9207-11f1-ba24-e7a1a5a09e42","49826a8b-beb0-4380-a74b-96c93fba9a68","B1","8/26/2026 2:55:07 PM"
"21","[""Yes""]","8","50","[""Yes""]","[""Yes""]","14","24","#90721f","[""Yellow""]","","collected a total of 14mL (5.5mL from yesterday, 8.5mL from today) - viscous yellow, has lots of uniform chunkiness in it, like torn up chicken","[""Yes""]","https://five.epicollect.net/api/media/mycoponics-porterfield?type=photo&format=entry_original&name=49e0cbfb-59f3-4eba-a8e9-c7a4addae259_1788753156.jpg&v=1788753163","https://five.epicollect.net/api/media/mycoponics-porterfield?type=photo&format=entry_original&name=49e0cbfb-59f3-4eba-a8e9-c7a4addae259_1788753158.jpg&v=1788753163","https://five.epicollect.net/api/media/mycoponics-porterfield?type=photo&format=entry_original&name=49e0cbfb-59f3-4eba-a8e9-c7a4addae259_1788753160.jpg&v=1788753163","","","","","","","","","","","","","","","","","","","","","","","","","","","","","B3","8/26/2026 5:20:18 PM","45476810-9207-11f1-8555-b77c5e5555d6","49e0cbfb-59f3-4eba-a8e9-c7a4addae259","B3","9/7/2026 3:52:43 AM"
"18","[""Yes""]","13","42","[""Yes""]","[""Yes""]","13","25.5","#735e2d","[""Yellow""]","","","[""Yes""]","https://five.epicollect.net/api/media/mycoponics-porterfield?type=photo&format=entry_original&name=49ed8e43-dfb2-44c4-a487-8facd211f6fc_1788731199.jpg&v=1788731280","https://five.epicollect.net/api/media/mycoponics-porterfield?type=photo&format=entry_original&name=49ed8e43-dfb2-44c4-a487-8facd211f6fc_1788731204.jpg&v=1788731280","https://five.epicollect.net/api/media/mycoponics-porterfield?type=photo&format=entry_original&name=49ed8e43-dfb2-44c4-a487-8facd211f6fc_1788731206.jpg&v=1788731280","https://five.epicollect.net/api/media/mycoponics-porterfield?type=photo&format=entry_original&name=49ed8e43-dfb2-44c4-a487-8facd211f6fc_1788731209.jpg&v=1788731280","https://five.epicollect.net/api/media/mycoponics-porterfield?type=photo&format=entry_original&name=49ed8e43-dfb2-44c4-a487-8facd211f6fc_1788731211.jpg&v=1788731280","https://five.epicollect.net/api/media/mycoponics-porterfield?type=photo&format=entry_original&name=49ed8e43-dfb2-44c4-a487-8facd211f6fc_1788731214.jpg&v=1788731280","https://five.epicollect.net/api/media/mycoponics-porterfield?type=photo&format=entry_original&name=49ed8e43-dfb2-44c4-a487-8facd211f6fc_1788731216.jpg&v=1788731280","https://five.epicollect.net/api/media/mycoponics-porterfield?type=photo&format=entry_original&name=49ed8e43-dfb2-44c4-a487-8facd211f6fc_1788731222.jpg&v=1788731280","https://five.epicollect.net/api/media/mycoponics-porterfield?type=photo&format=entry_original&name=49ed8e43-dfb2-44c4-a487-8facd211f6fc_1788731224.jpg&v=1788731280","https://five.epicollect.net/api/media/mycoponics-porterfield?type=photo&format=entry_original&name=49ed8e43-dfb2-44c4-a487-8facd211f6fc_1788731227.jpg&v=1788731280","https://five.epicollect.net/api/media/mycoponics-porterfield?type=photo&format=entry_original&name=49ed8e43-dfb2-44c4-a487-8facd211f6fc_1788731229.jpg&v=1788731280","https://five.epicollect.net/api/media/mycoponics-porterfield?type=photo&format=entry_original&name=49ed8e43-dfb2-44c4-a487-8facd211f6fc_1788731231.jpg&v=1788731280","https://five.epicollect.net/api/media/mycoponics-porterfield?type=photo&format=entry_original&name=49ed8e43-dfb2-44c4-a487-8facd211f6fc_1788731235.jpg&v=1788731280","https://five.epicollect.net/api/media/mycoponics-porterfield?type=photo&format=entry_original&name=49ed8e43-dfb2-44c4-a487-8facd211f6fc_1788731237.jpg&v=1788731280","https://five.epicollect.net/api/media/mycoponics-porterfield?type=photo&format=entry_original&name=49ed8e43-dfb2-44c4-a487-8facd211f6fc_1788731240.jpg&v=1788731280","https://five.epicollect.net/api/media/mycoponics-porterfield?type=photo&format=entry_original&name=49ed8e43-dfb2-44c4-a487-8facd211f6fc_1788731242.jpg&v=1788731280","https://five.epicollect.net/api/media/mycoponics-porterfield?type=photo&format=entry_original&name=49ed8e43-dfb2-44c4-a487-8facd211f6fc_1788731244.jpg&v=1788731280","https://five.epicollect.net/api/media/mycoponics-porterfield?type=photo&format=entry_original&name=49ed8e43-dfb2-44c4-a487-8facd211f6fc_1788731247.jpg&v=1788731280","https://five.epicollect.net/api/media/mycoponics-porterfield?type=photo&format=entry_original&name=49ed8e43-dfb2-44c4-a487-8facd211f6fc_1788731250.jpg&v=1788731280","https://five.epicollect.net/api/media/mycoponics-porterfield?type=photo&format=entry_original&name=49ed8e43-dfb2-44c4-a487-8facd211f6fc_1788731252.jpg&v=1788731280","https://five.epicollect.net/api/media/mycoponics-porterfield?type=photo&format=entry_original&name=49ed8e43-dfb2-44c4-a487-8facd211f6fc_1788731255.jpg&v=1788731280","https://five.epicollect.net/api/media/mycoponics-porterfield?type=photo&format=entry_original&name=49ed8e43-dfb2-44c4-a487-8facd211f6fc_1788731257.jpg&v=1788731280","https://five.epicollect.net/api/media/mycoponics-porterfield?type=photo&format=entry_original&name=49ed8e43-dfb2-44c4-a487-8facd211f6fc_1788731259.jpg&v=1788731280","https://five.epicollect.net/api/media/mycoponics-porterfield?type=photo&format=entry_original&name=49ed8e43-dfb2-44c4-a487-8facd211f6fc_1788731262.jpg&v=1788731280","https://five.epicollect.net/api/media/mycoponics-porterfield?type=photo&format=entry_original&name=49ed8e43-dfb2-44c4-a487-8facd211f6fc_1788731264.jpg&v=1788731280","https://five.epicollect.net/api/media/mycoponics-porterfield?type=photo&format=entry_original&name=49ed8e43-dfb2-44c4-a487-8facd211f6fc_1788731267.jpg&v=1788731280","https://five.epicollect.net/api/media/mycoponics-porterfield?type=photo&format=entry_original&name=49ed8e43-dfb2-44c4-a487-8facd211f6fc_1788731270.jpg&v=1788731280","https://five.epicollect.net/api/media/mycoponics-porterfield?type=photo&format=entry_original&name=49ed8e43-dfb2-44c4-a487-8facd211f6fc_1788731272.jpg&v=1788731280","https://five.epicollect.net/api/media/mycoponics-porterfield?type=photo&format=entry_original&name=49ed8e43-dfb2-44c4-a487-8facd211f6fc_1788731274.jpg&v=1788731280","https://five.epicollect.net/api/media/mycoponics-porterfield?type=photo&format=entry_original&name=49ed8e43-dfb2-44c4-a487-8facd211f6fc_1788731276.jpg&v=1788731280","sticky mold-looking stuff at bottom (in pic)","C1","8/29/2026 7:19:59 PM","bb647210-9205-11f1-9bf5-b15c7c68ff3f","49ed8e43-dfb2-44c4-a487-8facd211f6fc","C1","9/6/2026 9:48:00 PM"
"38","[""No""]","4","34","[""Yes""]","[""Yes""]","14","17","#5D2200","["" Orange""]","","","[""No""]","","","","","","","","","","","","","","","","","","","","","","","","","","","","","","","","C2","8/26/2026 5:12:55 PM","5e7888a0-9207-11f1-aadd-df4879ec2771","4a1a34f0-012f-4736-8893-dce30386a4f0","C2","8/26/2026 5:13:07 PM"
"24","[""Yes""]","6","54","[""Yes""]","[""Yes""]","14","31","","[]","","","[""No""]","","","","","","","","","","","","","","","","","","","","","","","","","","","","","","","","C4","8/9/2026 12:32:08 AM","59d95668-3574-4d73-87d2-398740f59516","4ac9d862-114c-4b53-ae51-7e54db099cb0","C4","8/9/2026 1:12:19 AM"
"14","[""Yes""]","10","37","[""No""]","[""No""]","","","","[]","","","[""No""]","","","","","","","","","","","","","","","","","","","","","","","","","","","","","","","ceramic burst due to media pressure","A3","8/26/2026 1:20:01 AM","59ab7ac0-9208-11f1-bc48-c9fd0cd355af","4acc517b-dee8-44fd-be2a-a05d06b75bf5","A3","8/26/2026 1:20:04 AM"
"60","[""No""]","0","60","[""No""]","[""No""]","","","","[]","","","[""Yes""]","https://five.epicollect.net/api/media/mycoponics-porterfield?type=photo&format=entry_original&name=4b136b51-3053-42de-a76a-d2e9d5b854f8_1788712722.jpg&v=1788712755","https://five.epicollect.net/api/media/mycoponics-porterfield?type=photo&format=entry_original&name=4b136b51-3053-42de-a76a-d2e9d5b854f8_1788712728.jpg&v=1788712755","https://five.epicollect.net/api/media/mycoponics-porterfield?type=photo&format=entry_original&name=4b136b51-3053-42de-a76a-d2e9d5b854f8_1788712731.jpg&v=1788712755","https://five.epicollect.net/api/media/mycoponics-porterfield?type=photo&format=entry_original&name=4b136b51-3053-42de-a76a-d2e9d5b854f8_1788712735.jpg&v=1788712755","https://five.epicollect.net/api/media/mycoponics-porterfield?type=photo&format=entry_original&name=4b136b51-3053-42de-a76a-d2e9d5b854f8_1788712739.jpg&v=1788712755","https://five.epicollect.net/api/media/mycoponics-porterfield?type=photo&format=entry_original&name=4b136b51-3053-42de-a76a-d2e9d5b854f8_1788712742.jpg&v=1788712755","","","","","","","","","","","","","","","","","","","","","","","","","","B4","8/29/2026 7:29:41 PM","7e15b680-9205-11f1-bc95-0954c57f36fb","4b136b51-3053-42de-a76a-d2e9d5b854f8","B4","9/6/2026 4:39:15 PM"
"18","[""Yes""]","2","46","[""Yes""]","[""Yes""]","13.9","22","#a0934f","[""Yellow""]","","almost a whiteish pale yellow, viscous but clean","[""Yes""]","https://five.epicollect.net/api/media/mycoponics-porterfield?type=photo&format=entry_original&name=4b84cfcd-1c91-4018-8377-63f2e7b241d6_1788753269.jpg&v=1788753275","https://five.epicollect.net/api/media/mycoponics-porterfield?type=photo&format=entry_original&name=4b84cfcd-1c91-4018-8377-63f2e7b241d6_1788753271.jpg&v=1788753275","https://five.epicollect.net/api/media/mycoponics-porterfield?type=photo&format=entry_original&name=4b84cfcd-1c91-4018-8377-63f2e7b241d6_1788753273.jpg&v=1788753275","","","","","","","","","","","","","","","","","","","","","","","","","","","","","C4","8/26/2026 5:20:18 PM","45476810-9207-11f1-8555-b77c5e5555d6","4b84cfcd-1c91-4018-8377-63f2e7b241d6","C4","9/7/2026 3:54:35 AM"
"2","[""Yes""]","5","50","[""Yes""]","[""Yes""]","11","11","#84551A","["" Orange""]","","","[""No""]","","","","","","","","","","","","","","","","","","","","","","","","","","","","","","","","A2","8/26/2026 1:20:01 AM","59ab7ac0-9208-11f1-bc48-c9fd0cd355af","4b937ebd-b4aa-4dea-803f-b65d22f1b0cc","A2","8/26/2026 1:20:03 AM"
"8","[]","","","[]","[]","","","","[]","","","[]","","","","","","","","","","","","","","","","","","","","","","","","","","","","","","","","A3","8/9/2026 3:39:53 PM","ab4d77d5-a552-43b2-abfb-821172faf6ad","4bef6f2a-a844-4167-81be-af59e6d9b829","A3","8/9/2026 4:25:14 PM"
"7","[""Yes""]","3","50","[""No""]","[""No""]","","","","[]","","","[""No""]","","","","","","","","","","","","","","","","","","","","","","","","","","","","","","","","D3","8/26/2026 6:11:41 PM","acdfe750-9206-11f1-b07c-23192f0e7dfa","4c3f8142-7924-4712-a64f-135f0f8a8138","D3","8/26/2026 6:12:00 PM"
"14","[""Yes""]","10","34","[""Yes""]","[""Yes""]","13.5","32","#897d4d","[""Yellow""]","","smells bad. chunky.","[""Yes""]","https://five.epicollect.net/api/media/mycoponics-porterfield?type=photo&format=entry_original&name=4c4c2cf6-afff-42a1-82c6-a975416bbabc_1788732838.jpg&v=1788732943","https://five.epicollect.net/api/media/mycoponics-porterfield?type=photo&format=entry_original&name=4c4c2cf6-afff-42a1-82c6-a975416bbabc_1788732843.jpg&v=1788732943","https://five.epicollect.net/api/media/mycoponics-porterfield?type=photo&format=entry_original&name=4c4c2cf6-afff-42a1-82c6-a975416bbabc_1788732850.jpg&v=1788732943","https://five.epicollect.net/api/media/mycoponics-porterfield?type=photo&format=entry_original&name=4c4c2cf6-afff-42a1-82c6-a975416bbabc_1788732865.jpg&v=1788732943","https://five.epicollect.net/api/media/mycoponics-porterfield?type=photo&format=entry_original&name=4c4c2cf6-afff-42a1-82c6-a975416bbabc_1788732868.jpg&v=1788732943","https://five.epicollect.net/api/media/mycoponics-porterfield?type=photo&format=entry_original&name=4c4c2cf6-afff-42a1-82c6-a975416bbabc_1788732871.jpg&v=1788732943","https://five.epicollect.net/api/media/mycoponics-porterfield?type=photo&format=entry_original&name=4c4c2cf6-afff-42a1-82c6-a975416bbabc_1788732876.jpg&v=1788732943","https://five.epicollect.net/api/media/mycoponics-porterfield?type=photo&format=entry_original&name=4c4c2cf6-afff-42a1-82c6-a975416bbabc_1788732880.jpg&v=1788732943","https://five.epicollect.net/api/media/mycoponics-porterfield?type=photo&format=entry_original&name=4c4c2cf6-afff-42a1-82c6-a975416bbabc_1788732883.jpg&v=1788732943","https://five.epicollect.net/api/media/mycoponics-porterfield?type=photo&format=entry_original&name=4c4c2cf6-afff-42a1-82c6-a975416bbabc_1788732886.jpg&v=1788732943","https://five.epicollect.net/api/media/mycoponics-porterfield?type=photo&format=entry_original&name=4c4c2cf6-afff-42a1-82c6-a975416bbabc_1788732889.jpg&v=1788732943","https://five.epicollect.net/api/media/mycoponics-porterfield?type=photo&format=entry_original&name=4c4c2cf6-afff-42a1-82c6-a975416bbabc_1788732892.jpg&v=1788732943","https://five.epicollect.net/api/media/mycoponics-porterfield?type=photo&format=entry_original&name=4c4c2cf6-afff-42a1-82c6-a975416bbabc_1788732896.jpg&v=1788732943","https://five.epicollect.net/api/media/mycoponics-porterfield?type=photo&format=entry_original&name=4c4c2cf6-afff-42a1-82c6-a975416bbabc_1788732903.jpg&v=1788732943","https://five.epicollect.net/api/media/mycoponics-porterfield?type=photo&format=entry_original&name=4c4c2cf6-afff-42a1-82c6-a975416bbabc_1788732906.jpg&v=1788732943","https://five.epicollect.net/api/media/mycoponics-porterfield?type=photo&format=entry_original&name=4c4c2cf6-afff-42a1-82c6-a975416bbabc_1788732910.jpg&v=1788732943","https://five.epicollect.net/api/media/mycoponics-porterfield?type=photo&format=entry_original&name=4c4c2cf6-afff-42a1-82c6-a975416bbabc_1788732915.jpg&v=1788732943","https://five.epicollect.net/api/media/mycoponics-porterfield?type=photo&format=entry_original&name=4c4c2cf6-afff-42a1-82c6-a975416bbabc_1788732918.jpg&v=1788732943","https://five.epicollect.net/api/media/mycoponics-porterfield?type=photo&format=entry_original&name=4c4c2cf6-afff-42a1-82c6-a975416bbabc_1788732920.jpg&v=1788732943","https://five.epicollect.net/api/media/mycoponics-porterfield?type=photo&format=entry_original&name=4c4c2cf6-afff-42a1-82c6-a975416bbabc_1788732922.jpg&v=1788732943","https://five.epicollect.net/api/media/mycoponics-porterfield?type=photo&format=entry_original&name=4c4c2cf6-afff-42a1-82c6-a975416bbabc_1788732926.jpg&v=1788732943","https://five.epicollect.net/api/media/mycoponics-porterfield?type=photo&format=entry_original&name=4c4c2cf6-afff-42a1-82c6-a975416bbabc_1788732929.jpg&v=1788732943","https://five.epicollect.net/api/media/mycoponics-porterfield?type=photo&format=entry_original&name=4c4c2cf6-afff-42a1-82c6-a975416bbabc_1788732931.jpg&v=1788732943","","","","","","","","","C1","8/29/2026 7:18:35 PM","beee3510-9205-11f1-9bf5-b15c7c68ff3f","4c4c2cf6-afff-42a1-82c6-a975416bbabc","C1","9/6/2026 10:15:43 PM"
"37","[""No""]","5","29","[""Yes""]","[""No""]","6.1","6.1","#6b6d4a","[""Green""]","","media - not collected in freezer","[""Yes""]","https://five.epicollect.net/api/media/mycoponics-porterfield?type=photo&format=entry_original&name=4c5bef2c-4dd7-40f8-8855-f9390a12e355_1788045401.jpg&v=1788046660","https://five.epicollect.net/api/media/mycoponics-porterfield?type=photo&format=entry_original&name=4c5bef2c-4dd7-40f8-8855-f9390a12e355_1788045412.jpg&v=1788046660","https://five.epicollect.net/api/media/mycoponics-porterfield?type=photo&format=entry_original&name=4c5bef2c-4dd7-40f8-8855-f9390a12e355_1788045416.jpg&v=1788046660","https://five.epicollect.net/api/media/mycoponics-porterfield?type=photo&format=entry_original&name=4c5bef2c-4dd7-40f8-8855-f9390a12e355_1788046550.jpg&v=1788046660","https://five.epicollect.net/api/media/mycoponics-porterfield?type=photo&format=entry_original&name=4c5bef2c-4dd7-40f8-8855-f9390a12e355_1788046555.jpg&v=1788046660","https://five.epicollect.net/api/media/mycoponics-porterfield?type=photo&format=entry_original&name=4c5bef2c-4dd7-40f8-8855-f9390a12e355_1788046558.jpg&v=1788046660","https://five.epicollect.net/api/media/mycoponics-porterfield?type=photo&format=entry_original&name=4c5bef2c-4dd7-40f8-8855-f9390a12e355_1788046561.jpg&v=1788046660","https://five.epicollect.net/api/media/mycoponics-porterfield?type=photo&format=entry_original&name=4c5bef2c-4dd7-40f8-8855-f9390a12e355_1788046564.jpg&v=1788046660","https://five.epicollect.net/api/media/mycoponics-porterfield?type=photo&format=entry_original&name=4c5bef2c-4dd7-40f8-8855-f9390a12e355_1788046570.jpg&v=1788046660","https://five.epicollect.net/api/media/mycoponics-porterfield?type=photo&format=entry_original&name=4c5bef2c-4dd7-40f8-8855-f9390a12e355_1788046574.jpg&v=1788046660","https://five.epicollect.net/api/media/mycoponics-porterfield?type=photo&format=entry_original&name=4c5bef2c-4dd7-40f8-8855-f9390a12e355_1788046577.jpg&v=1788046660","https://five.epicollect.net/api/media/mycoponics-porterfield?type=photo&format=entry_original&name=4c5bef2c-4dd7-40f8-8855-f9390a12e355_1788046580.jpg&v=1788046660","https://five.epicollect.net/api/media/mycoponics-porterfield?type=photo&format=entry_original&name=4c5bef2c-4dd7-40f8-8855-f9390a12e355_1788046585.jpg&v=1788046660","https://five.epicollect.net/api/media/mycoponics-porterfield?type=photo&format=entry_original&name=4c5bef2c-4dd7-40f8-8855-f9390a12e355_1788046588.jpg&v=1788046660","https://five.epicollect.net/api/media/mycoponics-porterfield?type=photo&format=entry_original&name=4c5bef2c-4dd7-40f8-8855-f9390a12e355_1788046592.jpg&v=1788046660","https://five.epicollect.net/api/media/mycoponics-porterfield?type=photo&format=entry_original&name=4c5bef2c-4dd7-40f8-8855-f9390a12e355_1788046596.jpg&v=1788046660","https://five.epicollect.net/api/media/mycoponics-porterfield?type=photo&format=entry_original&name=4c5bef2c-4dd7-40f8-8855-f9390a12e355_1788046617.jpg&v=1788046660","https://five.epicollect.net/api/media/mycoponics-porterfield?type=photo&format=entry_original&name=4c5bef2c-4dd7-40f8-8855-f9390a12e355_1788046622.jpg&v=1788046660","https://five.epicollect.net/api/media/mycoponics-porterfield?type=photo&format=entry_original&name=4c5bef2c-4dd7-40f8-8855-f9390a12e355_1788046626.jpg&v=1788046660","","","","","","","","","","","","","D4","8/26/2026 2:33:03 PM","992fd070-9207-11f1-b651-5d6fce51deb5","4c5bef2c-4dd7-40f8-8855-f9390a12e355","D4","8/29/2026 11:37:40 PM"
"15","[""Yes""]","6","59","[""Yes""]","[""""]","0","2","","[]","","Left it in syringe","[""Yes""]","https://five.epicollect.net/api/media/mycoponics-porterfield?type=photo&format=entry_original&name=4d81493e-dd3e-485f-83f1-76a6ebd7f285_1786123124.jpg&v=1786127672","https://five.epicollect.net/api/media/mycoponics-porterfield?type=photo&format=entry_original&name=4d81493e-dd3e-485f-83f1-76a6ebd7f285_1786123135.jpg&v=1786127672","https://five.epicollect.net/api/media/mycoponics-porterfield?type=photo&format=entry_original&name=4d81493e-dd3e-485f-83f1-76a6ebd7f285_1786123149.jpg&v=1786127672","https://five.epicollect.net/api/media/mycoponics-porterfield?type=photo&format=entry_original&name=4d81493e-dd3e-485f-83f1-76a6ebd7f285_1786123162.jpg&v=1786127672","https://five.epicollect.net/api/media/mycoponics-porterfield?type=photo&format=entry_original&name=4d81493e-dd3e-485f-83f1-76a6ebd7f285_1786123172.jpg&v=1786127672","https://five.epicollect.net/api/media/mycoponics-porterfield?type=photo&format=entry_original&name=4d81493e-dd3e-485f-83f1-76a6ebd7f285_1786123184.jpg&v=1786127672","https://five.epicollect.net/api/media/mycoponics-porterfield?type=photo&format=entry_original&name=4d81493e-dd3e-485f-83f1-76a6ebd7f285_1786123201.jpg&v=1786127672","https://five.epicollect.net/api/media/mycoponics-porterfield?type=photo&format=entry_original&name=4d81493e-dd3e-485f-83f1-76a6ebd7f285_1786123229.jpg&v=1786127672","https://five.epicollect.net/api/media/mycoponics-porterfield?type=photo&format=entry_original&name=4d81493e-dd3e-485f-83f1-76a6ebd7f285_1786123248.jpg&v=1786127672","https://five.epicollect.net/api/media/mycoponics-porterfield?type=photo&format=entry_original&name=4d81493e-dd3e-485f-83f1-76a6ebd7f285_1786123271.jpg&v=1786127672","https://five.epicollect.net/api/media/mycoponics-porterfield?type=photo&format=entry_original&name=4d81493e-dd3e-485f-83f1-76a6ebd7f285_1786123293.jpg&v=1786127672","https://five.epicollect.net/api/media/mycoponics-porterfield?type=photo&format=entry_original&name=4d81493e-dd3e-485f-83f1-76a6ebd7f285_1786123301.jpg&v=1786127672","https://five.epicollect.net/api/media/mycoponics-porterfield?type=photo&format=entry_original&name=4d81493e-dd3e-485f-83f1-76a6ebd7f285_1786123333.jpg&v=1786127672","https://five.epicollect.net/api/media/mycoponics-porterfield?type=photo&format=entry_original&name=4d81493e-dd3e-485f-83f1-76a6ebd7f285_1786123351.jpg&v=1786127672","https://five.epicollect.net/api/media/mycoponics-porterfield?type=photo&format=entry_original&name=4d81493e-dd3e-485f-83f1-76a6ebd7f285_1786123362.jpg&v=1786127672","https://five.epicollect.net/api/media/mycoponics-porterfield?type=photo&format=entry_original&name=4d81493e-dd3e-485f-83f1-76a6ebd7f285_1786123379.jpg&v=1786127672","","","","","","","","","","","","","","","","D4","8/7/2026 5:23:13 PM","351d1278-fe80-48d4-99b7-5df11d522f8d","4d81493e-dd3e-485f-83f1-76a6ebd7f285","D4","8/7/2026 6:34:32 PM"
"3","[""Yes""]","7","50","[""Yes""]","[""Yes""]","14","28","#60531D","[""Yellow Gold""]","Sticky residue/clumps","Thicker and more clumped, larger fibrous shreds. 1-2 pieces of smaller seaweed-looking pieces (mycelia?)","[""Yes""]","https://five.epicollect.net/api/media/mycoponics-porterfield?type=photo&format=entry_original&name=4dd89647-ad77-4b0b-8edc-b857a07afa8b_1786115551.jpg&v=1786131319","https://five.epicollect.net/api/media/mycoponics-porterfield?type=photo&format=entry_original&name=4dd89647-ad77-4b0b-8edc-b857a07afa8b_1786115595.jpg&v=1786131319","https://five.epicollect.net/api/media/mycoponics-porterfield?type=photo&format=entry_original&name=4dd89647-ad77-4b0b-8edc-b857a07afa8b_1786115620.jpg&v=1786131319","https://five.epicollect.net/api/media/mycoponics-porterfield?type=photo&format=entry_original&name=4dd89647-ad77-4b0b-8edc-b857a07afa8b_1786115630.jpg&v=1786131319","https://five.epicollect.net/api/media/mycoponics-porterfield?type=photo&format=entry_original&name=4dd89647-ad77-4b0b-8edc-b857a07afa8b_1786115648.jpg&v=1786131319","https://five.epicollect.net/api/media/mycoponics-porterfield?type=photo&format=entry_original&name=4dd89647-ad77-4b0b-8edc-b857a07afa8b_1786115669.jpg&v=1786131319","https://five.epicollect.net/api/media/mycoponics-porterfield?type=photo&format=entry_original&name=4dd89647-ad77-4b0b-8edc-b857a07afa8b_1786115694.jpg&v=1786131319","https://five.epicollect.net/api/media/mycoponics-porterfield?type=photo&format=entry_original&name=4dd89647-ad77-4b0b-8edc-b857a07afa8b_1786115711.jpg&v=1786131319","https://five.epicollect.net/api/media/mycoponics-porterfield?type=photo&format=entry_original&name=4dd89647-ad77-4b0b-8edc-b857a07afa8b_1786115733.jpg&v=1786131319","https://five.epicollect.net/api/media/mycoponics-porterfield?type=photo&format=entry_original&name=4dd89647-ad77-4b0b-8edc-b857a07afa8b_1786115762.jpg&v=1786131319","https://five.epicollect.net/api/media/mycoponics-porterfield?type=photo&format=entry_original&name=4dd89647-ad77-4b0b-8edc-b857a07afa8b_1786115789.jpg&v=1786131319","https://five.epicollect.net/api/media/mycoponics-porterfield?type=photo&format=entry_original&name=4dd89647-ad77-4b0b-8edc-b857a07afa8b_1786115805.jpg&v=1786131319","https://five.epicollect.net/api/media/mycoponics-porterfield?type=photo&format=entry_original&name=4dd89647-ad77-4b0b-8edc-b857a07afa8b_1786115825.jpg&v=1786131319","https://five.epicollect.net/api/media/mycoponics-porterfield?type=photo&format=entry_original&name=4dd89647-ad77-4b0b-8edc-b857a07afa8b_1786115857.jpg&v=1786131319","https://five.epicollect.net/api/media/mycoponics-porterfield?type=photo&format=entry_original&name=4dd89647-ad77-4b0b-8edc-b857a07afa8b_1786115880.jpg&v=1786131319","","","","","","","","","","","","","","","","","B2","8/7/2026 3:18:22 PM","351d1278-fe80-48d4-99b7-5df11d522f8d","4dd89647-ad77-4b0b-8edc-b857a07afa8b","B2","8/7/2026 7:35:19 PM"
"10","[""No""]","","","[""No""]","[""No""]","","","","[]","","","[""No""]","","","","","","","","","","","","","","","","","","","","","","","","","","","","","","","smells bad","A3","8/26/2026 4:07:05 PM","6e4c3330-9207-11f1-ba24-e7a1a5a09e42","4e3883ae-177a-459b-9206-9886de18c5bd","A3","8/26/2026 4:07:08 PM"
"0","[""Yes""]","5","55","[""No""]","[""Yes""]","","","#746535","[]","","","[""No""]","","","","","","","","","","","","","","","","","","","","","","","","","","","","","","","","D4","8/26/2026 5:22:58 PM","3cb0c480-9207-11f1-8555-b77c5e5555d6","4e7ba168-b284-4ad8-96fe-f06d340ed577","D4","8/26/2026 5:23:18 PM"
"25","[""No""]","7","18","[""Yes""]","[""Yes""]","15","27","#d5b869","[""Yellow""]","","","[""Yes""]","https://five.epicollect.net/api/media/mycoponics-porterfield?type=photo&format=entry_original&name=4e841306-06bb-4ff1-80c5-623b46bf781c_1788745282.jpg&v=1788745295","https://five.epicollect.net/api/media/mycoponics-porterfield?type=photo&format=entry_original&name=4e841306-06bb-4ff1-80c5-623b46bf781c_1788745287.jpg&v=1788745295","https://five.epicollect.net/api/media/mycoponics-porterfield?type=photo&format=entry_original&name=4e841306-06bb-4ff1-80c5-623b46bf781c_1788745289.jpg&v=1788745295","","","","","","","","","","","","","","","","","","","","","","","","","","","","","B3","8/29/2026 7:16:29 PM","d2645ac0-9205-11f1-ba5f-319f359841fc","4e841306-06bb-4ff1-80c5-623b46bf781c","B3","9/7/2026 1:41:35 AM"
"43","[""No""]","4","38","[""Yes""]","[""Yes""]","8","8","#77661D","[""Yellow""]","","clearish yellow coloring","[""No""]","","","","","","","","","","","","","","","","","","","","","","","","","","","","","","","","B2","8/26/2026 2:52:48 PM","832ee130-9207-11f1-a0ac-03e2707c61cb","4ee92706-b3ba-4719-9816-7aae2d021146","B2","8/26/2026 2:52:57 PM"
"20","[""No""]","5","15","[""Yes""]","[""Yes""]","15","22","#742A00","[""Clear""]","","","[""No""]","","","","","","","","","","","","","","","","","","","","","","","","","","","","","","","","A2","8/26/2026 5:12:55 PM","5e7888a0-9207-11f1-aadd-df4879ec2771","4f164f39-78c4-46d8-9495-d6af106ee854","A2","8/26/2026 5:12:58 PM"
"17","[""No""]","4","13","[""No""]","[""No""]","","","","[]","","The humidity has been really low on these chambers, thus the exudate production has decrease a lot, to the point to not produce anything a day.","[""No""]","","","","","","","","","","","","","","","","","","","","","","","","","","","","","","","It is growing a long structure at the bottom of the jar, we will ihibit the stimulli of light to see if this premature noodle can become a exuding structure. Contamination: None.","D4","8/28/2026 12:49:19 PM","42238840-9206-11f1-b91a-4736f6a951ba","4f25e8ce-188d-4d91-8c62-919f2be81380","D4","8/28/2026 12:49:37 PM"
"4","[""Yes""]","5","48","[""Yes""]","[""Yes""]","10","40","#958233","[""Amber""]","","","[""No""]","","","","","","","","","","","","","","","","","","","","","","","","","","","","","","","","B2","8/26/2026 6:21:45 PM","75fb7970-9206-11f1-a57e-abc999418cec","4feaf6b5-3056-4d5a-bec2-441c00abfa10","B2","8/26/2026 6:21:55 PM"
"20","[""No""]","2","18","[""No""]","[""No""]","","","","[""Clear""]","","The humidity has been really low on these chambers, thus the exudate production has decrease a lot, to the point to not produce anything a day.","[""No""]","","","","","","","","","","","","","","","","","","","","","","","","","","","","","","","Contamination: None.","C4","8/28/2026 12:49:19 PM","42238840-9206-11f1-b91a-4736f6a951ba","500b7af9-7e3d-4ced-b4d8-011957f94f11","C4","8/28/2026 12:49:32 PM"
"43","[""No""]","0","44","[""No""]","[""Yes""]","0","","","[""Yellow""]","","","[""Yes""]","https://five.epicollect.net/api/media/mycoponics-porterfield?type=photo&format=entry_original&name=52045d55-090f-48e9-b673-fcb217b121da_1788731542.jpg&v=1788731570","https://five.epicollect.net/api/media/mycoponics-porterfield?type=photo&format=entry_original&name=52045d55-090f-48e9-b673-fcb217b121da_1788731545.jpg&v=1788731570","https://five.epicollect.net/api/media/mycoponics-porterfield?type=photo&format=entry_original&name=52045d55-090f-48e9-b673-fcb217b121da_1788731548.jpg&v=1788731570","https://five.epicollect.net/api/media/mycoponics-porterfield?type=photo&format=entry_original&name=52045d55-090f-48e9-b673-fcb217b121da_1788731551.jpg&v=1788731570","https://five.epicollect.net/api/media/mycoponics-porterfield?type=photo&format=entry_original&name=52045d55-090f-48e9-b673-fcb217b121da_1788731553.jpg&v=1788731570","https://five.epicollect.net/api/media/mycoponics-porterfield?type=photo&format=entry_original&name=52045d55-090f-48e9-b673-fcb217b121da_1788731556.jpg&v=1788731570","https://five.epicollect.net/api/media/mycoponics-porterfield?type=photo&format=entry_original&name=52045d55-090f-48e9-b673-fcb217b121da_1788731558.jpg&v=1788731570","https://five.epicollect.net/api/media/mycoponics-porterfield?type=photo&format=entry_original&name=52045d55-090f-48e9-b673-fcb217b121da_1788731560.jpg&v=1788731570","https://five.epicollect.net/api/media/mycoponics-porterfield?type=photo&format=entry_original&name=52045d55-090f-48e9-b673-fcb217b121da_1788731562.jpg&v=1788731570","https://five.epicollect.net/api/media/mycoponics-porterfield?type=photo&format=entry_original&name=52045d55-090f-48e9-b673-fcb217b121da_1788731565.jpg&v=1788731570","","","","","","","","","","","","","","","","","","","","","","C3","8/29/2026 7:19:59 PM","bb647210-9205-11f1-9bf5-b15c7c68ff3f","52045d55-090f-48e9-b673-fcb217b121da","C3","9/6/2026 9:52:50 PM"
"13","[""No""]","","13","[""Yes""]","[""Yes""]","14","44","#7EA200","[""Amber""]","","very beautiful golden color!!! uniformly covered with tiny dirt-like specks. This tube changed exudation color, it was some type of brown color and now the yellow dominates, is the redlight reducing the mold contamination and reducing the red exudation in all the tubes? very beautiful golden color!!! uniformly covered with tiny dirt-like specks.","[""No""]","","","","","","","","","","","","","","","","","","","","","","","","","","","","","","","","B1","8/26/2026 5:17:32 PM","54fc4000-9207-11f1-aadd-df4879ec2771","5240fc28-f3dc-4228-8e1d-bc9d75270292","B1","8/26/2026 5:17:39 PM"
"7","[""Yes""]","9","45","[""No""]","[""Yes""]","4.7","4.7","","[""Green""]","","Very green. there are green drippings at the bottom of the fungus. Likely just exudates mixed with the blue dye of the media.","[""Yes""]","https://five.epicollect.net/api/media/mycoponics-porterfield?type=photo&format=entry_original&name=526c2d6b-780a-4c93-a037-6b291cb8e119_1788721594.jpg&v=1788721704","https://five.epicollect.net/api/media/mycoponics-porterfield?type=photo&format=entry_original&name=526c2d6b-780a-4c93-a037-6b291cb8e119_1788721598.jpg&v=1788721704","https://five.epicollect.net/api/media/mycoponics-porterfield?type=photo&format=entry_original&name=526c2d6b-780a-4c93-a037-6b291cb8e119_1788721601.jpg&v=1788721704","https://five.epicollect.net/api/media/mycoponics-porterfield?type=photo&format=entry_original&name=526c2d6b-780a-4c93-a037-6b291cb8e119_1788721604.jpg&v=1788721704","https://five.epicollect.net/api/media/mycoponics-porterfield?type=photo&format=entry_original&name=526c2d6b-780a-4c93-a037-6b291cb8e119_1788721606.jpg&v=1788721704","https://five.epicollect.net/api/media/mycoponics-porterfield?type=photo&format=entry_original&name=526c2d6b-780a-4c93-a037-6b291cb8e119_1788721608.jpg&v=1788721704","https://five.epicollect.net/api/media/mycoponics-porterfield?type=photo&format=entry_original&name=526c2d6b-780a-4c93-a037-6b291cb8e119_1788721611.jpg&v=1788721704","https://five.epicollect.net/api/media/mycoponics-porterfield?type=photo&format=entry_original&name=526c2d6b-780a-4c93-a037-6b291cb8e119_1788721614.jpg&v=1788721704","https://five.epicollect.net/api/media/mycoponics-porterfield?type=photo&format=entry_original&name=526c2d6b-780a-4c93-a037-6b291cb8e119_1788721617.jpg&v=1788721704","https://five.epicollect.net/api/media/mycoponics-porterfield?type=photo&format=entry_original&name=526c2d6b-780a-4c93-a037-6b291cb8e119_1788721619.jpg&v=1788721704","https://five.epicollect.net/api/media/mycoponics-porterfield?type=photo&format=entry_original&name=526c2d6b-780a-4c93-a037-6b291cb8e119_1788721622.jpg&v=1788721704","https://five.epicollect.net/api/media/mycoponics-porterfield?type=photo&format=entry_original&name=526c2d6b-780a-4c93-a037-6b291cb8e119_1788721625.jpg&v=1788721704","https://five.epicollect.net/api/media/mycoponics-porterfield?type=photo&format=entry_original&name=526c2d6b-780a-4c93-a037-6b291cb8e119_1788721628.jpg&v=1788721704","https://five.epicollect.net/api/media/mycoponics-porterfield?type=photo&format=entry_original&name=526c2d6b-780a-4c93-a037-6b291cb8e119_1788721630.jpg&v=1788721704","https://five.epicollect.net/api/media/mycoponics-porterfield?type=photo&format=entry_original&name=526c2d6b-780a-4c93-a037-6b291cb8e119_1788721633.jpg&v=1788721704","https://five.epicollect.net/api/media/mycoponics-porterfield?type=photo&format=entry_original&name=526c2d6b-780a-4c93-a037-6b291cb8e119_1788721636.jpg&v=1788721704","https://five.epicollect.net/api/media/mycoponics-porterfield?type=photo&format=entry_original&name=526c2d6b-780a-4c93-a037-6b291cb8e119_1788721639.jpg&v=1788721704","https://five.epicollect.net/api/media/mycoponics-porterfield?type=photo&format=entry_original&name=526c2d6b-780a-4c93-a037-6b291cb8e119_1788721642.jpg&v=1788721704","https://five.epicollect.net/api/media/mycoponics-porterfield?type=photo&format=entry_original&name=526c2d6b-780a-4c93-a037-6b291cb8e119_1788721646.jpg&v=1788721704","https://five.epicollect.net/api/media/mycoponics-porterfield?type=photo&format=entry_original&name=526c2d6b-780a-4c93-a037-6b291cb8e119_1788721649.jpg&v=1788721704","https://five.epicollect.net/api/media/mycoponics-porterfield?type=photo&format=entry_original&name=526c2d6b-780a-4c93-a037-6b291cb8e119_1788721652.jpg&v=1788721704","https://five.epicollect.net/api/media/mycoponics-porterfield?type=photo&format=entry_original&name=526c2d6b-780a-4c93-a037-6b291cb8e119_1788721655.jpg&v=1788721704","https://five.epicollect.net/api/media/mycoponics-porterfield?type=photo&format=entry_original&name=526c2d6b-780a-4c93-a037-6b291cb8e119_1788721659.jpg&v=1788721704","https://five.epicollect.net/api/media/mycoponics-porterfield?type=photo&format=entry_original&name=526c2d6b-780a-4c93-a037-6b291cb8e119_1788721662.jpg&v=1788721704","https://five.epicollect.net/api/media/mycoponics-porterfield?type=photo&format=entry_original&name=526c2d6b-780a-4c93-a037-6b291cb8e119_1788721667.jpg&v=1788721704","https://five.epicollect.net/api/media/mycoponics-porterfield?type=photo&format=entry_original&name=526c2d6b-780a-4c93-a037-6b291cb8e119_1788721669.jpg&v=1788721704","https://five.epicollect.net/api/media/mycoponics-porterfield?type=photo&format=entry_original&name=526c2d6b-780a-4c93-a037-6b291cb8e119_1788721672.jpg&v=1788721704","https://five.epicollect.net/api/media/mycoponics-porterfield?type=photo&format=entry_original&name=526c2d6b-780a-4c93-a037-6b291cb8e119_1788721675.jpg&v=1788721704","https://five.epicollect.net/api/media/mycoponics-porterfield?type=photo&format=entry_original&name=526c2d6b-780a-4c93-a037-6b291cb8e119_1788721680.jpg&v=1788721704","https://five.epicollect.net/api/media/mycoponics-porterfield?type=photo&format=entry_original&name=526c2d6b-780a-4c93-a037-6b291cb8e119_1788721683.jpg&v=1788721704","Very humid all over, it looks like it rained inside the jar. There are some streaks of clearness.","A3","8/29/2026 7:21:20 PM","ac1d01f0-9205-11f1-bca9-83b388c0a0a4","526c2d6b-780a-4c93-a037-6b291cb8e119","A3","9/6/2026 7:08:24 PM"
"13","[""Yes""]","15","39","[""Yes""]","[""Yes""]","15","15","#7c6a34","[]","","has mycelia","[""No""]","","","","","","","","","","","","","","","","","","","","","","","","","","","","","","","","D1","8/29/2026 7:07:31 PM","0c11aca0-9206-11f1-9518-87ccf2fafc79","528a496f-8fe2-473c-9777-90dc7f9d8a3d","D1","8/29/2026 7:07:55 PM"
"18","[""Yes""]","5","52","[""Yes""]","[""No""]","","","","[]","","not enough to recollect","[""No""]","","","","","","","","","","","","","","","","","","","","","","","","","","","","","","","","C4","8/26/2026 1:44:53 AM","52680b20-9208-11f1-985c-f79deada967f","534200c0-6bea-4452-bc86-43f47f9f9a66","C4","8/26/2026 1:45:12 AM"
"55","[""No""]","10","45","[""No""]","[""No""]","","","","[""Green""]","","","[""Yes""]","","","","","","","","","","","","","","","","","","","","","","","","","","","","","","","","B3","8/29/2026 7:27:41 PM","856cfc40-9205-11f1-bc95-0954c57f36fb","53703b43-dca7-4072-8dd9-71260b23e943","B3","8/29/2026 7:27:50 PM"
"39","[""No""]","-30","30","[""Yes""]","[""Yes""]","14","15","#5f4b05","[""Yellow Brownish (cardboard)""]","","","[""No""]","","","","","","","","","","","","","","","","","","","","","","","","","","","","","","","","C1","8/26/2026 1:20:01 AM","59ab7ac0-9208-11f1-bc48-c9fd0cd355af","5378cde2-796b-4d81-be4a-f659c013cc50","C1","8/26/2026 1:20:11 AM"
"51.5","[""No""]","7.5","44","[""Yes""]","[""No""]","","","","[""Amber""]","","Yellow exudate was in there, but it wasn't enough to collect a vial on (it was only 3.5mL). So we are leaving it inside the syringe to collect tomorrow!","[""Yes""]","https://five.epicollect.net/api/media/mycoponics-porterfield?type=photo&format=entry_original&name=54d72b3d-349b-42f5-ad18-09fa8c005a10_1788719908.jpg&v=1788720011","https://five.epicollect.net/api/media/mycoponics-porterfield?type=photo&format=entry_original&name=54d72b3d-349b-42f5-ad18-09fa8c005a10_1788719911.jpg&v=1788720011","https://five.epicollect.net/api/media/mycoponics-porterfield?type=photo&format=entry_original&name=54d72b3d-349b-42f5-ad18-09fa8c005a10_1788719914.jpg&v=1788720011","https://five.epicollect.net/api/media/mycoponics-porterfield?type=photo&format=entry_original&name=54d72b3d-349b-42f5-ad18-09fa8c005a10_1788719916.jpg&v=1788720011","https://five.epicollect.net/api/media/mycoponics-porterfield?type=photo&format=entry_original&name=54d72b3d-349b-42f5-ad18-09fa8c005a10_1788719919.jpg&v=1788720011","https://five.epicollect.net/api/media/mycoponics-porterfield?type=photo&format=entry_original&name=54d72b3d-349b-42f5-ad18-09fa8c005a10_1788719921.jpg&v=1788720011","https://five.epicollect.net/api/media/mycoponics-porterfield?type=photo&format=entry_original&name=54d72b3d-349b-42f5-ad18-09fa8c005a10_1788719924.jpg&v=1788720011","https://five.epicollect.net/api/media/mycoponics-porterfield?type=photo&format=entry_original&name=54d72b3d-349b-42f5-ad18-09fa8c005a10_1788719926.jpg&v=1788720011","https://five.epicollect.net/api/media/mycoponics-porterfield?type=photo&format=entry_original&name=54d72b3d-349b-42f5-ad18-09fa8c005a10_1788719929.jpg&v=1788720011","https://five.epicollect.net/api/media/mycoponics-porterfield?type=photo&format=entry_original&name=54d72b3d-349b-42f5-ad18-09fa8c005a10_1788719931.jpg&v=1788720011","https://five.epicollect.net/api/media/mycoponics-porterfield?type=photo&format=entry_original&name=54d72b3d-349b-42f5-ad18-09fa8c005a10_1788719934.jpg&v=1788720011","https://five.epicollect.net/api/media/mycoponics-porterfield?type=photo&format=entry_original&name=54d72b3d-349b-42f5-ad18-09fa8c005a10_1788719937.jpg&v=1788720011","https://five.epicollect.net/api/media/mycoponics-porterfield?type=photo&format=entry_original&name=54d72b3d-349b-42f5-ad18-09fa8c005a10_1788719939.jpg&v=1788720011","https://five.epicollect.net/api/media/mycoponics-porterfield?type=photo&format=entry_original&name=54d72b3d-349b-42f5-ad18-09fa8c005a10_1788719942.jpg&v=1788720011","https://five.epicollect.net/api/media/mycoponics-porterfield?type=photo&format=entry_original&name=54d72b3d-349b-42f5-ad18-09fa8c005a10_1788719945.jpg&v=1788720011","https://five.epicollect.net/api/media/mycoponics-porterfield?type=photo&format=entry_original&name=54d72b3d-349b-42f5-ad18-09fa8c005a10_1788719948.jpg&v=1788720011","https://five.epicollect.net/api/media/mycoponics-porterfield?type=photo&format=entry_original&name=54d72b3d-349b-42f5-ad18-09fa8c005a10_1788719951.jpg&v=1788720011","https://five.epicollect.net/api/media/mycoponics-porterfield?type=photo&format=entry_original&name=54d72b3d-349b-42f5-ad18-09fa8c005a10_1788719954.jpg&v=1788720011","https://five.epicollect.net/api/media/mycoponics-porterfield?type=photo&format=entry_original&name=54d72b3d-349b-42f5-ad18-09fa8c005a10_1788719957.jpg&v=1788720011","https://five.epicollect.net/api/media/mycoponics-porterfield?type=photo&format=entry_original&name=54d72b3d-349b-42f5-ad18-09fa8c005a10_1788719959.jpg&v=1788720011","https://five.epicollect.net/api/media/mycoponics-porterfield?type=photo&format=entry_original&name=54d72b3d-349b-42f5-ad18-09fa8c005a10_1788719962.jpg&v=1788720011","https://five.epicollect.net/api/media/mycoponics-porterfield?type=photo&format=entry_original&name=54d72b3d-349b-42f5-ad18-09fa8c005a10_1788719985.jpg&v=1788720011","https://five.epicollect.net/api/media/mycoponics-porterfield?type=photo&format=entry_original&name=54d72b3d-349b-42f5-ad18-09fa8c005a10_1788719989.jpg&v=1788720011","https://five.epicollect.net/api/media/mycoponics-porterfield?type=photo&format=entry_original&name=54d72b3d-349b-42f5-ad18-09fa8c005a10_1788719991.jpg&v=1788720011","https://five.epicollect.net/api/media/mycoponics-porterfield?type=photo&format=entry_original&name=54d72b3d-349b-42f5-ad18-09fa8c005a10_1788719995.jpg&v=1788720011","https://five.epicollect.net/api/media/mycoponics-porterfield?type=photo&format=entry_original&name=54d72b3d-349b-42f5-ad18-09fa8c005a10_1788719998.jpg&v=1788720011","https://five.epicollect.net/api/media/mycoponics-porterfield?type=photo&format=entry_original&name=54d72b3d-349b-42f5-ad18-09fa8c005a10_1788720000.jpg&v=1788720011","https://five.epicollect.net/api/media/mycoponics-porterfield?type=photo&format=entry_original&name=54d72b3d-349b-42f5-ad18-09fa8c005a10_1788720002.jpg&v=1788720011","","","","D2","8/29/2026 7:22:26 PM","a727c810-9205-11f1-bca9-83b388c0a0a4","54d72b3d-349b-42f5-ad18-09fa8c005a10","D2","9/6/2026 6:40:11 PM"
"13","[""Yes""]","10","50","[""Yes""]","[""Yes""]","13.7","34.7","#9F8327","[""Yellow""]","","pretty clear besides small dispersed dots.","[""No""]","","","","","","","","","","","","","","","","","","","","","","","","","","","","","","","","C1","8/26/2026 12:32:51 PM","3a1d2be0-9208-11f1-9ae6-cbe624cafba5","5685787a-b0eb-42d4-a6a6-a5b106753154","C1","8/26/2026 12:33:02 PM"
"40","[""No""]","6","24","[""Yes""]","[""Yes""]","14","22","#604314","[""Brown"","" Cloudy""]","Paper-like shreds","Specks but also many cobweb-like shreds throughout liquid that make it extremely cloudy/look like cobwebby so you can't see","[""No""]","","","","","","","","","","","","","","","","","","","","","","","","","","","","","","","","B1","8/9/2026 3:41:53 PM","ab4d77d5-a552-43b2-abfb-821172faf6ad","56b1c12f-17b5-4e3b-82e8-17d057ad654c","B1","8/9/2026 5:37:27 PM"
"16","[""No""]","4","12","[""Yes""]","[""Yes""]","","43","#826A3A","[""Yellow""]","","The tube that has been producing the most exudate. It was not too diluted but definetly light yellow.","[""No""]","","","","","","","","","","","","","","","","","","","","","","","","","","","","","","","","A1","8/28/2026 12:46:31 PM","4ed1fe00-9206-11f1-b91a-4736f6a951ba","57234624-ef0f-4c60-9822-794a695276fe","A1","8/28/2026 12:46:31 PM"
"41","[""Yes""]","10","50","[""No""]","[""No""]","7","7","#847a36","[""Yellow""]","","viscous","[""No""]","","","","","","","","","","","","","","","","","","","","","","","","","","","","","","","","D3","8/26/2026 2:52:48 PM","832ee130-9207-11f1-a0ac-03e2707c61cb","574c22c6-a55e-4f72-8219-0c88cd830d4a","D3","8/26/2026 2:53:08 PM"
"30","[""No""]","7","18","[""Yes""]","[""Yes""]","13.5","35","#7e6814","[""Yellow amber""]","","","[""No""]","","","","","","","","","","","","","","","","","","","","","","","","","","","","","","","","D1","8/26/2026 1:55:13 AM","4901bb80-9208-11f1-9ae6-cbe624cafba5","575de769-d73f-49d0-a0a5-4ee8e6c92f1e","D1","8/26/2026 1:55:16 AM"
"48","[""No""]","5","43","[""Yes""]","[""Yes""]","9.5","9.5","#606959","[""Green""]","Mycelial fragments (small)","small green/white mycelial fragments","[""No""]","","","","","","","","","","","","","","","","","","","","","","","","","","","","","","","","D4","8/9/2026 4:10:54 PM","ab4d77d5-a552-43b2-abfb-821172faf6ad","578f34de-c3e5-4e85-819b-666cb19d3c10","D4","8/9/2026 4:59:24 PM"
"29","[""No""]","2","22","[""Yes""]","[""Yes""]","13.8","27.8","#928246","[""Yellow""]","","clear color, butter-like color and consistency","[""No""]","","","","","","","","","","","","","","","","","","","","","","","","","","","","","","","","C4","8/26/2026 2:52:48 PM","832ee130-9207-11f1-a0ac-03e2707c61cb","584afae7-f1b2-4eed-9347-7a9f7ec41767","C4","8/26/2026 2:53:04 PM"
"0","[""Yes""]","0","60","[""No""]","[""No""]","","","","[]","","","[""Yes""]","https://five.epicollect.net/api/media/mycoponics-porterfield?type=photo&format=entry_original&name=5855ae8b-11e4-414b-be81-f1f5482e0668_1788709375.jpg&v=1788709399","https://five.epicollect.net/api/media/mycoponics-porterfield?type=photo&format=entry_original&name=5855ae8b-11e4-414b-be81-f1f5482e0668_1788709379.jpg&v=1788709399","https://five.epicollect.net/api/media/mycoponics-porterfield?type=photo&format=entry_original&name=5855ae8b-11e4-414b-be81-f1f5482e0668_1788709382.jpg&v=1788709399","https://five.epicollect.net/api/media/mycoponics-porterfield?type=photo&format=entry_original&name=5855ae8b-11e4-414b-be81-f1f5482e0668_1788709385.jpg&v=1788709399","https://five.epicollect.net/api/media/mycoponics-porterfield?type=photo&format=entry_original&name=5855ae8b-11e4-414b-be81-f1f5482e0668_1788709387.jpg&v=1788709399","https://five.epicollect.net/api/media/mycoponics-porterfield?type=photo&format=entry_original&name=5855ae8b-11e4-414b-be81-f1f5482e0668_1788709390.jpg&v=1788709399","","","","","","","","","","","","","","","","","","","","","","","","","(Same as before) Carpet-like (mold?) growth just before a structure perfectly resembling popcorn Contamination: Possible. Colonization: Fully colonized (90%). Surface density: Very dense/overgrown/3D structures. Edge activity: Highly active expanding front. Exudophore formation: Tiny droplets beginning. Localization density: none.","C1","8/29/2026 8:52:48 PM","12d43e60-9204-11f1-9262-61c43e67bcf5","5855ae8b-11e4-414b-be81-f1f5482e0668","C1","9/6/2026 3:43:19 PM"
"35","[""No""]","5","30","[""Yes""]","[""Yes""]","10","10","#C2936A","[""Red""]","","","[""No""]","","","","","","","","","","","","","","","","","","","","","","","","","","","","","","","","A2","8/27/2026 12:26:11 PM","70c56600-9206-11f1-a57e-abc999418cec","5897d94b-09a9-43b3-9063-d36182891955","A2","8/27/2026 12:26:12 PM"
"20","[""No""]","2","18","[""Yes""]","[""Yes""]","15","15","#CD9D45","[""Yellow""]","","","[""No""]","","","","","","","","","","","","","","","","","","","","","","","","","","","","","","","","A1","8/26/2026 6:08:11 PM","af959170-9206-11f1-b07c-23192f0e7dfa","58fd1dee-5e6d-4a33-bfa8-52be28ce04f9","A1","8/26/2026 6:08:12 PM"
"31","[""No""]","7","24","[""Yes""]","[""Yes""]","13.5","20.5","#4E2406","[""Red""]","","dirt-like flaky chunks at bottom red, hot-sauce-like color, viscous, sparsely distributed white dots","[""No""]","","","","","","","","","","","","","","","","","","","","","","","","","","","","","","","","A2","8/26/2026 3:02:22 PM","72b6b940-9207-11f1-ba24-e7a1a5a09e42","591649ae-a8ed-43ea-b1b1-24a1000927f4","A2","8/26/2026 3:02:25 PM"
"10","[""No""]","4","6","[""Yes""]","[""Yes""]","2","2","#230800","[""Brown""]","","It is not much but is the darkest exudate that I have seen so far. It stopped producing for almost 2 weeks possibly due to humidity and now the exudate is really dark.","[""No""]","","","","","","","","","","","","","","","","","","","","","","","","","","","","","","","","D1","8/26/2026 6:08:11 PM","af959170-9206-11f1-b07c-23192f0e7dfa","5922910f-2a15-4954-bb9e-107350664c6f","D1","8/26/2026 6:08:28 PM"
"5","[""Yes""]","3","57","[""Yes""]","[""Yes""]","7.9","7.9","#a2a885","[""Yellow""]","","media smelled so bad. exudates are pale viscous yellow.","[""Yes""]","https://five.epicollect.net/api/media/mycoponics-porterfield?type=photo&format=entry_original&name=593f4351-0dcb-4ffa-9e6b-849d128fcf46_1788753178.jpg&v=1788753184","https://five.epicollect.net/api/media/mycoponics-porterfield?type=photo&format=entry_original&name=593f4351-0dcb-4ffa-9e6b-849d128fcf46_1788753180.jpg&v=1788753184","https://five.epicollect.net/api/media/mycoponics-porterfield?type=photo&format=entry_original&name=593f4351-0dcb-4ffa-9e6b-849d128fcf46_1788753181.jpg&v=1788753184","","","","","","","","","","","","","","","","","","","","","","","","","","","","","B4","8/26/2026 5:20:18 PM","45476810-9207-11f1-8555-b77c5e5555d6","593f4351-0dcb-4ffa-9e6b-849d128fcf46","B4","9/7/2026 3:53:04 AM"
"8","[""No""]","3","5","[""No""]","[""No""]","","","","[""Clear""]","","","[""No""]","","","","","","","","","","","","","","","","","","","","","","","","","","","","","","","","C4","8/26/2026 5:27:01 PM","309c1dc0-9207-11f1-9186-31d4e5d7aabc","598c124a-e180-4557-9970-031784a39ccc","C4","8/26/2026 5:27:17 PM"
"4","[""Yes""]","8","46","[""Yes""]","[""Yes""]","14.5","15","#f0e2ac","[""Yellow""]","","","[""Yes""]","","","","","","","","","","","","","","","","","","","","","","","","","","","","","","","","A1","8/29/2026 7:08:22 PM","dac34c80-9205-11f1-ba5f-319f359841fc","5af45247-4fba-4035-a7b8-541d51d0142d","A1","8/29/2026 7:08:23 PM"
"13","[""Yes""]","10","34","[""Yes""]","[""Yes""]","12","23","#756834","[""Yellow""]","","has small white chunks","[""Yes""]","https://five.epicollect.net/api/media/mycoponics-porterfield?type=photo&format=entry_original&name=5b28bbf7-7567-4831-84d1-1a6b74ad31f3_1788735051.jpg&v=1788735138","https://five.epicollect.net/api/media/mycoponics-porterfield?type=photo&format=entry_original&name=5b28bbf7-7567-4831-84d1-1a6b74ad31f3_1788735056.jpg&v=1788735138","https://five.epicollect.net/api/media/mycoponics-porterfield?type=photo&format=entry_original&name=5b28bbf7-7567-4831-84d1-1a6b74ad31f3_1788735059.jpg&v=1788735138","https://five.epicollect.net/api/media/mycoponics-porterfield?type=photo&format=entry_original&name=5b28bbf7-7567-4831-84d1-1a6b74ad31f3_1788735061.jpg&v=1788735138","https://five.epicollect.net/api/media/mycoponics-porterfield?type=photo&format=entry_original&name=5b28bbf7-7567-4831-84d1-1a6b74ad31f3_1788735064.jpg&v=1788735138","https://five.epicollect.net/api/media/mycoponics-porterfield?type=photo&format=entry_original&name=5b28bbf7-7567-4831-84d1-1a6b74ad31f3_1788735067.jpg&v=1788735138","https://five.epicollect.net/api/media/mycoponics-porterfield?type=photo&format=entry_original&name=5b28bbf7-7567-4831-84d1-1a6b74ad31f3_1788735069.jpg&v=1788735138","https://five.epicollect.net/api/media/mycoponics-porterfield?type=photo&format=entry_original&name=5b28bbf7-7567-4831-84d1-1a6b74ad31f3_1788735071.jpg&v=1788735138","https://five.epicollect.net/api/media/mycoponics-porterfield?type=photo&format=entry_original&name=5b28bbf7-7567-4831-84d1-1a6b74ad31f3_1788735074.jpg&v=1788735138","https://five.epicollect.net/api/media/mycoponics-porterfield?type=photo&format=entry_original&name=5b28bbf7-7567-4831-84d1-1a6b74ad31f3_1788735076.jpg&v=1788735138","https://five.epicollect.net/api/media/mycoponics-porterfield?type=photo&format=entry_original&name=5b28bbf7-7567-4831-84d1-1a6b74ad31f3_1788735079.jpg&v=1788735138","https://five.epicollect.net/api/media/mycoponics-porterfield?type=photo&format=entry_original&name=5b28bbf7-7567-4831-84d1-1a6b74ad31f3_1788735082.jpg&v=1788735138","https://five.epicollect.net/api/media/mycoponics-porterfield?type=photo&format=entry_original&name=5b28bbf7-7567-4831-84d1-1a6b74ad31f3_1788735085.jpg&v=1788735138","https://five.epicollect.net/api/media/mycoponics-porterfield?type=photo&format=entry_original&name=5b28bbf7-7567-4831-84d1-1a6b74ad31f3_1788735088.jpg&v=1788735138","https://five.epicollect.net/api/media/mycoponics-porterfield?type=photo&format=entry_original&name=5b28bbf7-7567-4831-84d1-1a6b74ad31f3_1788735091.jpg&v=1788735138","https://five.epicollect.net/api/media/mycoponics-porterfield?type=photo&format=entry_original&name=5b28bbf7-7567-4831-84d1-1a6b74ad31f3_1788735093.jpg&v=1788735138","https://five.epicollect.net/api/media/mycoponics-porterfield?type=photo&format=entry_original&name=5b28bbf7-7567-4831-84d1-1a6b74ad31f3_1788735096.jpg&v=1788735138","https://five.epicollect.net/api/media/mycoponics-porterfield?type=photo&format=entry_original&name=5b28bbf7-7567-4831-84d1-1a6b74ad31f3_1788735100.jpg&v=1788735138","https://five.epicollect.net/api/media/mycoponics-porterfield?type=photo&format=entry_original&name=5b28bbf7-7567-4831-84d1-1a6b74ad31f3_1788735102.jpg&v=1788735138","https://five.epicollect.net/api/media/mycoponics-porterfield?type=photo&format=entry_original&name=5b28bbf7-7567-4831-84d1-1a6b74ad31f3_1788735105.jpg&v=1788735138","https://five.epicollect.net/api/media/mycoponics-porterfield?type=photo&format=entry_original&name=5b28bbf7-7567-4831-84d1-1a6b74ad31f3_1788735108.jpg&v=1788735138","https://five.epicollect.net/api/media/mycoponics-porterfield?type=photo&format=entry_original&name=5b28bbf7-7567-4831-84d1-1a6b74ad31f3_1788735111.jpg&v=1788735138","https://five.epicollect.net/api/media/mycoponics-porterfield?type=photo&format=entry_original&name=5b28bbf7-7567-4831-84d1-1a6b74ad31f3_1788735114.jpg&v=1788735138","https://five.epicollect.net/api/media/mycoponics-porterfield?type=photo&format=entry_original&name=5b28bbf7-7567-4831-84d1-1a6b74ad31f3_1788735117.jpg&v=1788735138","https://five.epicollect.net/api/media/mycoponics-porterfield?type=photo&format=entry_original&name=5b28bbf7-7567-4831-84d1-1a6b74ad31f3_1788735119.jpg&v=1788735138","https://five.epicollect.net/api/media/mycoponics-porterfield?type=photo&format=entry_original&name=5b28bbf7-7567-4831-84d1-1a6b74ad31f3_1788735123.jpg&v=1788735138","https://five.epicollect.net/api/media/mycoponics-porterfield?type=photo&format=entry_original&name=5b28bbf7-7567-4831-84d1-1a6b74ad31f3_1788735126.jpg&v=1788735138","https://five.epicollect.net/api/media/mycoponics-porterfield?type=photo&format=entry_original&name=5b28bbf7-7567-4831-84d1-1a6b74ad31f3_1788735128.jpg&v=1788735138","https://five.epicollect.net/api/media/mycoponics-porterfield?type=photo&format=entry_original&name=5b28bbf7-7567-4831-84d1-1a6b74ad31f3_1788735131.jpg&v=1788735138","https://five.epicollect.net/api/media/mycoponics-porterfield?type=photo&format=entry_original&name=5b28bbf7-7567-4831-84d1-1a6b74ad31f3_1788735133.jpg&v=1788735138","","C1","8/29/2026 7:17:32 PM","c3bb9ba0-9205-11f1-9bf5-b15c7c68ff3f","5b28bbf7-7567-4831-84d1-1a6b74ad31f3","C1","9/6/2026 10:52:18 PM"
"31","[""Yes""]","7","53","[""Yes""]","[""Yes""]","13.6","13.6","","[""Amber""]","","Dark orange","[""Yes""]","https://five.epicollect.net/api/media/mycoponics-porterfield?type=photo&format=entry_original&name=5b37194b-537f-42dc-a7c0-56ea08138bc5_1788711941.jpg&v=1788711971","https://five.epicollect.net/api/media/mycoponics-porterfield?type=photo&format=entry_original&name=5b37194b-537f-42dc-a7c0-56ea08138bc5_1788711944.jpg&v=1788711971","https://five.epicollect.net/api/media/mycoponics-porterfield?type=photo&format=entry_original&name=5b37194b-537f-42dc-a7c0-56ea08138bc5_1788711946.jpg&v=1788711971","https://five.epicollect.net/api/media/mycoponics-porterfield?type=photo&format=entry_original&name=5b37194b-537f-42dc-a7c0-56ea08138bc5_1788711949.jpg&v=1788711971","https://five.epicollect.net/api/media/mycoponics-porterfield?type=photo&format=entry_original&name=5b37194b-537f-42dc-a7c0-56ea08138bc5_1788711952.jpg&v=1788711971","https://five.epicollect.net/api/media/mycoponics-porterfield?type=photo&format=entry_original&name=5b37194b-537f-42dc-a7c0-56ea08138bc5_1788711954.jpg&v=1788711971","https://five.epicollect.net/api/media/mycoponics-porterfield?type=photo&format=entry_original&name=5b37194b-537f-42dc-a7c0-56ea08138bc5_1788711958.jpg&v=1788711971","https://five.epicollect.net/api/media/mycoponics-porterfield?type=photo&format=entry_original&name=5b37194b-537f-42dc-a7c0-56ea08138bc5_1788711961.jpg&v=1788711971","https://five.epicollect.net/api/media/mycoponics-porterfield?type=photo&format=entry_original&name=5b37194b-537f-42dc-a7c0-56ea08138bc5_1788711964.jpg&v=1788711971","https://five.epicollect.net/api/media/mycoponics-porterfield?type=photo&format=entry_original&name=5b37194b-537f-42dc-a7c0-56ea08138bc5_1788711966.jpg&v=1788711971","","","","","","","","","","","","","","","","","","","","","","C2","8/29/2026 7:34:06 PM","780c9ba0-9205-11f1-bc95-0954c57f36fb","5b37194b-537f-42dc-a7c0-56ea08138bc5","C2","9/6/2026 4:26:11 PM"
"33","[""No""]","6","28","[""Yes""]","[""No""]","","","","[""Green""]","","media","[""No""]","","","","","","","","","","","","","","","","","","","","","","","","","","","","","","","","B4","8/26/2026 12:50:07 PM","9dd3dd10-9207-11f1-b651-5d6fce51deb5","5baf33a6-5a3c-45b4-9423-4e45207ff451","B4","8/26/2026 12:50:16 PM"
"36","[""No""]","6","30","[""Yes""]","[""Yes""]","14","14","#9D6712","[]","","","[""No""]","","","","","","","","","","","","","","","","","","","","","","","","","","","","","","","","C1","8/26/2026 6:04:58 PM","b3b1f780-9206-11f1-b07c-23192f0e7dfa","5c45637e-a3f5-4d07-9e84-e772a3920a7c","C1","8/26/2026 6:05:09 PM"
"23","[""Yes""]","5","50","[""Yes""]","[""Yes""]","14.3","27.3","#211D19","[""Brown""]","","white dot/chunks lining the wall, but otherwise very very dark brown and can't see through it but appears clear.","[""No""]","","","","","","","","","","","","","","","","","","","","","","","","","","","","","","","","A1","8/26/2026 12:32:51 PM","3a1d2be0-9208-11f1-9ae6-cbe624cafba5","5c484695-c71a-4b40-8482-5accc252a86c","A1","8/26/2026 12:32:52 PM"
"40","[""Yes""]","8","32","[""Yes""]","[""Yes""]","13.6","15","#745F16","[""Yellow Gold""]","Fibrous/shredded material","pretty clear!!!! but sort of gel-like liquid, darker yellow, sort of a mix of lime-ish/cardboard-ish yellow, individual very small sand-like grains- settle into sand lines!! ","[""No""]","","","","","","","","","","","","","","","","","","","","","","","","","","","","","","","","A1","8/9/2026 3:38:48 PM","ab4d77d5-a552-43b2-abfb-821172faf6ad","5c90cd9a-5dc8-4f20-b388-0b784acb6e8e","A1","8/9/2026 5:43:26 PM"
"7","[""Yes""]","5","55","[""Yes""]","[""Yes""]","11","11","#948134","[]","","Reduced exudate production. Liquid seems more green than vials previously recollected but still yellow. Does not look diluted. On the mycelium itself there is a amber/orange run off.","[""Yes""]","","","","","","","","","","","","","","","","","","","","","","","","","","","","","","","","D2","8/29/2026 7:09:34 PM","d76eca50-9205-11f1-ba5f-319f359841fc","5c926b70-c9f6-498e-946e-43bd192a7d54","D2","8/29/2026 7:10:05 PM"
"40","[""No""]","10","30","[""Yes""]","[""Yes""]","9","9","#2C0F00","[""Red""]","","Best exudate in a while! It is highly concentrated, dark red coloration and was lot of volume. The humidity settings are working well on this chamber.","[""No""]","","","","","","","","","","","","","","","","","","","","","","","","","","","","","","","","B1","8/26/2026 6:21:45 PM","75fb7970-9206-11f1-a57e-abc999418cec","5cf5b5f6-7595-4f53-b927-ceec3b33319c","B1","8/26/2026 6:21:53 PM"
"7","[""No""]","2","5","[""Yes""]","[""Yes""]","4","4","#AC884A","[""Yellow""]","","","[""No""]","","","","","","","","","","","","","","","","","","","","","","","","","","","","","","","","B4","8/26/2026 5:42:07 PM","25278790-9207-11f1-9186-31d4e5d7aabc","5cffb1b9-fd6c-4b10-b59d-9f5697d046a3","B4","8/26/2026 5:42:17 PM"
"14","[""No""]","4","10","[""Yes""]","[""Yes""]","3.5","3.5","#A07929","[""Yellow""]","","","[""No""]","","","","","","","","","","","","","","","","","","","","","","","","","","","","","","","","B2","8/26/2026 5:42:07 PM","25278790-9207-11f1-9186-31d4e5d7aabc","5d6d71bc-bec7-4311-a942-6c73ef09e591","B2","8/26/2026 5:42:14 PM"
"4","[""Yes""]","2","50","[""Yes""]","[""Yes""]","14","26","#A67600","[""Yellow""]","","","[""No""]","","","","","","","","","","","","","","","","","","","","","","","","","","","","","","","The heater is belllow this humidifier and it get too hot sometimes, which causes the steam to become water and it does not gets into the chamber. If this happens the tubing needs to be adjusted.","C1","8/26/2026 5:12:55 PM","5e7888a0-9207-11f1-aadd-df4879ec2771","5e0d6c22-1fa3-4796-9681-0884dbf863cf","C1","8/26/2026 5:13:06 PM"
"5","[""Yes""]","10","48","[""No""]","[""Yes""]","14","23","#733D0b","[""Red orangish""]","","Orange coloration, pretty clear, very thin dirt-like chunk at bottom.","[""No""]","","","","","","","","","","","","","","","","","","","","","","","","","","","","","","","","A2","8/26/2026 2:58:31 PM","7621f7c0-9207-11f1-ba24-e7a1a5a09e42","5e5a3c51-5611-4601-9a45-dae75288a228","A2","8/26/2026 2:58:33 PM"
"54","[""No""]","2","49","[""Yes""]","[""Yes""]","4","4","#A39D63","[""Yellow""]","","","[""Yes""]","https://five.epicollect.net/api/media/mycoponics-porterfield?type=photo&format=entry_original&name=5e7136af-8022-4b7e-a534-da5417f55ae1_1788748506.jpg&v=1788748577","https://five.epicollect.net/api/media/mycoponics-porterfield?type=photo&format=entry_original&name=5e7136af-8022-4b7e-a534-da5417f55ae1_1788748512.jpg&v=1788748577","https://five.epicollect.net/api/media/mycoponics-porterfield?type=photo&format=entry_original&name=5e7136af-8022-4b7e-a534-da5417f55ae1_1788748515.jpg&v=1788748577","https://five.epicollect.net/api/media/mycoponics-porterfield?type=photo&format=entry_original&name=5e7136af-8022-4b7e-a534-da5417f55ae1_1788748518.jpg&v=1788748577","https://five.epicollect.net/api/media/mycoponics-porterfield?type=photo&format=entry_original&name=5e7136af-8022-4b7e-a534-da5417f55ae1_1788748522.jpg&v=1788748577","https://five.epicollect.net/api/media/mycoponics-porterfield?type=photo&format=entry_original&name=5e7136af-8022-4b7e-a534-da5417f55ae1_1788748525.jpg&v=1788748577","https://five.epicollect.net/api/media/mycoponics-porterfield?type=photo&format=entry_original&name=5e7136af-8022-4b7e-a534-da5417f55ae1_1788748528.jpg&v=1788748577","https://five.epicollect.net/api/media/mycoponics-porterfield?type=photo&format=entry_original&name=5e7136af-8022-4b7e-a534-da5417f55ae1_1788748530.jpg&v=1788748577","https://five.epicollect.net/api/media/mycoponics-porterfield?type=photo&format=entry_original&name=5e7136af-8022-4b7e-a534-da5417f55ae1_1788748533.jpg&v=1788748577","https://five.epicollect.net/api/media/mycoponics-porterfield?type=photo&format=entry_original&name=5e7136af-8022-4b7e-a534-da5417f55ae1_1788748536.jpg&v=1788748577","https://five.epicollect.net/api/media/mycoponics-porterfield?type=photo&format=entry_original&name=5e7136af-8022-4b7e-a534-da5417f55ae1_1788748539.jpg&v=1788748577","https://five.epicollect.net/api/media/mycoponics-porterfield?type=photo&format=entry_original&name=5e7136af-8022-4b7e-a534-da5417f55ae1_1788748542.jpg&v=1788748577","https://five.epicollect.net/api/media/mycoponics-porterfield?type=photo&format=entry_original&name=5e7136af-8022-4b7e-a534-da5417f55ae1_1788748545.jpg&v=1788748577","https://five.epicollect.net/api/media/mycoponics-porterfield?type=photo&format=entry_original&name=5e7136af-8022-4b7e-a534-da5417f55ae1_1788748549.jpg&v=1788748577","https://five.epicollect.net/api/media/mycoponics-porterfield?type=photo&format=entry_original&name=5e7136af-8022-4b7e-a534-da5417f55ae1_1788748552.jpg&v=1788748577","https://five.epicollect.net/api/media/mycoponics-porterfield?type=photo&format=entry_original&name=5e7136af-8022-4b7e-a534-da5417f55ae1_1788748555.jpg&v=1788748577","https://five.epicollect.net/api/media/mycoponics-porterfield?type=photo&format=entry_original&name=5e7136af-8022-4b7e-a534-da5417f55ae1_1788748557.jpg&v=1788748577","https://five.epicollect.net/api/media/mycoponics-porterfield?type=photo&format=entry_original&name=5e7136af-8022-4b7e-a534-da5417f55ae1_1788748560.jpg&v=1788748577","https://five.epicollect.net/api/media/mycoponics-porterfield?type=photo&format=entry_original&name=5e7136af-8022-4b7e-a534-da5417f55ae1_1788748563.jpg&v=1788748577","https://five.epicollect.net/api/media/mycoponics-porterfield?type=photo&format=entry_original&name=5e7136af-8022-4b7e-a534-da5417f55ae1_1788748566.jpg&v=1788748577","https://five.epicollect.net/api/media/mycoponics-porterfield?type=photo&format=entry_original&name=5e7136af-8022-4b7e-a534-da5417f55ae1_1788748569.jpg&v=1788748577","https://five.epicollect.net/api/media/mycoponics-porterfield?type=photo&format=entry_original&name=5e7136af-8022-4b7e-a534-da5417f55ae1_1788748573.jpg&v=1788748577","","","","","","","","","","D2","8/29/2026 7:08:22 PM","dac34c80-9205-11f1-ba5f-319f359841fc","5e7136af-8022-4b7e-a534-da5417f55ae1","D2","9/7/2026 2:36:17 AM"
"40","[""Yes""]","3","37","[""Yes""]","[""Yes""]","8.5","8.5","#54491A","[""Yellow"",""Viscous"",""Yellow Brownish (cardboard)""]","Tiny white specks","a few tiny tiny cotton-ball-like circles, small fizz-like white specks around, very viscous liquid ","[""No""]","","","","","","","","","","","","","","","","","","","","","","","","","","","","","","","","C4","8/9/2026 3:48:10 PM","ab4d77d5-a552-43b2-abfb-821172faf6ad","5e94f5f7-7974-4b34-8765-067e77157bf3","C4","8/9/2026 5:13:33 PM"
"7","[""Yes""]","5","50","[""Yes""]","[""Yes""]","12","12","#DFBF64","[]","","","[""No""]","","","","","","","","","","","","","","","","","","","","","","","","","","","","","","","","B3","8/29/2026 7:07:31 PM","0c11aca0-9206-11f1-9518-87ccf2fafc79","5ee7bc8d-0611-4ed8-90e6-38806d1bfb32","B3","8/29/2026 7:07:44 PM"
"40","[""No""]","6","34","[""Yes""]","[""Yes""]","12.5","12.5","#774C01","[""Amber""]","","","[""No""]","","","","","","","","","","","","","","","","","","","","","","","","","","","","","","","","B3","8/26/2026 6:08:11 PM","af959170-9206-11f1-b07c-23192f0e7dfa","5eeab1f2-9c3a-4be6-aca0-ac1c40f465e1","B3","8/26/2026 6:08:21 PM"
"12","[""Yes""]","2","14","[""Yes""]","[""Yes""]","10.5","10.5","#65552A","[""Amber""]","","","[""No""]","","","","","","","","","","","","","","","","","","","","","","","","","","","","","","","","B1","8/28/2026 12:52:41 PM","212ef2a0-9206-11f1-9518-87ccf2fafc79","5f7db6ad-fb3a-451e-baaf-320215face7d","B1","8/28/2026 12:52:46 PM"
"50","[""No""]","5","45","[""No""]","[""No""]","","","","[]","","","[""No""]","","","","","","","","","","","","","","","","","","","","","","","","","","","","","","","","B4","8/26/2026 6:11:41 PM","acdfe750-9206-11f1-b07c-23192f0e7dfa","5fa082db-247a-4f93-a85a-ddebe6b5b94a","B4","8/26/2026 6:11:52 PM"
"14","[""No""]","4","10","[""Yes""]","[""Yes""]","6","6","#D59B49","[""Yellow""]","","Could be mixed with some media since the tube is not fully colonized","[""No""]","","","","","","","","","","","","","","","","","","","","","","","","","","","","","","","","B3","8/26/2026 6:18:45 PM","a1eeb1f0-9206-11f1-b07c-23192f0e7dfa","6044b385-626c-4fa9-8340-936d6646762e","B3","8/26/2026 6:18:53 PM"
"7","[""Yes""]","5","55","[""No""]","[""No""]","","","","[]","","No exudates yet, but air filter was coming off so we had to glue ir again.","[""Yes""]","","","","","","","","","","","","","","","","","","","","","","","","","","","","","","","Contamination: None.","A4","8/29/2026 7:09:34 PM","d76eca50-9205-11f1-ba5f-319f359841fc","6087e60a-e356-4f1b-bc8b-46413881410e","A4","8/29/2026 7:09:44 PM"
"35","[""No""]","5","30","[""Yes""]","[""Yes""]","9.5","9.5","#967221","[""Yellow""]","","","[""No""]","","","","","","","","","","","","","","","","","","","","","","","","","","","","","","","","B4","8/26/2026 6:08:11 PM","af959170-9206-11f1-b07c-23192f0e7dfa","6102ee51-8a45-4b06-bdc8-ce9dde914617","B4","8/26/2026 6:08:22 PM"
"25","[""No""]","5","20","[""No""]","[""No""]","","","","[""Green""]","","No exudate drops","[""No""]","","","","","","","","","","","","","","","","","","","","","","","","","","","","","","","","C3","8/28/2026 12:46:31 PM","4ed1fe00-9206-11f1-b91a-4736f6a951ba","618506dc-1eec-4e75-b509-2f9d6a2a46df","C3","8/28/2026 12:46:45 PM"
"7","[""Yes""]","5","55","[""Yes""]","[""Yes""]","14","29","#6B5618","[""Yellow"",""Viscous""]","Fibrous/shredded material","tan shredded mateial collecting on sides, looks like sand, more dotty here","[""Yes""]","https://five.epicollect.net/api/media/mycoponics-porterfield?type=photo&format=entry_original&name=61bf52ab-0be4-4bb7-a99f-c50a59cbbb79_1786119089.jpg&v=1786128032","https://five.epicollect.net/api/media/mycoponics-porterfield?type=photo&format=entry_original&name=61bf52ab-0be4-4bb7-a99f-c50a59cbbb79_1786119117.jpg&v=1786128032","https://five.epicollect.net/api/media/mycoponics-porterfield?type=photo&format=entry_original&name=61bf52ab-0be4-4bb7-a99f-c50a59cbbb79_1786119132.jpg&v=1786128032","https://five.epicollect.net/api/media/mycoponics-porterfield?type=photo&format=entry_original&name=61bf52ab-0be4-4bb7-a99f-c50a59cbbb79_1786119143.jpg&v=1786128032","https://five.epicollect.net/api/media/mycoponics-porterfield?type=photo&format=entry_original&name=61bf52ab-0be4-4bb7-a99f-c50a59cbbb79_1786119166.jpg&v=1786128032","https://five.epicollect.net/api/media/mycoponics-porterfield?type=photo&format=entry_original&name=61bf52ab-0be4-4bb7-a99f-c50a59cbbb79_1786119187.jpg&v=1786128032","https://five.epicollect.net/api/media/mycoponics-porterfield?type=photo&format=entry_original&name=61bf52ab-0be4-4bb7-a99f-c50a59cbbb79_1786119205.jpg&v=1786128032","https://five.epicollect.net/api/media/mycoponics-porterfield?type=photo&format=entry_original&name=61bf52ab-0be4-4bb7-a99f-c50a59cbbb79_1786119225.jpg&v=1786128032","https://five.epicollect.net/api/media/mycoponics-porterfield?type=photo&format=entry_original&name=61bf52ab-0be4-4bb7-a99f-c50a59cbbb79_1786119239.jpg&v=1786128032","https://five.epicollect.net/api/media/mycoponics-porterfield?type=photo&format=entry_original&name=61bf52ab-0be4-4bb7-a99f-c50a59cbbb79_1786119251.jpg&v=1786128032","https://five.epicollect.net/api/media/mycoponics-porterfield?type=photo&format=entry_original&name=61bf52ab-0be4-4bb7-a99f-c50a59cbbb79_1786119260.jpg&v=1786128032","","","","","","","","","","","","","","","","","","","","Green contamination similar to the old one i saw before","C3","8/7/2026 4:14:49 PM","351d1278-fe80-48d4-99b7-5df11d522f8d","61bf52ab-0be4-4bb7-a99f-c50a59cbbb79","C3","8/7/2026 6:40:32 PM"
"22","[""Yes""]","5","47","[""Yes""]","[""Yes""]","14","33","#7c7b63","[""Green""]","","media,very viscious to the point you can't see anything","[""No""]","","","","","","","","","","","","","","","","","","","","","","","","","","","","","","","","A4","8/26/2026 1:20:01 AM","59ab7ac0-9208-11f1-bc48-c9fd0cd355af","6297e35d-c972-40c5-8dd5-83cb88526457","A4","8/26/2026 1:20:06 AM"
"30","[""Yes""]","5","34","[""Yes""]","[""Yes""]","","31","#8E8D6A","[]","","","[""Yes""]","https://five.epicollect.net/api/media/mycoponics-porterfield?type=photo&format=entry_original&name=6318aa8f-008a-44fe-a3a9-a222ba7e7225_1788750697.jpg&v=1788750742","https://five.epicollect.net/api/media/mycoponics-porterfield?type=photo&format=entry_original&name=6318aa8f-008a-44fe-a3a9-a222ba7e7225_1788750702.jpg&v=1788750742","https://five.epicollect.net/api/media/mycoponics-porterfield?type=photo&format=entry_original&name=6318aa8f-008a-44fe-a3a9-a222ba7e7225_1788750706.jpg&v=1788750742","https://five.epicollect.net/api/media/mycoponics-porterfield?type=photo&format=entry_original&name=6318aa8f-008a-44fe-a3a9-a222ba7e7225_1788750711.jpg&v=1788750742","https://five.epicollect.net/api/media/mycoponics-porterfield?type=photo&format=entry_original&name=6318aa8f-008a-44fe-a3a9-a222ba7e7225_1788750715.jpg&v=1788750742","https://five.epicollect.net/api/media/mycoponics-porterfield?type=photo&format=entry_original&name=6318aa8f-008a-44fe-a3a9-a222ba7e7225_1788750720.jpg&v=1788750742","https://five.epicollect.net/api/media/mycoponics-porterfield?type=photo&format=entry_original&name=6318aa8f-008a-44fe-a3a9-a222ba7e7225_1788750724.jpg&v=1788750742","https://five.epicollect.net/api/media/mycoponics-porterfield?type=photo&format=entry_original&name=6318aa8f-008a-44fe-a3a9-a222ba7e7225_1788750729.jpg&v=1788750742","","","","","","","","","","","","","","","","","","","","","","","It might be the ceramic tube, but the mycelium is not growing in some parts. It could also be slow growth. Contamination: None. Colonization: Moderate colonization (30-60%). Surface density: Moderate fluffy coverage. Edge activity: Minimal edge growth. Exudophore formation: None. Localization density: sparse. Odor: None.","B2","8/29/2026 9:28:46 PM","559b5ba0-9206-11f1-b91a-4736f6a951ba","6318aa8f-008a-44fe-a3a9-a222ba7e7225","B2","9/7/2026 3:12:22 AM"
"4","[""Yes""]","5","52","[""Yes""]","[""No""]","","","","[]","","not enough","[""No""]","","","","","","","","","","","","","","","","","","","","","","","","","","","","","","","","A1","8/26/2026 1:20:01 AM","59ab7ac0-9208-11f1-bc48-c9fd0cd355af","63600ce0-ea92-43d0-88de-2d63fbc01418","A1","8/26/2026 1:20:02 AM"
"9","[""No""]","4","5","[""No""]","[""No""]","","","","[]","","","[""No""]","","","","","","","","","","","","","","","","","","","","","","","","","","","","","","","","D4","8/26/2026 6:11:41 PM","acdfe750-9206-11f1-b07c-23192f0e7dfa","6397ef16-ff9b-4062-95a5-1570103cd5ac","D4","8/26/2026 6:12:02 PM"
"6","[""Yes""]","4","54","[""No""]","[""Yes""]","15","39","#A19251","[""Yellow""]","","pale yellow (but still a good agar-like color. viscous and cloudy. brown/tan flakiness settled down.","[""No""]","","","","","","","","","","","","","","","","","","","","","","","","","","","","","","","","C4","8/26/2026 2:55:00 PM","7621f7c0-9207-11f1-ba24-e7a1a5a09e42","63a714b8-2892-440b-91e2-868065012412","C4","8/26/2026 2:55:17 PM"
"5","[""Yes""]","5","35","[""Yes""]","[""Yes""]","","31","#856D5B","[""Red""]","","It is red but also looks diluted. In the past this one used to be birght red","[""Yes""]","https://five.epicollect.net/api/media/mycoponics-porterfield?type=photo&format=entry_original&name=63c41a71-add9-4c10-8ef0-ff84003b8cce_1788750412.jpg&v=1788750505","https://five.epicollect.net/api/media/mycoponics-porterfield?type=photo&format=entry_original&name=63c41a71-add9-4c10-8ef0-ff84003b8cce_1788750417.jpg&v=1788750505","https://five.epicollect.net/api/media/mycoponics-porterfield?type=photo&format=entry_original&name=63c41a71-add9-4c10-8ef0-ff84003b8cce_1788750422.jpg&v=1788750505","https://five.epicollect.net/api/media/mycoponics-porterfield?type=photo&format=entry_original&name=63c41a71-add9-4c10-8ef0-ff84003b8cce_1788750430.jpg&v=1788750505","https://five.epicollect.net/api/media/mycoponics-porterfield?type=photo&format=entry_original&name=63c41a71-add9-4c10-8ef0-ff84003b8cce_1788750435.jpg&v=1788750505","https://five.epicollect.net/api/media/mycoponics-porterfield?type=photo&format=entry_original&name=63c41a71-add9-4c10-8ef0-ff84003b8cce_1788750467.jpg&v=1788750505","https://five.epicollect.net/api/media/mycoponics-porterfield?type=photo&format=entry_original&name=63c41a71-add9-4c10-8ef0-ff84003b8cce_1788750475.jpg&v=1788750505","https://five.epicollect.net/api/media/mycoponics-porterfield?type=photo&format=entry_original&name=63c41a71-add9-4c10-8ef0-ff84003b8cce_1788750481.jpg&v=1788750505","https://five.epicollect.net/api/media/mycoponics-porterfield?type=photo&format=entry_original&name=63c41a71-add9-4c10-8ef0-ff84003b8cce_1788750486.jpg&v=1788750505","https://five.epicollect.net/api/media/mycoponics-porterfield?type=photo&format=entry_original&name=63c41a71-add9-4c10-8ef0-ff84003b8cce_1788750491.jpg&v=1788750505","","","","","","","","","","","","","","","","","","","","","The mycelium part looks very helathy, there is many tiny drops of water. Howevver, the contamination part took most of the ceramic, there is many drops Contamination: Confirmed. Colonization: Extensive colonization (60-90%). Surface density: Moderate fluffy coverage. Edge activity: Contamination expanding. Exudophore formation: Visible localized exudates, no branches. Localization density: abundant. Odor: None.","A2","8/28/2026 3:25:09 AM","559b5ba0-9206-11f1-b91a-4736f6a951ba","63c41a71-add9-4c10-8ef0-ff84003b8cce","A2","9/7/2026 3:08:25 AM"
"40","[""No""]","5","35","[""Yes""]","[""Yes""]","5.5","5.5","#540000","[""Red""]","","Super red, in the light it does not look brown. The color is really intense and super concentrated.","[""No""]","","","","","","","","","","","","","","","","","","","","","","","","","","","","","","","","C2","8/26/2026 6:18:45 PM","a1eeb1f0-9206-11f1-b07c-23192f0e7dfa","641e117d-80f9-4cf1-8d18-46c23896b556","C2","8/26/2026 6:18:58 PM"
"38","[""No""]","8","30","[""No""]","[""No""]","","","","[]","","Not producing yet, just media","[""Yes""]","https://five.epicollect.net/api/media/mycoponics-porterfield?type=photo&format=entry_original&name=64702373-1698-46f3-982f-6ed56c7fa002_1788733482.jpg&v=1788733497","https://five.epicollect.net/api/media/mycoponics-porterfield?type=photo&format=entry_original&name=64702373-1698-46f3-982f-6ed56c7fa002_1788733488.jpg&v=1788733497","","","","","","","","","","","","","","","","","","","","","","","","","","","","","","D4","8/29/2026 7:18:35 PM","beee3510-9205-11f1-9bf5-b15c7c68ff3f","64702373-1698-46f3-982f-6ed56c7fa002","D4","9/6/2026 10:24:57 PM"
"14","[""No""]","5","9","[""Yes""]","[""No""]","","","","[]","","too little to collect","[""No""]","","","","","","","","","","","","","","","","","","","","","","","","","","","","","","","","A1","8/26/2026 1:44:53 AM","52680b20-9208-11f1-985c-f79deada967f","647aedea-e367-49d9-995c-472658acba5f","A1","8/26/2026 1:44:54 AM"
"19","[""Yes""]","9","49","[""Yes""]","[""Yes""]","14","32","#77723A","[""Lime""]","","very thin chunky flakes throughout liquid. very clear lime liquid.","[""No""]","","","","","","","","","","","","","","","","","","","","","","","","","","","","","","","","B2","8/26/2026 12:50:07 PM","9dd3dd10-9207-11f1-b651-5d6fce51deb5","64b01dbf-15e5-4bfb-8602-73155bcda567","B2","8/26/2026 12:50:14 PM"
"50","[""No""]","2","48","[""No""]","[""No""]","","","","[""Clear""]","","","[""Yes""]","https://five.epicollect.net/api/media/mycoponics-porterfield?type=photo&format=entry_original&name=64fe1678-1a35-431b-8850-959423120ebf_1788752639.jpg&v=1788752645","https://five.epicollect.net/api/media/mycoponics-porterfield?type=photo&format=entry_original&name=64fe1678-1a35-431b-8850-959423120ebf_1788752641.jpg&v=1788752645","https://five.epicollect.net/api/media/mycoponics-porterfield?type=photo&format=entry_original&name=64fe1678-1a35-431b-8850-959423120ebf_1788752643.jpg&v=1788752645","","","","","","","","","","","","","","","","","","","","","","","","","","","","","A3","8/26/2026 5:53:40 PM","1a80a1a0-9207-11f1-a488-057d0ae059c0","64fe1678-1a35-431b-8850-959423120ebf","A3","9/7/2026 3:44:05 AM"
"20","[""No""]","3","17","[""Yes""]","[""No""]","","","","[]","","Media","[""No""]","","","","","","","","","","","","","","","","","","","","","","","","","","","","","","","","C4","8/26/2026 6:20:36 PM","a1eeb1f0-9206-11f1-b07c-23192f0e7dfa","652e6244-843c-4aca-a468-54bee9f4ee0f","C4","8/26/2026 6:20:38 PM"
"7.5","[""No""]","0","6","[""Yes""]","[""No""]","","","","[""Green""]","","media","[""Yes""]","https://five.epicollect.net/api/media/mycoponics-porterfield?type=photo&format=entry_original&name=653265b9-a759-4fc6-824a-37161dda460a_1788747684.jpg&v=1788747796","https://five.epicollect.net/api/media/mycoponics-porterfield?type=photo&format=entry_original&name=653265b9-a759-4fc6-824a-37161dda460a_1788747689.jpg&v=1788747796","https://five.epicollect.net/api/media/mycoponics-porterfield?type=photo&format=entry_original&name=653265b9-a759-4fc6-824a-37161dda460a_1788747692.jpg&v=1788747796","https://five.epicollect.net/api/media/mycoponics-porterfield?type=photo&format=entry_original&name=653265b9-a759-4fc6-824a-37161dda460a_1788747710.jpg&v=1788747796","https://five.epicollect.net/api/media/mycoponics-porterfield?type=photo&format=entry_original&name=653265b9-a759-4fc6-824a-37161dda460a_1788747720.jpg&v=1788747796","https://five.epicollect.net/api/media/mycoponics-porterfield?type=photo&format=entry_original&name=653265b9-a759-4fc6-824a-37161dda460a_1788747731.jpg&v=1788747796","https://five.epicollect.net/api/media/mycoponics-porterfield?type=photo&format=entry_original&name=653265b9-a759-4fc6-824a-37161dda460a_1788747746.jpg&v=1788747796","https://five.epicollect.net/api/media/mycoponics-porterfield?type=photo&format=entry_original&name=653265b9-a759-4fc6-824a-37161dda460a_1788747749.jpg&v=1788747796","https://five.epicollect.net/api/media/mycoponics-porterfield?type=photo&format=entry_original&name=653265b9-a759-4fc6-824a-37161dda460a_1788747754.jpg&v=1788747796","https://five.epicollect.net/api/media/mycoponics-porterfield?type=photo&format=entry_original&name=653265b9-a759-4fc6-824a-37161dda460a_1788747757.jpg&v=1788747796","https://five.epicollect.net/api/media/mycoponics-porterfield?type=photo&format=entry_original&name=653265b9-a759-4fc6-824a-37161dda460a_1788747760.jpg&v=1788747796","","","","","","","","","","","","","","","","","","","","","D3","8/29/2026 7:09:34 PM","d76eca50-9205-11f1-ba5f-319f359841fc","653265b9-a759-4fc6-824a-37161dda460a","D3","9/7/2026 2:23:16 AM"
"41","[""No""]","6","35","[""Yes""]","[""Yes""]","13","13","#605528","[""Yellow""]","","dirt-like flaky chunks many in liquid, one is kinda green i think, viscous yellow liquid. yellow-ish brown, like an acorn color","[""No""]","","","","","","","","","","","","","","","","","","","","","","","","","","","","","","","","C3","8/26/2026 3:02:22 PM","72b6b940-9207-11f1-ba24-e7a1a5a09e42","6549340b-7c79-4fe2-ae07-43a924dabdb6","C3","8/26/2026 3:02:40 PM"
"2","[""Yes""]","5","55","[""Yes""]","[""Yes""]","15","19","#987D36","[""Yellow""]","","","[""Yes""]","","","","","","","","","","","","","","","","","","","","","","","","","","","","","","","","C1","8/29/2026 7:05:38 PM","104e6bf0-9206-11f1-9518-87ccf2fafc79","65557073-af18-4728-a6d3-a77e022a80dc","C1","8/29/2026 7:05:56 PM"
"17","[""Yes""]","10","50","[""Yes""]","[""Yes""]","14","38","","[]","","","[""No""]","","","","","","","","","","","","","","","","","","","","","","","","","","","","","","","","D1","8/9/2026 1:19:41 AM","59d95668-3574-4d73-87d2-398740f59516","65773180-9390-11f1-980d-15be76c05b3d","D1","8/9/2026 1:50:28 AM"
"50","[""No""]","48","48","[""Yes""]","[""Yes""]","5","5","#988D61","[]","","","[""Yes""]","https://five.epicollect.net/api/media/mycoponics-porterfield?type=photo&format=entry_original&name=65f5230d-b7f5-49b5-9dac-8ca6e653c303_1788750862.jpg&v=1788750868","","","","","","","","","","","","","","","","","","","","","","","","","","","","","","It might be the ceramic tube, but the mycelium is not growing in some parts. It could also be slow growth. Contamination: None. Colonization: Moderate colonization (30-60%). Surface density: Moderate fluffy coverage. Edge activity: Minimal edge growth. Exudophore formation: None. Localization density: sparse. Odor: None.","B3","8/28/2026 3:25:09 AM","559b5ba0-9206-11f1-b91a-4736f6a951ba","65f5230d-b7f5-49b5-9dac-8ca6e653c303","B3","9/7/2026 3:14:28 AM"
"18","[""No""]","4","14","[""Yes""]","[""Yes""]","15","35","#A26900","[""Yellow""]","","","[""No""]","","","","","","","","","","","","","","","","","","","","","","","","","","","","","","","","C1","8/26/2026 5:27:01 PM","309c1dc0-9207-11f1-9186-31d4e5d7aabc","65fb4b1d-c432-47a8-bdc6-a152a8dbe7e0","C1","8/26/2026 5:27:14 PM"
"44","[""No""]","2","42","[""Yes""]","[""No""]","","","","[""Brown""]","","Seems to be forming small exudophore structures.  Not enough exudate to recollect","[""Yes""]","https://five.epicollect.net/api/media/mycoponics-porterfield?type=photo&format=entry_original&name=66155eda-c08d-45ed-b77c-9e4da6891669_1788752889.jpg&v=1788752912","https://five.epicollect.net/api/media/mycoponics-porterfield?type=photo&format=entry_original&name=66155eda-c08d-45ed-b77c-9e4da6891669_1788752891.jpg&v=1788752912","https://five.epicollect.net/api/media/mycoponics-porterfield?type=photo&format=entry_original&name=66155eda-c08d-45ed-b77c-9e4da6891669_1788752893.jpg&v=1788752912","https://five.epicollect.net/api/media/mycoponics-porterfield?type=photo&format=entry_original&name=66155eda-c08d-45ed-b77c-9e4da6891669_1788752895.jpg&v=1788752912","https://five.epicollect.net/api/media/mycoponics-porterfield?type=photo&format=entry_original&name=66155eda-c08d-45ed-b77c-9e4da6891669_1788752897.jpg&v=1788752912","https://five.epicollect.net/api/media/mycoponics-porterfield?type=photo&format=entry_original&name=66155eda-c08d-45ed-b77c-9e4da6891669_1788752900.jpg&v=1788752912","https://five.epicollect.net/api/media/mycoponics-porterfield?type=photo&format=entry_original&name=66155eda-c08d-45ed-b77c-9e4da6891669_1788752902.jpg&v=1788752912","","","","","","","","","","","","","","","","","","","","","","","","","D1","8/26/2026 5:53:40 PM","1a80a1a0-9207-11f1-a488-057d0ae059c0","66155eda-c08d-45ed-b77c-9e4da6891669","D1","9/7/2026 3:48:32 AM"
"39","[""No""]","7","32","[""Yes""]","[""Yes""]","14","14","#978942","[""Yellow""]","Mycelial fragments (small)","cobweb-like fragments (brown and light tan) floating throughout the liquid (which is pretty clear)","[""No""]","","","","","","","","","","","","","","","","","","","","","","","","","","","","","","","","B3","8/9/2026 3:43:56 PM","ab4d77d5-a552-43b2-abfb-821172faf6ad","66410787-cccb-4a2a-99e6-7bbf7c3cfefa","B3","8/9/2026 5:28:37 PM"
"39","[""No""]","9","30","[""Yes""]","[""Yes""]","14","15","#684F0D","[""Yellow"",""Yellow Gold""]","Mycelial fragments (small)","a few black/brown mycelial fragments, and very tiny dirt-like specks","[""No""]","","","","","","","","","","","","","","","","","","","","","","","","","","","","","","","","D1","8/9/2026 4:09:43 PM","ab4d77d5-a552-43b2-abfb-821172faf6ad","669dcfcd-2187-40b2-abc0-031c10f84705","D1","8/9/2026 5:10:48 PM"
"22","[""No""]","4","18","[""No""]","[""No""]","","","","[]","","","[""No""]","","","","","","","","","","","","","","","","","","","","","","","","","","","","","","","","D3","8/26/2026 6:04:58 PM","b3b1f780-9206-11f1-b07c-23192f0e7dfa","6732896a-8760-4e79-b738-3a6ed34f4396","D3","8/26/2026 6:05:16 PM"
"14","[""No""]","4","10","[""Yes""]","[""Yes""]","14","14","#918A66","[""Yellow""]","","White chunks","[""No""]","","","","","","","","","","","","","","","","","","","","","","","","","","","","","","","","B3","8/28/2026 12:52:41 PM","212ef2a0-9206-11f1-9518-87ccf2fafc79","67464d53-6d91-4065-a9cb-46e1f606330b","B3","8/28/2026 12:52:48 PM"
"24","[""Yes""]","8","48","[""Yes""]","[""Yes""]","13.5","36.5","#7F7E4E","[""Lime""]","","dark very tiny specks throughout liquid, otherwise pretty clear","[""No""]","","","","","","","","","","","","","","","","","","","","","","","","","","","","","","","","C1","8/26/2026 12:50:07 PM","9dd3dd10-9207-11f1-b651-5d6fce51deb5","67693410-975f-4025-8609-3fcdee64da0c","C1","8/26/2026 12:50:18 PM"
"16","[""No""]","0","16","[""Yes""]","[""No""]","","","","[""Green""]","","media","[""No""]","","","","","","","","","","","","","","","","","","","","","","","","","","","","","","","","D3","8/26/2026 5:14:40 PM","58fce0b0-9207-11f1-aadd-df4879ec2771","67a2bc93-950b-4103-9cc7-d24cd2e7d431","D3","8/26/2026 5:14:58 PM"
"30","[""No""]","5","25","[""Yes""]","[""Yes""]","14","19","#cb9711","[""Amber""]","","Bright yellow, they seem concentrated, no contamination at the bottom or the jar. When added to the vial there was a unique odor.","[""Yes""]","","","","","","","","","","","","","","","","","","","","","","","","","","","","","","","","B2","8/29/2026 7:19:59 PM","bb647210-9205-11f1-9bf5-b15c7c68ff3f","680167dd-8683-4bec-945e-60fcae513580","B2","8/29/2026 7:20:07 PM"
"37","[""No""]","5","32","[""Yes""]","[""Yes""]","10","10","","[""Green""]","","Yellow coloration, not super concentrated.","[""Yes""]","https://five.epicollect.net/api/media/mycoponics-porterfield?type=photo&format=entry_original&name=681a99bb-6b54-4b1e-b0fd-65e516bd109b_1788714256.jpg&v=1788714360","https://five.epicollect.net/api/media/mycoponics-porterfield?type=photo&format=entry_original&name=681a99bb-6b54-4b1e-b0fd-65e516bd109b_1788714263.jpg&v=1788714360","https://five.epicollect.net/api/media/mycoponics-porterfield?type=photo&format=entry_original&name=681a99bb-6b54-4b1e-b0fd-65e516bd109b_1788714269.jpg&v=1788714360","https://five.epicollect.net/api/media/mycoponics-porterfield?type=photo&format=entry_original&name=681a99bb-6b54-4b1e-b0fd-65e516bd109b_1788714274.jpg&v=1788714360","https://five.epicollect.net/api/media/mycoponics-porterfield?type=photo&format=entry_original&name=681a99bb-6b54-4b1e-b0fd-65e516bd109b_1788714278.jpg&v=1788714360","https://five.epicollect.net/api/media/mycoponics-porterfield?type=photo&format=entry_original&name=681a99bb-6b54-4b1e-b0fd-65e516bd109b_1788714282.jpg&v=1788714360","https://five.epicollect.net/api/media/mycoponics-porterfield?type=photo&format=entry_original&name=681a99bb-6b54-4b1e-b0fd-65e516bd109b_1788714288.jpg&v=1788714360","https://five.epicollect.net/api/media/mycoponics-porterfield?type=photo&format=entry_original&name=681a99bb-6b54-4b1e-b0fd-65e516bd109b_1788714294.jpg&v=1788714360","https://five.epicollect.net/api/media/mycoponics-porterfield?type=photo&format=entry_original&name=681a99bb-6b54-4b1e-b0fd-65e516bd109b_1788714299.jpg&v=1788714360","https://five.epicollect.net/api/media/mycoponics-porterfield?type=photo&format=entry_original&name=681a99bb-6b54-4b1e-b0fd-65e516bd109b_1788714305.jpg&v=1788714360","https://five.epicollect.net/api/media/mycoponics-porterfield?type=photo&format=entry_original&name=681a99bb-6b54-4b1e-b0fd-65e516bd109b_1788714308.jpg&v=1788714360","","","","","","","","","","","","","","","","","","","","Branching structures are being formed. There is a interesting sphere structure covered with fuzzy mycelium that looks like a pom-pom cluster.","B2","8/29/2026 7:27:41 PM","856cfc40-9205-11f1-bc95-0954c57f36fb","681a99bb-6b54-4b1e-b0fd-65e516bd109b","B2","9/6/2026 5:06:00 PM"
"15","[""No""]","5","10","[""No""]","[""No""]","","","","[]","","","[""Yes""]","","","","","","","","","","","","","","","","","","","","","","","","","","","","","","","","C3","8/29/2026 7:09:34 PM","d76eca50-9205-11f1-ba5f-319f359841fc","691a5f48-b6fe-4cc5-85b4-2147ebb51a57","C3","8/29/2026 7:09:59 PM"
"1","[""Yes""]","5","50","[""Yes""]","[""Yes""]","14","24","#8A7A3A","[""Yellow""]","","cardboard-ish yellow, gel-like opaqueness, extremely extremely black specks (very sparse)","[""No""]","","","","","","","","","","","","","","","","","","","","","","","","","","","","","","","","D1","8/26/2026 1:44:53 AM","52680b20-9208-11f1-985c-f79deada967f","69382650-b8f9-405f-966e-897af3a751e1","D1","8/26/2026 1:45:14 AM"
"50","[""No""]","4","46","[""Yes""]","[""Yes""]","3","3","#4A301A","[""Brown""]","","","[""No""]","","","","","","","","","","","","","","","","","","","","","","","","","","","","","","","","D1","8/26/2026 6:00:31 PM","16818790-9207-11f1-a488-057d0ae059c0","698d9578-5c55-4579-a92e-b6b29ee2bfe5","D1","8/26/2026 6:00:47 PM"
"5","[""Yes""]","10","45","[""Yes""]","[""Yes""]","10","10","#944f05","[""Yellow""]","","","[""Yes""]","","","","","","","","","","","","","","","","","","","","","","","","","","","","","","","","C2","8/29/2026 7:08:22 PM","dac34c80-9205-11f1-ba5f-319f359841fc","6996d41c-3414-4974-b447-b3cc50005507","C2","8/29/2026 7:08:42 PM"
"10","[""No""]","2","8","[""Yes""]","[""Yes""]","15","27","#Cfa336","[""Yellow""]","","","[""Yes""]","https://five.epicollect.net/api/media/mycoponics-porterfield?type=photo&format=entry_original&name=6a96f924-297b-4590-92ed-1bc67be551f4_1788746283.jpg&v=1788746312","https://five.epicollect.net/api/media/mycoponics-porterfield?type=photo&format=entry_original&name=6a96f924-297b-4590-92ed-1bc67be551f4_1788746288.jpg&v=1788746312","https://five.epicollect.net/api/media/mycoponics-porterfield?type=photo&format=entry_original&name=6a96f924-297b-4590-92ed-1bc67be551f4_1788746293.jpg&v=1788746312","https://five.epicollect.net/api/media/mycoponics-porterfield?type=photo&format=entry_original&name=6a96f924-297b-4590-92ed-1bc67be551f4_1788746298.jpg&v=1788746312","https://five.epicollect.net/api/media/mycoponics-porterfield?type=photo&format=entry_original&name=6a96f924-297b-4590-92ed-1bc67be551f4_1788746303.jpg&v=1788746312","","","","","","","","","","","","","","","","","","","","","","","","","","A lot of mycelial tissue growing. There is not signs of exudophore or branching structures, all the structures that we had before are being affected now. It might be that we open the chambers every day and the white light stops the development of this structures and just creates fuzzy mycelium.  The is also a contamination growin gon one side, this part is starting to exudate red droplets, I amnote sure where the contamination came from. Contamination: Confirmed. Colonization: Fully colonized (over 90%). Surface density: Very dense/overgrown/3D structures. Exudophore formation: Heavy active exudation, branches covered in fuzzy mycelium. Localization density: moderate.","A1","8/29/2026 9:10:17 PM","d76eca50-9205-11f1-ba5f-319f359841fc","6a96f924-297b-4590-92ed-1bc67be551f4","A1","9/7/2026 1:58:32 AM"
"36","[""No""]","6","30","[""Yes""]","[""No""]","","","","[]","","","[""No""]","","","","","","","","","","","","","","","","","","","","","","","","","","","","","","","","C2","8/28/2026 12:52:41 PM","212ef2a0-9206-11f1-9518-87ccf2fafc79","6ab946ef-0c15-4279-a53a-c7d8a4394973","C2","8/28/2026 12:52:54 PM"
"","[]","","","[]","[]","","","","[]","","","[]","https://five.epicollect.net/api/media/mycoponics-porterfield?type=photo&format=entry_original&name=6aec5710-aa08-11f1-a927-053478024664_1788708866.jpg&v=1788708978","https://five.epicollect.net/api/media/mycoponics-porterfield?type=photo&format=entry_original&name=6aec5710-aa08-11f1-a927-053478024664_1788708871.jpg&v=1788708978","https://five.epicollect.net/api/media/mycoponics-porterfield?type=photo&format=entry_original&name=6aec5710-aa08-11f1-a927-053478024664_1788708877.jpg&v=1788708978","https://five.epicollect.net/api/media/mycoponics-porterfield?type=photo&format=entry_original&name=6aec5710-aa08-11f1-a927-053478024664_1788708883.jpg&v=1788708978","","","","","","","","","","","","","","","","","","","","","","","","","","","","A2","9/6/2026 3:34:15 PM","624f9900-aa08-11f1-a927-053478024664","6aec5710-aa08-11f1-a927-053478024664","A2","9/6/2026 3:36:18 PM"
"0","[""Yes""]","5","60","[""Yes""]","[""Yes""]","14.5","15.5","#815b1c","[""Yellow""]","","Black dirt-like specks sparsely distributed across the liquid. Nice yellow color.","[""No""]","","","","","","","","","","","","","","","","","","","","","","","","","","","","","","","","C2","8/26/2026 5:14:40 PM","58fce0b0-9207-11f1-aadd-df4879ec2771","6af767c8-a091-4073-b791-27e4751c8c23","C2","8/26/2026 5:14:52 PM"
"15","[""No""]","1","14","[""Yes""]","[""No""]","","","","[""Clear""]","","not enough","[""No""]","","","","","","","","","","","","","","","","","","","","","","","","","","","","","","","","A1","8/26/2026 5:12:55 PM","5e7888a0-9207-11f1-aadd-df4879ec2771","6b032127-7a18-46ed-ac95-7ec285bf3765","A1","8/26/2026 5:12:57 PM"
"10","[""Yes""]","5","53","[""No""]","[""Yes""]","15","38","#745A1A","[""Amber""]","","viscous. dark yellow to brown coloration. liquid is cloudy with brown mycelial chunks or dirt flakiness.","[""No""]","","","","","","","","","","","","","","","","","","","","","","","","","","","","","","","","D1","8/26/2026 2:59:22 PM","7621f7c0-9207-11f1-ba24-e7a1a5a09e42","6b538aae-d677-49e1-9f63-e1373f09a1a5","D1","8/26/2026 2:59:23 PM"
"19","[""No""]","4","15","[""No""]","[""No""]","","","","[""Clear""]","","It's been a while since the last time it produced exudates. The low humidity seems to have really affected the exudate production.","[""No""]","","","","","","","","","","","","","","","","","","","","","","","","","","","","","","","","D2","8/26/2026 6:18:45 PM","a1eeb1f0-9206-11f1-b07c-23192f0e7dfa","6b5554c4-3804-483e-9e18-0603774dc3c0","D2","8/26/2026 6:19:06 PM"
"","[]","","38","[""No""]","[""No""]","","","","[]","","(ADDED TO CHAMBER TODAY)","[""Yes""]","https://five.epicollect.net/api/media/mycoponics-porterfield?type=photo&format=entry_original&name=6bb4d877-fd32-4996-8d3b-2a654d76c716_1788715974.jpg&v=1788716024","https://five.epicollect.net/api/media/mycoponics-porterfield?type=photo&format=entry_original&name=6bb4d877-fd32-4996-8d3b-2a654d76c716_1788715977.jpg&v=1788716024","https://five.epicollect.net/api/media/mycoponics-porterfield?type=photo&format=entry_original&name=6bb4d877-fd32-4996-8d3b-2a654d76c716_1788715980.jpg&v=1788716024","https://five.epicollect.net/api/media/mycoponics-porterfield?type=photo&format=entry_original&name=6bb4d877-fd32-4996-8d3b-2a654d76c716_1788715982.jpg&v=1788716024","https://five.epicollect.net/api/media/mycoponics-porterfield?type=photo&format=entry_original&name=6bb4d877-fd32-4996-8d3b-2a654d76c716_1788715985.jpg&v=1788716024","https://five.epicollect.net/api/media/mycoponics-porterfield?type=photo&format=entry_original&name=6bb4d877-fd32-4996-8d3b-2a654d76c716_1788715988.jpg&v=1788716024","https://five.epicollect.net/api/media/mycoponics-porterfield?type=photo&format=entry_original&name=6bb4d877-fd32-4996-8d3b-2a654d76c716_1788715991.jpg&v=1788716024","https://five.epicollect.net/api/media/mycoponics-porterfield?type=photo&format=entry_original&name=6bb4d877-fd32-4996-8d3b-2a654d76c716_1788715993.jpg&v=1788716024","https://five.epicollect.net/api/media/mycoponics-porterfield?type=photo&format=entry_original&name=6bb4d877-fd32-4996-8d3b-2a654d76c716_1788715996.jpg&v=1788716024","https://five.epicollect.net/api/media/mycoponics-porterfield?type=photo&format=entry_original&name=6bb4d877-fd32-4996-8d3b-2a654d76c716_1788716000.jpg&v=1788716024","https://five.epicollect.net/api/media/mycoponics-porterfield?type=photo&format=entry_original&name=6bb4d877-fd32-4996-8d3b-2a654d76c716_1788716003.jpg&v=1788716024","https://five.epicollect.net/api/media/mycoponics-porterfield?type=photo&format=entry_original&name=6bb4d877-fd32-4996-8d3b-2a654d76c716_1788716006.jpg&v=1788716024","https://five.epicollect.net/api/media/mycoponics-porterfield?type=photo&format=entry_original&name=6bb4d877-fd32-4996-8d3b-2a654d76c716_1788716014.jpg&v=1788716024","","","","","","","","","","","","","","","","","","It looks very fluffy. Media is dripping from the bottom of the tube. Contamination: None. Colonization: Moderate colonization (30-60%). Surface density: Moderate fluffy coverage. Edge activity: Moderate active growth. Exudophore formation: None. Exudate localization: None. Localization density: none.","A4","8/29/2026 7:22:26 PM","a727c810-9205-11f1-bca9-83b388c0a0a4","6bb4d877-fd32-4996-8d3b-2a654d76c716","A4","9/6/2026 5:33:44 PM"
"19","[""No""]","9","10","[""Yes""]","[""Yes""]","14","38","","[""Amber""]","","The bottom is a combination of red drops coming from the ""combination"" og organisms and there is now a significant part of mycelium besides this region that is droping clean gold exudates.","[""Yes""]","https://five.epicollect.net/api/media/mycoponics-porterfield?type=photo&format=entry_original&name=6bb8ec3e-a513-41a2-947f-516c85dc3d81_1788713934.jpg&v=1788714004","https://five.epicollect.net/api/media/mycoponics-porterfield?type=photo&format=entry_original&name=6bb8ec3e-a513-41a2-947f-516c85dc3d81_1788713940.jpg&v=1788714004","https://five.epicollect.net/api/media/mycoponics-porterfield?type=photo&format=entry_original&name=6bb8ec3e-a513-41a2-947f-516c85dc3d81_1788713944.jpg&v=1788714004","https://five.epicollect.net/api/media/mycoponics-porterfield?type=photo&format=entry_original&name=6bb8ec3e-a513-41a2-947f-516c85dc3d81_1788713949.jpg&v=1788714004","https://five.epicollect.net/api/media/mycoponics-porterfield?type=photo&format=entry_original&name=6bb8ec3e-a513-41a2-947f-516c85dc3d81_1788713953.jpg&v=1788714004","https://five.epicollect.net/api/media/mycoponics-porterfield?type=photo&format=entry_original&name=6bb8ec3e-a513-41a2-947f-516c85dc3d81_1788713959.jpg&v=1788714004","https://five.epicollect.net/api/media/mycoponics-porterfield?type=photo&format=entry_original&name=6bb8ec3e-a513-41a2-947f-516c85dc3d81_1788713965.jpg&v=1788714004","https://five.epicollect.net/api/media/mycoponics-porterfield?type=photo&format=entry_original&name=6bb8ec3e-a513-41a2-947f-516c85dc3d81_1788713970.jpg&v=1788714004","https://five.epicollect.net/api/media/mycoponics-porterfield?type=photo&format=entry_original&name=6bb8ec3e-a513-41a2-947f-516c85dc3d81_1788713975.jpg&v=1788714004","https://five.epicollect.net/api/media/mycoponics-porterfield?type=photo&format=entry_original&name=6bb8ec3e-a513-41a2-947f-516c85dc3d81_1788713981.jpg&v=1788714004","https://five.epicollect.net/api/media/mycoponics-porterfield?type=photo&format=entry_original&name=6bb8ec3e-a513-41a2-947f-516c85dc3d81_1788713986.jpg&v=1788714004","","","","","","","","","","","","","","","","","","","","Mycelium is starting to grow more at the bottom of the tube, part where amber exudates are forming. Besides this area the combination of mold, bacteria and mycelium is able to capture most of the moisture on the environment and is the part that presents more drops, however they are brow or red.","A2","8/29/2026 7:27:41 PM","856cfc40-9205-11f1-bc95-0954c57f36fb","6bb8ec3e-a513-41a2-947f-516c85dc3d81","A2","9/6/2026 5:00:04 PM"
"6","[""Yes""]","5","50","[""Yes""]","[""No""]","","","","[""Green""]","","media","[""No""]","","","","","","","","","","","","","","","","","","","","","","","","","","","","","","","","B4","8/26/2026 5:14:40 PM","58fce0b0-9207-11f1-aadd-df4879ec2771","6c0f1d0d-cc39-4c9a-8ba3-431366c555c6","B4","8/26/2026 5:14:49 PM"
"11","[""Yes""]","4","56","[""Yes""]","[""No""]","","","","[""Green""]","","Media","[""No""]","","","","","","","","","","","","","","","","","","","","","","","","","","","","","","","","D4","8/26/2026 12:50:07 PM","9dd3dd10-9207-11f1-b651-5d6fce51deb5","6ca0f4c8-e42f-4183-b01a-6537fcdef2fa","D4","8/26/2026 12:50:26 PM"
"46","[""No""]","2","44","[""No""]","[""No""]","","","","[]","","","[""No""]","","","","","","","","","","","","","","","","","","","","","","","","","","","","","","","","C4","8/26/2026 5:21:42 PM","415bd600-9207-11f1-8555-b77c5e5555d6","6ce15c33-44a2-4ce8-a2b4-75307383e1da","C4","8/26/2026 5:21:58 PM"
"5","[""Yes""]","5","55","[""Yes""]","[""Yes""]","6.5","6.5","","[""Amber""]","","Intense coloration, no water leak is detected, not even one vial was filled.","[""Yes""]","https://five.epicollect.net/api/media/mycoponics-porterfield?type=photo&format=entry_original&name=6dd3b5da-bac0-4911-bce5-375ce5a84225_1788715251.jpg&v=1788715303","https://five.epicollect.net/api/media/mycoponics-porterfield?type=photo&format=entry_original&name=6dd3b5da-bac0-4911-bce5-375ce5a84225_1788715283.jpg&v=1788715303","https://five.epicollect.net/api/media/mycoponics-porterfield?type=photo&format=entry_original&name=6dd3b5da-bac0-4911-bce5-375ce5a84225_1788715289.jpg&v=1788715303","https://five.epicollect.net/api/media/mycoponics-porterfield?type=photo&format=entry_original&name=6dd3b5da-bac0-4911-bce5-375ce5a84225_1788715294.jpg&v=1788715303","","","","","","","","","","","","","","","","","","","","","","","","","","","","C1","8/29/2026 7:24:22 PM","8b5a78d0-9205-11f1-bc95-0954c57f36fb","6dd3b5da-bac0-4911-bce5-375ce5a84225","C1","9/6/2026 5:21:43 PM"
"35","[""No""]","","","[""Yes""]","[""Yes""]","14","20","#A48B4D","[""Amber""]","","Very beautiful amber color! Very tiny tiny brown specks sparsely distributed.","[""No""]","","","","","","","","","","","","","","","","","","","","","","","","","","","","","","","","B1","8/26/2026 4:07:05 PM","6e4c3330-9207-11f1-ba24-e7a1a5a09e42","6e6e4a9e-f4c5-4a3e-884f-9b672c862585","B1","8/26/2026 4:07:11 PM"
"46","[""No""]","","46","[""No""]","[""No""]","","","","[]","","","[""No""]","","","","","","","","","","","","","","","","","","","","","","","","","","","","","","","","D4","8/26/2026 5:21:42 PM","415bd600-9207-11f1-8555-b77c5e5555d6","6f0bacd1-9b81-4b11-86bb-d8cd0cb0478f","D4","8/26/2026 5:22:03 PM"
"13","[""No""]","0","13","[""Yes""]","[""No""]","","","","[""Clear""]","","not enough","[""No""]","","","","","","","","","","","","","","","","","","","","","","","","","","","","","","","","A4","8/26/2026 5:12:55 PM","5e7888a0-9207-11f1-aadd-df4879ec2771","6f31625f-92ec-4f64-9af9-fb5860361f38","A4","8/26/2026 5:13:00 PM"
"0","[""Yes""]","5","50","[""No""]","[""No""]","","","","[]","","","[""No""]","","","","","","","","","","","","","","","","","","","","","","","","","","","","","","","","C3","8/26/2026 6:00:31 PM","16818790-9207-11f1-a488-057d0ae059c0","6f32a42d-fdd0-48d2-bd88-bcadbce20540","C3","8/26/2026 6:00:45 PM"
"14","[""No""]","0","14","[""Yes""]","[""No""]","","3.5","","[""Yellow""]","","","[""No""]","","","","","","","","","","","","","","","","","","","","","","","","","","","","","","","","A1","8/26/2026 4:07:05 PM","6e4c3330-9207-11f1-ba24-e7a1a5a09e42","6f5bd9d0-c8dc-42cc-94d8-45961fe8a7d8","A1","8/26/2026 4:07:06 PM"
"5","[""Yes""]","10","50","[""Yes""]","[""Yes""]","14.4","15","#927630","[""Amber""]","","I threw out 3mL from yesterday, the vial is purely from today. a bit diluted amber, but has a lot of dirt-like flaky chunks dispersed throughout liquid Amber, viscous, brown dirt-like shreds","[""No""]","","","","","","","","","","","","","","","","","","","","","","","","","","","","","","","","B3","8/26/2026 3:02:22 PM","72b6b940-9207-11f1-ba24-e7a1a5a09e42","6f99a13a-da61-448b-af93-489b7aebdb67","B3","8/26/2026 3:02:32 PM"
"46","[""No""]","1","45","[""Yes""]","[""No""]","","","","[""Green""]","","","[""No""]","","","","","","","","","","","","","","","","","","","","","","","","","","","","","","","","D2","8/26/2026 4:07:05 PM","6e4c3330-9207-11f1-ba24-e7a1a5a09e42","6f9edbf1-636f-464e-bf07-b2ad7519af8c","D2","8/26/2026 4:07:29 PM"
"6","[""Yes""]","4","32","[""Yes""]","[""No""]","","","","[""Green""]","","media","[""Yes""]","https://five.epicollect.net/api/media/mycoponics-porterfield?type=photo&format=entry_original&name=70f8b2a7-c325-4a5a-bb1f-2e9a5e8ee9f8_1788732423.jpg&v=1788732547","https://five.epicollect.net/api/media/mycoponics-porterfield?type=photo&format=entry_original&name=70f8b2a7-c325-4a5a-bb1f-2e9a5e8ee9f8_1788732427.jpg&v=1788732547","https://five.epicollect.net/api/media/mycoponics-porterfield?type=photo&format=entry_original&name=70f8b2a7-c325-4a5a-bb1f-2e9a5e8ee9f8_1788732430.jpg&v=1788732547","https://five.epicollect.net/api/media/mycoponics-porterfield?type=photo&format=entry_original&name=70f8b2a7-c325-4a5a-bb1f-2e9a5e8ee9f8_1788732434.jpg&v=1788732547","https://five.epicollect.net/api/media/mycoponics-porterfield?type=photo&format=entry_original&name=70f8b2a7-c325-4a5a-bb1f-2e9a5e8ee9f8_1788732446.jpg&v=1788732547","https://five.epicollect.net/api/media/mycoponics-porterfield?type=photo&format=entry_original&name=70f8b2a7-c325-4a5a-bb1f-2e9a5e8ee9f8_1788732449.jpg&v=1788732547","https://five.epicollect.net/api/media/mycoponics-porterfield?type=photo&format=entry_original&name=70f8b2a7-c325-4a5a-bb1f-2e9a5e8ee9f8_1788732452.jpg&v=1788732547","https://five.epicollect.net/api/media/mycoponics-porterfield?type=photo&format=entry_original&name=70f8b2a7-c325-4a5a-bb1f-2e9a5e8ee9f8_1788732454.jpg&v=1788732547","https://five.epicollect.net/api/media/mycoponics-porterfield?type=photo&format=entry_original&name=70f8b2a7-c325-4a5a-bb1f-2e9a5e8ee9f8_1788732458.jpg&v=1788732547","https://five.epicollect.net/api/media/mycoponics-porterfield?type=photo&format=entry_original&name=70f8b2a7-c325-4a5a-bb1f-2e9a5e8ee9f8_1788732461.jpg&v=1788732547","https://five.epicollect.net/api/media/mycoponics-porterfield?type=photo&format=entry_original&name=70f8b2a7-c325-4a5a-bb1f-2e9a5e8ee9f8_1788732463.jpg&v=1788732547","https://five.epicollect.net/api/media/mycoponics-porterfield?type=photo&format=entry_original&name=70f8b2a7-c325-4a5a-bb1f-2e9a5e8ee9f8_1788732465.jpg&v=1788732547","https://five.epicollect.net/api/media/mycoponics-porterfield?type=photo&format=entry_original&name=70f8b2a7-c325-4a5a-bb1f-2e9a5e8ee9f8_1788732467.jpg&v=1788732547","https://five.epicollect.net/api/media/mycoponics-porterfield?type=photo&format=entry_original&name=70f8b2a7-c325-4a5a-bb1f-2e9a5e8ee9f8_1788732472.jpg&v=1788732547","https://five.epicollect.net/api/media/mycoponics-porterfield?type=photo&format=entry_original&name=70f8b2a7-c325-4a5a-bb1f-2e9a5e8ee9f8_1788732475.jpg&v=1788732547","https://five.epicollect.net/api/media/mycoponics-porterfield?type=photo&format=entry_original&name=70f8b2a7-c325-4a5a-bb1f-2e9a5e8ee9f8_1788732477.jpg&v=1788732547","https://five.epicollect.net/api/media/mycoponics-porterfield?type=photo&format=entry_original&name=70f8b2a7-c325-4a5a-bb1f-2e9a5e8ee9f8_1788732480.jpg&v=1788732547","https://five.epicollect.net/api/media/mycoponics-porterfield?type=photo&format=entry_original&name=70f8b2a7-c325-4a5a-bb1f-2e9a5e8ee9f8_1788732482.jpg&v=1788732547","https://five.epicollect.net/api/media/mycoponics-porterfield?type=photo&format=entry_original&name=70f8b2a7-c325-4a5a-bb1f-2e9a5e8ee9f8_1788732487.jpg&v=1788732547","https://five.epicollect.net/api/media/mycoponics-porterfield?type=photo&format=entry_original&name=70f8b2a7-c325-4a5a-bb1f-2e9a5e8ee9f8_1788732490.jpg&v=1788732547","https://five.epicollect.net/api/media/mycoponics-porterfield?type=photo&format=entry_original&name=70f8b2a7-c325-4a5a-bb1f-2e9a5e8ee9f8_1788732492.jpg&v=1788732547","https://five.epicollect.net/api/media/mycoponics-porterfield?type=photo&format=entry_original&name=70f8b2a7-c325-4a5a-bb1f-2e9a5e8ee9f8_1788732496.jpg&v=1788732547","https://five.epicollect.net/api/media/mycoponics-porterfield?type=photo&format=entry_original&name=70f8b2a7-c325-4a5a-bb1f-2e9a5e8ee9f8_1788732498.jpg&v=1788732547","https://five.epicollect.net/api/media/mycoponics-porterfield?type=photo&format=entry_original&name=70f8b2a7-c325-4a5a-bb1f-2e9a5e8ee9f8_1788732501.jpg&v=1788732547","https://five.epicollect.net/api/media/mycoponics-porterfield?type=photo&format=entry_original&name=70f8b2a7-c325-4a5a-bb1f-2e9a5e8ee9f8_1788732503.jpg&v=1788732547","https://five.epicollect.net/api/media/mycoponics-porterfield?type=photo&format=entry_original&name=70f8b2a7-c325-4a5a-bb1f-2e9a5e8ee9f8_1788732505.jpg&v=1788732547","https://five.epicollect.net/api/media/mycoponics-porterfield?type=photo&format=entry_original&name=70f8b2a7-c325-4a5a-bb1f-2e9a5e8ee9f8_1788732508.jpg&v=1788732547","https://five.epicollect.net/api/media/mycoponics-porterfield?type=photo&format=entry_original&name=70f8b2a7-c325-4a5a-bb1f-2e9a5e8ee9f8_1788732510.jpg&v=1788732547","https://five.epicollect.net/api/media/mycoponics-porterfield?type=photo&format=entry_original&name=70f8b2a7-c325-4a5a-bb1f-2e9a5e8ee9f8_1788732513.jpg&v=1788732547","","","A3","8/29/2026 7:18:35 PM","beee3510-9205-11f1-9bf5-b15c7c68ff3f","70f8b2a7-c325-4a5a-bb1f-2e9a5e8ee9f8","A3","9/6/2026 10:09:07 PM"
"42","[""No""]","0","41","[""Yes""]","[""Yes""]","7.5","","","[""Green""]","","clearish/white-ish media. wont put in freezer since it just looks like water-diluted media kinda. it does have a yellowish dirt-like area of chunk tho.","[""No""]","","","","","","","","","","","","","","","","","","","","","","","","","","","","","","","","A3","8/26/2026 12:32:51 PM","3a1d2be0-9208-11f1-9ae6-cbe624cafba5","715a4d03-c41f-4e61-97f4-edaad06a8ab3","A3","8/26/2026 12:32:54 PM"
"4","[""Yes""]","5","51","[""No""]","[""No""]","","","","[]","","","[""No""]","","","","","","","","","","","","","","","","","","","","","","","","","","","","","","","","D4","8/26/2026 5:14:40 PM","58fce0b0-9207-11f1-aadd-df4879ec2771","71971788-becf-47a1-89b3-b2107eabdb4e","D4","8/26/2026 5:14:59 PM"
"10","[""No""]","0","10","[""Yes""]","[""Yes""]","11","14","#B17100","[""Amber""]","","","[""No""]","","","","","","","","","","","","","","","","","","","","","","","","","","","","","","","","B3","8/26/2026 6:00:31 PM","16818790-9207-11f1-a488-057d0ae059c0","7198b1c7-8904-44b2-89b2-53263c8f1623","B3","8/26/2026 6:00:40 PM"
"4","[""Yes""]","2","50","[""Yes""]","[""Yes""]","9","9","#90682C","[""Yellow""]","","","[""No""]","","","","","","","","","","","","","","","","","","","","","","","","","","","","","","","","B2","8/26/2026 6:08:11 PM","af959170-9206-11f1-b07c-23192f0e7dfa","721757fe-98ce-436e-a2a9-86af7b90983c","B2","8/26/2026 6:08:19 PM"
"0","[""Yes""]","15","30","[""Yes""]","[]","","","","[]","","media","[""No""]","","","","","","","","","","","","","","","","","","","","","","","","","","","","","","","","D3","8/29/2026 7:07:31 PM","0c11aca0-9206-11f1-9518-87ccf2fafc79","728a0606-eadf-4867-86f6-094e84038065","D3","8/29/2026 7:08:02 PM"
"43","[""No""]","6","37","[""Yes""]","[""Yes""]","11","11","#B56811","["" Orange""]","Fibrous/shredded material","neon orange some fibrous dirt-like shreds at bottom. when they settle it looks like compact sand. ","[""No""]","","","","","","","","","","","","","","","","","","","","","","","","","","","","","","","","A2","8/9/2026 3:39:40 PM","ab4d77d5-a552-43b2-abfb-821172faf6ad","728d0a7b-82df-4811-8481-598d9f778492","A2","8/9/2026 5:42:09 PM"
"16","[""No""]","0","16","[""No""]","[""No""]","","","","[""Green""]","","media","[""No""]","","","","","","","","","","","","","","","","","","","","","","","","","","","","","","","","A4","8/28/2026 12:52:41 PM","212ef2a0-9206-11f1-9518-87ccf2fafc79","72bad47c-72a7-43f0-b78c-a5986ce00e62","A4","8/28/2026 12:52:45 PM"
"6","[""Yes""]","11","46","[""Yes""]","[""Yes""]","14","32","#7B631D","[""Yellow Brownish (cardboard)""]","","flaky green/tan chunks in liquid.","[""No""]","","","","","","","","","","","","","","","","","","","","","","","","","","","","","","","","C3","8/26/2026 12:32:51 PM","3a1d2be0-9208-11f1-9ae6-cbe624cafba5","72bf0006-dd49-45e1-abea-96637a8ef390","C3","8/26/2026 12:33:04 PM"
"45","[""No""]","5","40","[""No""]","[""No""]","","","","[]","","","[""No""]","","","","","","","","","","","","","","","","","","","","","","","","","","","","","","","","C4","8/26/2026 6:21:45 PM","75fb7970-9206-11f1-a57e-abc999418cec","73001438-27e4-46bd-941c-2a1fd9866996","C4","8/26/2026 6:22:07 PM"
"18","[""No""]","3","15","[""No""]","[""No""]","","","","[]","","","[""No""]","","","","","","","","","","","","","","","","","","","","","","","","","","","","","","","","B4","8/26/2026 6:04:58 PM","b3b1f780-9206-11f1-b07c-23192f0e7dfa","735894d0-20ba-41b1-9df7-517e21f28055","B4","8/26/2026 6:05:08 PM"
"3","[""Yes""]","5","50","[""Yes""]","[""Yes""]","14","24","#977b4f","[""Amber""]","","gel-like opaqueness, white dirt-like flakes (sparse)","[""No""]","","","","","","","","","","","","","","","","","","","","","","","","","","","","","","","","D3","8/26/2026 1:44:53 AM","52680b20-9208-11f1-985c-f79deada967f","7375922a-a209-4fde-a9e1-e248c6e98a62","D3","8/26/2026 1:45:18 AM"
"17","[""Yes""]","10","49","[""Yes""]","[""Yes""]","14","47","#685319","[""Amber""]","","nice color that's a bit viscous","[""No""]","","","","","","","","","","","","","","","","","","","","","","","","","","","","","","","","B1","8/26/2026 2:52:48 PM","832ee130-9207-11f1-a0ac-03e2707c61cb","73761e18-5845-4d7e-9c15-5212ef89c53f","B1","8/26/2026 2:52:54 PM"
"7","[""No""]","1","6","[""Yes""]","[""No""]","","","","[]","","5 mL left in syringe","[""No""]","","","","","","","","","","","","","","","","","","","","","","","","","","","","","","","","A3","8/26/2026 2:55:00 PM","7621f7c0-9207-11f1-ba24-e7a1a5a09e42","738b232e-43fc-4f70-9920-8c569945b8fe","A3","8/26/2026 2:55:04 PM"
"50","[""No""]","2","48","[""No""]","[""No""]","","","","[]","","seems to have yellow areas but liquid in the bottom still very green/blue","[""No""]","","","","","","","","","","","","","","","","","","","","","","","","","","","","","","","","A3","8/26/2026 6:21:45 PM","75fb7970-9206-11f1-a57e-abc999418cec","73c7e082-5771-4105-bc6e-af14d6a13a36","A3","8/26/2026 6:21:49 PM"
"24","[""No""]","5","20","[""No""]","[""Yes""]","0","","","[""Clear""]","","","[""Yes""]","","","","","","","","","","","","","","","","","","","","","","","","","","","","","","","","D3","8/28/2026 3:25:09 AM","559b5ba0-9206-11f1-b91a-4736f6a951ba","73f747be-f7d4-40fa-89aa-1d49f2fd2557","D3","8/28/2026 3:25:28 AM"
"24","[""No""]","","24","[""Yes""]","[""Yes""]","14","32","#995E00","[""Amber""]","","very beautiful golden color!!! very clear besides a few tiny specks.","[""No""]","","","","","","","","","","","","","","","","","","","","","","","","","","","","","","","","B2","8/26/2026 5:17:32 PM","54fc4000-9207-11f1-aadd-df4879ec2771","742e6868-5e83-464b-8487-b8da23242a90","B2","8/26/2026 5:17:41 PM"
"10","[""No""]","1","9","[""No""]","[""No""]","","","","[""Clear""]","","","[""No""]","","","","","","","","","","","","","","","","","","","","","","","","","","","","","","","","A4","8/26/2026 6:00:31 PM","16818790-9207-11f1-a488-057d0ae059c0","744d1ea6-927f-4227-88ce-92ef87655733","A4","8/26/2026 6:00:36 PM"
"43","[""No""]","8","35","[""Yes""]","[""Yes""]","13.5","13.5","#6A5D12","[""Yellow Brownish (cardboard)""]","Fibrous/shredded material","dirt-like many fragments/chunks ","[""No""]","","","","","","","","","","","","","","","","","","","","","","","","","","","","","","","","D2","8/9/2026 4:10:06 PM","ab4d77d5-a552-43b2-abfb-821172faf6ad","75268afa-f619-4a55-a268-9eb4286343b6","D2","8/9/2026 5:04:46 PM"
"54","[""No""]","11","43","[""Yes""]","[""No""]","","","","[""Yellow""]","","not enough to collect, i left it in syringe","[""Yes""]","https://five.epicollect.net/api/media/mycoponics-porterfield?type=photo&format=entry_original&name=75426b6f-7a49-4e06-b65e-0e3ea5144e00_1788730379.jpg&v=1788730411","https://five.epicollect.net/api/media/mycoponics-porterfield?type=photo&format=entry_original&name=75426b6f-7a49-4e06-b65e-0e3ea5144e00_1788730382.jpg&v=1788730411","https://five.epicollect.net/api/media/mycoponics-porterfield?type=photo&format=entry_original&name=75426b6f-7a49-4e06-b65e-0e3ea5144e00_1788730384.jpg&v=1788730411","https://five.epicollect.net/api/media/mycoponics-porterfield?type=photo&format=entry_original&name=75426b6f-7a49-4e06-b65e-0e3ea5144e00_1788730387.jpg&v=1788730411","https://five.epicollect.net/api/media/mycoponics-porterfield?type=photo&format=entry_original&name=75426b6f-7a49-4e06-b65e-0e3ea5144e00_1788730389.jpg&v=1788730411","https://five.epicollect.net/api/media/mycoponics-porterfield?type=photo&format=entry_original&name=75426b6f-7a49-4e06-b65e-0e3ea5144e00_1788730392.jpg&v=1788730411","https://five.epicollect.net/api/media/mycoponics-porterfield?type=photo&format=entry_original&name=75426b6f-7a49-4e06-b65e-0e3ea5144e00_1788730395.jpg&v=1788730411","https://five.epicollect.net/api/media/mycoponics-porterfield?type=photo&format=entry_original&name=75426b6f-7a49-4e06-b65e-0e3ea5144e00_1788730398.jpg&v=1788730411","https://five.epicollect.net/api/media/mycoponics-porterfield?type=photo&format=entry_original&name=75426b6f-7a49-4e06-b65e-0e3ea5144e00_1788730400.jpg&v=1788730411","https://five.epicollect.net/api/media/mycoponics-porterfield?type=photo&format=entry_original&name=75426b6f-7a49-4e06-b65e-0e3ea5144e00_1788730403.jpg&v=1788730411","https://five.epicollect.net/api/media/mycoponics-porterfield?type=photo&format=entry_original&name=75426b6f-7a49-4e06-b65e-0e3ea5144e00_1788730405.jpg&v=1788730411","","","","","","","","","","","","","","","","","","","","","C3","8/29/2026 7:21:20 PM","ac1d01f0-9205-11f1-bca9-83b388c0a0a4","75426b6f-7a49-4e06-b65e-0e3ea5144e00","C3","9/6/2026 9:33:31 PM"
"5","[""Yes""]","13","42","[""No""]","[""No""]","","","","[]","","","[""Yes""]","","","","","","","","","","","","","","","","","","","","","","","","","","","","","","","","C4","8/29/2026 7:08:22 PM","dac34c80-9205-11f1-ba5f-319f359841fc","7580eab5-32b2-4bd4-8e9b-e05da3109995","C4","8/29/2026 7:08:46 PM"
"2","[""Yes""]","2","48","[""No""]","[""No""]","","","","[]","","","[""No""]","","","","","","","","","","","","","","","","","","","","","","","","","","","","","","","","C4","8/27/2026 12:26:11 PM","70c56600-9206-11f1-a57e-abc999418cec","772dfedf-fa7d-471d-a4dd-3edaaac0077c","C4","8/27/2026 12:26:24 PM"
"15","[""Yes""]","8","53","[""Yes""]","[""Yes""]","14.2","39","","[]","","","[""No""]","","","","","","","","","","","","","","","","","","","","","","","","","","","","","","","","D2","8/9/2026 1:20:11 AM","59d95668-3574-4d73-87d2-398740f59516","773ce810-9390-11f1-980d-15be76c05b3d","D2","8/9/2026 11:34:12 PM"
"42","[""No""]","7","35","[""Yes""]","[""Yes""]","11.5","11.5","#A89246","[""Yellow""]","","4.5 from yesterday - good clear sorta freckled yellow fry-like color. Yellow, clear liquid, flaky shreds","[""No""]","","","","","","","","","","","","","","","","","","","","","","","","","","","","","","","","B2","8/26/2026 3:02:22 PM","72b6b940-9207-11f1-ba24-e7a1a5a09e42","77929dd8-bd91-44d1-a0d8-e238a821c353","B2","8/26/2026 3:02:31 PM"
"23","[""No""]","0","23","[""Yes""]","[""Yes""]","10","10","#9a8d47","[""Yellow""]","","","[""No""]","","","","","","","","","","","","","","","","","","","","","","","","","","","","","","","","D1","8/29/2026 7:04:24 PM","1adbaf60-9206-11f1-9518-87ccf2fafc79","78cf3016-d7b0-4f69-8157-375345f779c4","D1","8/29/2026 7:04:48 PM"
"3","[""Yes""]","13","36","[""Yes""]","[""Yes""]","6.9","6.9","","[""Red""]","","looked like tabasco hot sauce, had red coarse chunks (i took a photo). some bigger chunkiness was stuck to the bottom","[""Yes""]","https://five.epicollect.net/api/media/mycoponics-porterfield?type=photo&format=entry_original&name=794fd87c-bc64-4fee-8ddb-c77578ccf3bf_1788728849.jpg&v=1788729640","https://five.epicollect.net/api/media/mycoponics-porterfield?type=photo&format=entry_original&name=794fd87c-bc64-4fee-8ddb-c77578ccf3bf_1788728853.jpg&v=1788729640","https://five.epicollect.net/api/media/mycoponics-porterfield?type=photo&format=entry_original&name=794fd87c-bc64-4fee-8ddb-c77578ccf3bf_1788728856.jpg&v=1788729640","https://five.epicollect.net/api/media/mycoponics-porterfield?type=photo&format=entry_original&name=794fd87c-bc64-4fee-8ddb-c77578ccf3bf_1788728860.jpg&v=1788729640","https://five.epicollect.net/api/media/mycoponics-porterfield?type=photo&format=entry_original&name=794fd87c-bc64-4fee-8ddb-c77578ccf3bf_1788729558.jpg&v=1788729640","https://five.epicollect.net/api/media/mycoponics-porterfield?type=photo&format=entry_original&name=794fd87c-bc64-4fee-8ddb-c77578ccf3bf_1788729562.jpg&v=1788729640","https://five.epicollect.net/api/media/mycoponics-porterfield?type=photo&format=entry_original&name=794fd87c-bc64-4fee-8ddb-c77578ccf3bf_1788729565.jpg&v=1788729640","https://five.epicollect.net/api/media/mycoponics-porterfield?type=photo&format=entry_original&name=794fd87c-bc64-4fee-8ddb-c77578ccf3bf_1788729567.jpg&v=1788729640","https://five.epicollect.net/api/media/mycoponics-porterfield?type=photo&format=entry_original&name=794fd87c-bc64-4fee-8ddb-c77578ccf3bf_1788729570.jpg&v=1788729640","https://five.epicollect.net/api/media/mycoponics-porterfield?type=photo&format=entry_original&name=794fd87c-bc64-4fee-8ddb-c77578ccf3bf_1788729573.jpg&v=1788729640","https://five.epicollect.net/api/media/mycoponics-porterfield?type=photo&format=entry_original&name=794fd87c-bc64-4fee-8ddb-c77578ccf3bf_1788729576.jpg&v=1788729640","https://five.epicollect.net/api/media/mycoponics-porterfield?type=photo&format=entry_original&name=794fd87c-bc64-4fee-8ddb-c77578ccf3bf_1788729579.jpg&v=1788729640","https://five.epicollect.net/api/media/mycoponics-porterfield?type=photo&format=entry_original&name=794fd87c-bc64-4fee-8ddb-c77578ccf3bf_1788729581.jpg&v=1788729640","https://five.epicollect.net/api/media/mycoponics-porterfield?type=photo&format=entry_original&name=794fd87c-bc64-4fee-8ddb-c77578ccf3bf_1788729584.jpg&v=1788729640","https://five.epicollect.net/api/media/mycoponics-porterfield?type=photo&format=entry_original&name=794fd87c-bc64-4fee-8ddb-c77578ccf3bf_1788729587.jpg&v=1788729640","https://five.epicollect.net/api/media/mycoponics-porterfield?type=photo&format=entry_original&name=794fd87c-bc64-4fee-8ddb-c77578ccf3bf_1788729590.jpg&v=1788729640","https://five.epicollect.net/api/media/mycoponics-porterfield?type=photo&format=entry_original&name=794fd87c-bc64-4fee-8ddb-c77578ccf3bf_1788729592.jpg&v=1788729640","https://five.epicollect.net/api/media/mycoponics-porterfield?type=photo&format=entry_original&name=794fd87c-bc64-4fee-8ddb-c77578ccf3bf_1788729596.jpg&v=1788729640","https://five.epicollect.net/api/media/mycoponics-porterfield?type=photo&format=entry_original&name=794fd87c-bc64-4fee-8ddb-c77578ccf3bf_1788729599.jpg&v=1788729640","https://five.epicollect.net/api/media/mycoponics-porterfield?type=photo&format=entry_original&name=794fd87c-bc64-4fee-8ddb-c77578ccf3bf_1788729602.jpg&v=1788729640","https://five.epicollect.net/api/media/mycoponics-porterfield?type=photo&format=entry_original&name=794fd87c-bc64-4fee-8ddb-c77578ccf3bf_1788729604.jpg&v=1788729640","https://five.epicollect.net/api/media/mycoponics-porterfield?type=photo&format=entry_original&name=794fd87c-bc64-4fee-8ddb-c77578ccf3bf_1788729608.jpg&v=1788729640","https://five.epicollect.net/api/media/mycoponics-porterfield?type=photo&format=entry_original&name=794fd87c-bc64-4fee-8ddb-c77578ccf3bf_1788729611.jpg&v=1788729640","https://five.epicollect.net/api/media/mycoponics-porterfield?type=photo&format=entry_original&name=794fd87c-bc64-4fee-8ddb-c77578ccf3bf_1788729614.jpg&v=1788729640","https://five.epicollect.net/api/media/mycoponics-porterfield?type=photo&format=entry_original&name=794fd87c-bc64-4fee-8ddb-c77578ccf3bf_1788729617.jpg&v=1788729640","https://five.epicollect.net/api/media/mycoponics-porterfield?type=photo&format=entry_original&name=794fd87c-bc64-4fee-8ddb-c77578ccf3bf_1788729620.jpg&v=1788729640","https://five.epicollect.net/api/media/mycoponics-porterfield?type=photo&format=entry_original&name=794fd87c-bc64-4fee-8ddb-c77578ccf3bf_1788729623.jpg&v=1788729640","https://five.epicollect.net/api/media/mycoponics-porterfield?type=photo&format=entry_original&name=794fd87c-bc64-4fee-8ddb-c77578ccf3bf_1788729626.jpg&v=1788729640","https://five.epicollect.net/api/media/mycoponics-porterfield?type=photo&format=entry_original&name=794fd87c-bc64-4fee-8ddb-c77578ccf3bf_1788729629.jpg&v=1788729640","https://five.epicollect.net/api/media/mycoponics-porterfield?type=photo&format=entry_original&name=794fd87c-bc64-4fee-8ddb-c77578ccf3bf_1788729633.jpg&v=1788729640","","C2","8/29/2026 7:21:20 PM","ac1d01f0-9205-11f1-bca9-83b388c0a0a4","794fd87c-bc64-4fee-8ddb-c77578ccf3bf","C2","9/6/2026 9:20:40 PM"
"44","[""No""]","9","35","[""Yes""]","[""Yes""]","14","17.1","","[""Amber""]","","Intense, looks very concentrated almost as a gold color.","[""Yes""]","https://five.epicollect.net/api/media/mycoponics-porterfield?type=photo&format=entry_original&name=795046c1-d1bd-4fb7-af1d-3212d9f92a6a_1788715379.jpg&v=1788715505","https://five.epicollect.net/api/media/mycoponics-porterfield?type=photo&format=entry_original&name=795046c1-d1bd-4fb7-af1d-3212d9f92a6a_1788715385.jpg&v=1788715505","https://five.epicollect.net/api/media/mycoponics-porterfield?type=photo&format=entry_original&name=795046c1-d1bd-4fb7-af1d-3212d9f92a6a_1788715415.jpg&v=1788715505","https://five.epicollect.net/api/media/mycoponics-porterfield?type=photo&format=entry_original&name=795046c1-d1bd-4fb7-af1d-3212d9f92a6a_1788715422.jpg&v=1788715505","https://five.epicollect.net/api/media/mycoponics-porterfield?type=photo&format=entry_original&name=795046c1-d1bd-4fb7-af1d-3212d9f92a6a_1788715430.jpg&v=1788715505","https://five.epicollect.net/api/media/mycoponics-porterfield?type=photo&format=entry_original&name=795046c1-d1bd-4fb7-af1d-3212d9f92a6a_1788715437.jpg&v=1788715505","https://five.epicollect.net/api/media/mycoponics-porterfield?type=photo&format=entry_original&name=795046c1-d1bd-4fb7-af1d-3212d9f92a6a_1788715442.jpg&v=1788715505","https://five.epicollect.net/api/media/mycoponics-porterfield?type=photo&format=entry_original&name=795046c1-d1bd-4fb7-af1d-3212d9f92a6a_1788715446.jpg&v=1788715505","https://five.epicollect.net/api/media/mycoponics-porterfield?type=photo&format=entry_original&name=795046c1-d1bd-4fb7-af1d-3212d9f92a6a_1788715451.jpg&v=1788715505","https://five.epicollect.net/api/media/mycoponics-porterfield?type=photo&format=entry_original&name=795046c1-d1bd-4fb7-af1d-3212d9f92a6a_1788715456.jpg&v=1788715505","https://five.epicollect.net/api/media/mycoponics-porterfield?type=photo&format=entry_original&name=795046c1-d1bd-4fb7-af1d-3212d9f92a6a_1788715462.jpg&v=1788715505","https://five.epicollect.net/api/media/mycoponics-porterfield?type=photo&format=entry_original&name=795046c1-d1bd-4fb7-af1d-3212d9f92a6a_1788715466.jpg&v=1788715505","https://five.epicollect.net/api/media/mycoponics-porterfield?type=photo&format=entry_original&name=795046c1-d1bd-4fb7-af1d-3212d9f92a6a_1788715472.jpg&v=1788715505","https://five.epicollect.net/api/media/mycoponics-porterfield?type=photo&format=entry_original&name=795046c1-d1bd-4fb7-af1d-3212d9f92a6a_1788715476.jpg&v=1788715505","https://five.epicollect.net/api/media/mycoponics-porterfield?type=photo&format=entry_original&name=795046c1-d1bd-4fb7-af1d-3212d9f92a6a_1788715481.jpg&v=1788715505","https://five.epicollect.net/api/media/mycoponics-porterfield?type=photo&format=entry_original&name=795046c1-d1bd-4fb7-af1d-3212d9f92a6a_1788715486.jpg&v=1788715505","https://five.epicollect.net/api/media/mycoponics-porterfield?type=photo&format=entry_original&name=795046c1-d1bd-4fb7-af1d-3212d9f92a6a_1788715489.jpg&v=1788715505","https://five.epicollect.net/api/media/mycoponics-porterfield?type=photo&format=entry_original&name=795046c1-d1bd-4fb7-af1d-3212d9f92a6a_1788715494.jpg&v=1788715505","","","","","","","","","","","","","","D1","8/29/2026 7:24:22 PM","8b5a78d0-9205-11f1-bc95-0954c57f36fb","795046c1-d1bd-4fb7-af1d-3212d9f92a6a","D1","9/6/2026 5:25:05 PM"
"10","[""No""]","2","8","[""Yes""]","[""Yes""]","14","18","#985D00","[""Yellow""]","","","[""No""]","","","","","","","","","","","","","","","","","","","","","","","","","","","","","","","","B2","8/26/2026 4:41:09 PM","68feee40-9207-11f1-ba24-e7a1a5a09e42","7974af47-2003-40a9-92d1-d19d60f39000","B2","8/26/2026 4:41:16 PM"
"26","[""No""]","7","16","[""Yes""]","[""No""]","","","","[""Yellow""]","","media- no exudophores","[""Yes""]","https://five.epicollect.net/api/media/mycoponics-porterfield?type=photo&format=entry_original&name=79a2abbc-ded6-4ef8-bcdd-708e809e352f_1788733173.jpg&v=1788733231","https://five.epicollect.net/api/media/mycoponics-porterfield?type=photo&format=entry_original&name=79a2abbc-ded6-4ef8-bcdd-708e809e352f_1788733176.jpg&v=1788733231","https://five.epicollect.net/api/media/mycoponics-porterfield?type=photo&format=entry_original&name=79a2abbc-ded6-4ef8-bcdd-708e809e352f_1788733180.jpg&v=1788733231","https://five.epicollect.net/api/media/mycoponics-porterfield?type=photo&format=entry_original&name=79a2abbc-ded6-4ef8-bcdd-708e809e352f_1788733183.jpg&v=1788733231","https://five.epicollect.net/api/media/mycoponics-porterfield?type=photo&format=entry_original&name=79a2abbc-ded6-4ef8-bcdd-708e809e352f_1788733193.jpg&v=1788733231","https://five.epicollect.net/api/media/mycoponics-porterfield?type=photo&format=entry_original&name=79a2abbc-ded6-4ef8-bcdd-708e809e352f_1788733197.jpg&v=1788733231","https://five.epicollect.net/api/media/mycoponics-porterfield?type=photo&format=entry_original&name=79a2abbc-ded6-4ef8-bcdd-708e809e352f_1788733200.jpg&v=1788733231","https://five.epicollect.net/api/media/mycoponics-porterfield?type=photo&format=entry_original&name=79a2abbc-ded6-4ef8-bcdd-708e809e352f_1788733203.jpg&v=1788733231","https://five.epicollect.net/api/media/mycoponics-porterfield?type=photo&format=entry_original&name=79a2abbc-ded6-4ef8-bcdd-708e809e352f_1788733206.jpg&v=1788733231","https://five.epicollect.net/api/media/mycoponics-porterfield?type=photo&format=entry_original&name=79a2abbc-ded6-4ef8-bcdd-708e809e352f_1788733213.jpg&v=1788733231","https://five.epicollect.net/api/media/mycoponics-porterfield?type=photo&format=entry_original&name=79a2abbc-ded6-4ef8-bcdd-708e809e352f_1788733217.jpg&v=1788733231","https://five.epicollect.net/api/media/mycoponics-porterfield?type=photo&format=entry_original&name=79a2abbc-ded6-4ef8-bcdd-708e809e352f_1788733220.jpg&v=1788733231","https://five.epicollect.net/api/media/mycoponics-porterfield?type=photo&format=entry_original&name=79a2abbc-ded6-4ef8-bcdd-708e809e352f_1788733223.jpg&v=1788733231","","","","","","","","","","","","","","","","","","","C3","8/29/2026 7:18:35 PM","beee3510-9205-11f1-9bf5-b15c7c68ff3f","79a2abbc-ded6-4ef8-bcdd-708e809e352f","C3","9/6/2026 10:20:31 PM"
"23","[""Yes""]","5","52","[""Yes""]","[""Yes""]","14.2","30","#7D6E37","[""Yellow""]","","cardboard yellow, gel-like opaqueness, extremely extremely black specks (very sparse)","[""No""]","","","","","","","","","","","","","","","","","","","","","","","","","","","","","","","","D2","8/26/2026 1:44:53 AM","52680b20-9208-11f1-985c-f79deada967f","79a410aa-4b3b-42f4-93cb-4d23875629c8","D2","8/26/2026 1:45:16 AM"
"48","[""No""]","0","48","[""Yes""]","[""Yes""]","4.5","4.5","","[""Green""]","","precipitate in the bottom? could be contamination/mold","[""Yes""]","https://five.epicollect.net/api/media/mycoponics-porterfield?type=photo&format=entry_original&name=79d9eb6e-ab42-452a-a642-a6dc2b9df0da_1788719576.jpg&v=1788719600","https://five.epicollect.net/api/media/mycoponics-porterfield?type=photo&format=entry_original&name=79d9eb6e-ab42-452a-a642-a6dc2b9df0da_1788719581.jpg&v=1788719600","https://five.epicollect.net/api/media/mycoponics-porterfield?type=photo&format=entry_original&name=79d9eb6e-ab42-452a-a642-a6dc2b9df0da_1788719585.jpg&v=1788719600","https://five.epicollect.net/api/media/mycoponics-porterfield?type=photo&format=entry_original&name=79d9eb6e-ab42-452a-a642-a6dc2b9df0da_1788719589.jpg&v=1788719600","https://five.epicollect.net/api/media/mycoponics-porterfield?type=photo&format=entry_original&name=79d9eb6e-ab42-452a-a642-a6dc2b9df0da_1788719594.jpg&v=1788719600","","","","","","","","","","","","","","","","","","","","","","","","","","","C1","8/29/2026 7:22:26 PM","a727c810-9205-11f1-bca9-83b388c0a0a4","79d9eb6e-ab42-452a-a642-a6dc2b9df0da","C1","9/6/2026 6:33:20 PM"
"1.5","[""Yes""]","3","57","[""Yes""]","[""No""]","","","","[""Green""]","","Again exudates have a lot of media. But today, the liquid was greenish blue, signaling that there are real exudates mixed in with the media. This could be because the exudophores are capturing the media from the sides/the filter","[""Yes""]","https://five.epicollect.net/api/media/mycoponics-porterfield?type=photo&format=entry_original&name=79fab574-b7e6-4644-8dc3-b669ab96c62d_1788711485.jpg&v=1788711543","https://five.epicollect.net/api/media/mycoponics-porterfield?type=photo&format=entry_original&name=79fab574-b7e6-4644-8dc3-b669ab96c62d_1788711497.jpg&v=1788711543","https://five.epicollect.net/api/media/mycoponics-porterfield?type=photo&format=entry_original&name=79fab574-b7e6-4644-8dc3-b669ab96c62d_1788711504.jpg&v=1788711543","https://five.epicollect.net/api/media/mycoponics-porterfield?type=photo&format=entry_original&name=79fab574-b7e6-4644-8dc3-b669ab96c62d_1788711507.jpg&v=1788711543","https://five.epicollect.net/api/media/mycoponics-porterfield?type=photo&format=entry_original&name=79fab574-b7e6-4644-8dc3-b669ab96c62d_1788711516.jpg&v=1788711543","https://five.epicollect.net/api/media/mycoponics-porterfield?type=photo&format=entry_original&name=79fab574-b7e6-4644-8dc3-b669ab96c62d_1788711532.jpg&v=1788711543","https://five.epicollect.net/api/media/mycoponics-porterfield?type=photo&format=entry_original&name=79fab574-b7e6-4644-8dc3-b669ab96c62d_1788711536.jpg&v=1788711543","https://five.epicollect.net/api/media/mycoponics-porterfield?type=photo&format=entry_original&name=79fab574-b7e6-4644-8dc3-b669ab96c62d_1788711538.jpg&v=1788711543","","","","","","","","","","","","","","","","","","","","","","","Lots of humidity, although there are some lines that are streaming down where there is no humidity I see fuzzy cotton-ball-like structures. We also captured a little hole-like structure thing at the very bottom. There seem to be thin exudophore structures now stretching out of one of the clusters. There are exudate droppings on the bottom- it seems to be a gradient of clear at the very bottom to more yellow as it gets higher up. There is no contamination, so I wonder why this is. It could be because the bottom of the fungus is closer to the humidity at the opening of the container. Contamination: None. Colonization: Fully colonized (90%). Surface density: Very dense/overgrown/3D structures. Edge activity: Highly active expanding front. Exudophore formation: Frequent/multiple exudate sites. Exudate localization: Dripping downward. Localization density: sparse. Media notes: We think that because this one has more mass, that it is eating more media..","A1","8/29/2026 9:01:12 PM","780c9ba0-9205-11f1-bc95-0954c57f36fb","79fab574-b7e6-4644-8dc3-b669ab96c62d","A1","9/6/2026 4:19:03 PM"
"27","[""No""]","3","24","[""No""]","[""No""]","","","","[""Green""]","","Media","[""Yes""]","","","","","","","","","","","","","","","","","","","","","","","","","","","","","","","","D3","8/29/2026 7:17:32 PM","c3bb9ba0-9205-11f1-9bf5-b15c7c68ff3f","7a595d12-6695-4843-acdd-b97a8df17581","D3","8/29/2026 7:18:02 PM"
"13","[""No""]","3","10","[""No""]","[""No""]","","","","[""Clear""]","","","[""No""]","","","","","","","","","","","","","","","","","","","","","","","","","","","","","","","Contamination: None.","A4","8/28/2026 12:49:19 PM","42238840-9206-11f1-b91a-4736f6a951ba","7aaf3aa9-66cd-442e-8d11-3616262dd14f","A4","8/28/2026 12:49:22 PM"
"49","[""No""]","0","49","[""No""]","[""No""]","","","","[]","","","[""No""]","","","","","","","","","","","","","","","","","","","","","","","","","","","","","","","","C1","8/29/2026 7:04:24 PM","1adbaf60-9206-11f1-9518-87ccf2fafc79","7ae424ce-b702-4a19-943a-2bd2ee2b27dd","C1","8/29/2026 7:04:41 PM"
"54","[""No""]","4","50","[""Yes""]","[""No""]","","","","["" Orange""]","","","[""No""]","","","","","","","","","","","","","","","","","","","","","","","","","","","","","","","","A2","8/26/2026 4:07:05 PM","6e4c3330-9207-11f1-ba24-e7a1a5a09e42","7b3590bb-a268-432c-adae-8df022eecaa4","A2","8/26/2026 4:07:07 PM"
"23","[""No""]","0","23","[""Yes""]","[""No""]","","","","[""Green""]","","media","[""No""]","","","","","","","","","","","","","","","","","","","","","","","","","","","","","","","","A4","8/29/2026 7:04:24 PM","1adbaf60-9206-11f1-9518-87ccf2fafc79","7b6d8919-0288-4131-b470-b874939e370a","A4","8/29/2026 7:04:30 PM"
"15","[""Yes""]","7","50","[""Yes""]","[""Yes""]","13.8","58.8","#7c7957","[""Yellow""]","","","[""Yes""]","https://five.epicollect.net/api/media/mycoponics-porterfield?type=photo&format=entry_original&name=7b6e8b1e-b03a-492b-9f6c-2965182df860_1788044905.jpg&v=1788044994","https://five.epicollect.net/api/media/mycoponics-porterfield?type=photo&format=entry_original&name=7b6e8b1e-b03a-492b-9f6c-2965182df860_1788044911.jpg&v=1788044994","https://five.epicollect.net/api/media/mycoponics-porterfield?type=photo&format=entry_original&name=7b6e8b1e-b03a-492b-9f6c-2965182df860_1788044915.jpg&v=1788044994","https://five.epicollect.net/api/media/mycoponics-porterfield?type=photo&format=entry_original&name=7b6e8b1e-b03a-492b-9f6c-2965182df860_1788044918.jpg&v=1788044994","https://five.epicollect.net/api/media/mycoponics-porterfield?type=photo&format=entry_original&name=7b6e8b1e-b03a-492b-9f6c-2965182df860_1788044921.jpg&v=1788044994","https://five.epicollect.net/api/media/mycoponics-porterfield?type=photo&format=entry_original&name=7b6e8b1e-b03a-492b-9f6c-2965182df860_1788044926.jpg&v=1788044994","https://five.epicollect.net/api/media/mycoponics-porterfield?type=photo&format=entry_original&name=7b6e8b1e-b03a-492b-9f6c-2965182df860_1788044928.jpg&v=1788044994","https://five.epicollect.net/api/media/mycoponics-porterfield?type=photo&format=entry_original&name=7b6e8b1e-b03a-492b-9f6c-2965182df860_1788044931.jpg&v=1788044994","https://five.epicollect.net/api/media/mycoponics-porterfield?type=photo&format=entry_original&name=7b6e8b1e-b03a-492b-9f6c-2965182df860_1788044934.jpg&v=1788044994","https://five.epicollect.net/api/media/mycoponics-porterfield?type=photo&format=entry_original&name=7b6e8b1e-b03a-492b-9f6c-2965182df860_1788044937.jpg&v=1788044994","https://five.epicollect.net/api/media/mycoponics-porterfield?type=photo&format=entry_original&name=7b6e8b1e-b03a-492b-9f6c-2965182df860_1788044940.jpg&v=1788044994","https://five.epicollect.net/api/media/mycoponics-porterfield?type=photo&format=entry_original&name=7b6e8b1e-b03a-492b-9f6c-2965182df860_1788044945.jpg&v=1788044994","https://five.epicollect.net/api/media/mycoponics-porterfield?type=photo&format=entry_original&name=7b6e8b1e-b03a-492b-9f6c-2965182df860_1788044948.jpg&v=1788044994","https://five.epicollect.net/api/media/mycoponics-porterfield?type=photo&format=entry_original&name=7b6e8b1e-b03a-492b-9f6c-2965182df860_1788044950.jpg&v=1788044994","https://five.epicollect.net/api/media/mycoponics-porterfield?type=photo&format=entry_original&name=7b6e8b1e-b03a-492b-9f6c-2965182df860_1788044953.jpg&v=1788044994","https://five.epicollect.net/api/media/mycoponics-porterfield?type=photo&format=entry_original&name=7b6e8b1e-b03a-492b-9f6c-2965182df860_1788044957.jpg&v=1788044994","https://five.epicollect.net/api/media/mycoponics-porterfield?type=photo&format=entry_original&name=7b6e8b1e-b03a-492b-9f6c-2965182df860_1788044959.jpg&v=1788044994","https://five.epicollect.net/api/media/mycoponics-porterfield?type=photo&format=entry_original&name=7b6e8b1e-b03a-492b-9f6c-2965182df860_1788044963.jpg&v=1788044994","https://five.epicollect.net/api/media/mycoponics-porterfield?type=photo&format=entry_original&name=7b6e8b1e-b03a-492b-9f6c-2965182df860_1788044965.jpg&v=1788044994","https://five.epicollect.net/api/media/mycoponics-porterfield?type=photo&format=entry_original&name=7b6e8b1e-b03a-492b-9f6c-2965182df860_1788044970.jpg&v=1788044994","https://five.epicollect.net/api/media/mycoponics-porterfield?type=photo&format=entry_original&name=7b6e8b1e-b03a-492b-9f6c-2965182df860_1788044975.jpg&v=1788044994","https://five.epicollect.net/api/media/mycoponics-porterfield?type=photo&format=entry_original&name=7b6e8b1e-b03a-492b-9f6c-2965182df860_1788044980.jpg&v=1788044994","https://five.epicollect.net/api/media/mycoponics-porterfield?type=photo&format=entry_original&name=7b6e8b1e-b03a-492b-9f6c-2965182df860_1788044988.jpg&v=1788044994","","","","","","","","","D2","8/26/2026 2:33:03 PM","992fd070-9207-11f1-b651-5d6fce51deb5","7b6e8b1e-b03a-492b-9f6c-2965182df860","D2","8/29/2026 11:09:54 PM"
"0","[""Yes""]","0","60","[""Yes""]","[""No""]","","","","[]","","Not enough exudates to collect, but the way the ""hands"" are dripping yellow exudate is beautiful.","[""Yes""]","https://five.epicollect.net/api/media/mycoponics-porterfield?type=photo&format=entry_original&name=7b733b78-a6db-4bdf-80ee-e89a7bc00ada_1788709538.jpg&v=1788709565","https://five.epicollect.net/api/media/mycoponics-porterfield?type=photo&format=entry_original&name=7b733b78-a6db-4bdf-80ee-e89a7bc00ada_1788709543.jpg&v=1788709565","https://five.epicollect.net/api/media/mycoponics-porterfield?type=photo&format=entry_original&name=7b733b78-a6db-4bdf-80ee-e89a7bc00ada_1788709547.jpg&v=1788709565","https://five.epicollect.net/api/media/mycoponics-porterfield?type=photo&format=entry_original&name=7b733b78-a6db-4bdf-80ee-e89a7bc00ada_1788709550.jpg&v=1788709565","https://five.epicollect.net/api/media/mycoponics-porterfield?type=photo&format=entry_original&name=7b733b78-a6db-4bdf-80ee-e89a7bc00ada_1788709553.jpg&v=1788709565","https://five.epicollect.net/api/media/mycoponics-porterfield?type=photo&format=entry_original&name=7b733b78-a6db-4bdf-80ee-e89a7bc00ada_1788709557.jpg&v=1788709565","https://five.epicollect.net/api/media/mycoponics-porterfield?type=photo&format=entry_original&name=7b733b78-a6db-4bdf-80ee-e89a7bc00ada_1788709559.jpg&v=1788709565","","","","","","","","","","","","","","","","","","","","","","","","Same as before- those localized droplets are formed in a shape like someone dragged their finger across it to draw a pattern. Those lcoalized drops are underneath the fuzziness of the mycelia growing along the wall (See photo on slide) Contamination: None. Colonization: Fully colonized (90%). Surface density: Very dense/overgrown/3D structures. Edge activity: No active expansion.","D2","8/29/2026 8:52:48 PM","12d43e60-9204-11f1-9262-61c43e67bcf5","7b733b78-a6db-4bdf-80ee-e89a7bc00ada","D2","9/6/2026 3:46:05 PM"
"26","[""No""]","2","22","[""Yes""]","[""Yes""]","5","5","#BBB779","[""Yellow""]","","","[""No""]","","","","","","","","","","","","","","","","","","","","","","","","","","","","","","","","A1","8/26/2026 6:11:41 PM","acdfe750-9206-11f1-b07c-23192f0e7dfa","7bb4ec74-83e5-488b-af07-b72e831fe2f4","A1","8/26/2026 6:11:42 PM"
"16","[""No""]","0","16","[""Yes""]","[""No""]","","","","[""Green""]","","media","[""No""]","","","","","","","","","","","","","","","","","","","","","","","","","","","","","","","Even though there are no good exudates, there is beautiful dripping all over the mycelia, which has covered the whole cermaic.","C4","8/26/2026 5:14:40 PM","58fce0b0-9207-11f1-aadd-df4879ec2771","7be4604b-f49a-4ee7-8235-6780359cc2ac","C4","8/26/2026 5:14:54 PM"
"4","[""Yes""]","5","48","[""Yes""]","[""Yes""]","15","15","#8D8A45","[""Yellow""]","","","[""No""]","","","","","","","","","","","","","","","","","","","","","","","","","","","","","","","","C1","8/26/2026 6:21:45 PM","75fb7970-9206-11f1-a57e-abc999418cec","7beb8d07-6139-447c-a7a3-64227a491db9","C1","8/26/2026 6:22:01 PM"
"9","[""No""]","0","9","[""Yes""]","[""Yes""]","7","7","#886227","[""Yellow""]","","very chunky","[""No""]","","","","","","","","","","","","","","","","","","","","","","","","","","","","","","","","C1","8/26/2026 5:22:58 PM","3cb0c480-9207-11f1-8555-b77c5e5555d6","7c92f287-8c5f-4e1c-91fe-5f3baf7a36ef","C1","8/26/2026 5:23:09 PM"
"30","[""No""]","","30","[""Yes""]","[""Yes""]","14.5","17","#874d0b","[""Yellow""]","","","[""No""]","","","","","","","","","","","","","","","","","","","","","","","","","","","","","","","","C2","8/26/2026 5:21:42 PM","415bd600-9207-11f1-8555-b77c5e5555d6","7cb42cb7-e067-4a0d-acd1-1a6715d5c0fb","C2","8/26/2026 5:21:56 PM"
"19","[""Yes""]","10","49","[""No""]","[""Yes""]","14.3","30.3","#88650B","[""Amber""]","","beautiful amber color, cloudy liquid, has clumped-together tan flakes and sand-like clouds of it","[""No""]","","","","","","","","","","","","","","","","","","","","","","","","","","","","","","","","B3","8/26/2026 2:55:00 PM","7621f7c0-9207-11f1-ba24-e7a1a5a09e42","7cfe14e7-4e67-496d-80d9-d5dfa418fa6e","B3","8/26/2026 2:55:09 PM"
"5","[""Yes""]","8","39","[""Yes""]","[""Yes""]","13.8","13.8","#683D13","["" Orange""]","","orangish yellow, also the media was bubbly. orangish yellow, also the media was bubbly. the mass is almost looks shriveled in a way, very dry and seems to have a smaller mass than before the red light treatment.","[""No""]","","","","","","","","","","","","","","","","","","","","","","","","","","","","","","","almost looks shriveled in a way, very dry and seems to have a smaller mass than before the red light treatment.","A2","8/26/2026 5:14:40 PM","58fce0b0-9207-11f1-aadd-df4879ec2771","7d19216d-c487-4766-952b-1d04e07521ca","A2","8/26/2026 5:14:42 PM"
"40","[""No""]","-30","30","[""No""]","[""No""]","","","","[]","","","[""No""]","","","","","","","","","","","","","","","","","","","","","","","","","","","","","","","","D1","8/26/2026 1:20:01 AM","59ab7ac0-9208-11f1-bc48-c9fd0cd355af","7d2a8c38-6594-4d6d-9ebb-0a418c06241b","D1","8/26/2026 1:20:16 AM"
"27","[""No""]","10","12","[""Yes""]","[""Yes""]","13.7","34","#ac8c3d","[""Yellow""]","","clear","[""No""]","","","","","","","","","","","","","","","","","","","","","","","","","","","","","","","","B3","8/26/2026 1:20:01 AM","59ab7ac0-9208-11f1-bc48-c9fd0cd355af","7d6a7fcd-bc5a-433c-9262-82667730f028","B3","8/26/2026 1:20:09 AM"
"20","[""No""]","0","20","[""No""]","[""No""]","","","","[]","","(MOVED FROM CHAMBER D TO CHAMBER A TODAY)","[""Yes""]","","","","","","","","","","","","","","","","","","","","","","","","","","","","","","","Not fully colonized. The ceramic part closer to the lid is not growing a lot of mycelium, this might be because of tube defects. Contamination: None. Colonization: Early spread (10-30%). Surface density: Thin/translucent. Edge activity: Highly active expanding front. Exudophore formation: None. Exudate localization: None. Localization density: none.","A3","8/29/2026 7:22:26 PM","a727c810-9205-11f1-bca9-83b388c0a0a4","7dd39cb3-6c8b-4d7d-ad07-edf8fce5222c","A3","8/29/2026 7:22:31 PM"
"0","[""Yes""]","0","60","[""Yes""]","[""Yes""]","15","15","","[""Clear""]","","Very diluted- probably because the humidifier is very close to the filter. We are turning the jar around so that its filter is away from the humidifer, to see if there is less water next time.","[""Yes""]","https://five.epicollect.net/api/media/mycoponics-porterfield?type=photo&format=entry_original&name=7e17275f-f30c-4cc8-ba0c-5ac970490c7e_1788709320.jpg&v=1788709355","https://five.epicollect.net/api/media/mycoponics-porterfield?type=photo&format=entry_original&name=7e17275f-f30c-4cc8-ba0c-5ac970490c7e_1788709327.jpg&v=1788709355","https://five.epicollect.net/api/media/mycoponics-porterfield?type=photo&format=entry_original&name=7e17275f-f30c-4cc8-ba0c-5ac970490c7e_1788709330.jpg&v=1788709355","https://five.epicollect.net/api/media/mycoponics-porterfield?type=photo&format=entry_original&name=7e17275f-f30c-4cc8-ba0c-5ac970490c7e_1788709333.jpg&v=1788709355","https://five.epicollect.net/api/media/mycoponics-porterfield?type=photo&format=entry_original&name=7e17275f-f30c-4cc8-ba0c-5ac970490c7e_1788709336.jpg&v=1788709355","https://five.epicollect.net/api/media/mycoponics-porterfield?type=photo&format=entry_original&name=7e17275f-f30c-4cc8-ba0c-5ac970490c7e_1788709340.jpg&v=1788709355","","","","","","","","","","","","","","","","","","","","","","","","","(Same as before) Very much popcorn-like structures growing. The mycelia is growing a lot vertically (downward, it is growing more of the fuzzy stuff on the tips of the little branches. upward, it is branching the thinner/stricter mycelia like veins across the ceiling and walls of the enclosure). The tips of the mycelia branches look exactly like cotton balls. The harder parts of the structure have the color and appearance of bone/cartilage. Contamination: None.","B2","8/29/2026 7:38:36 PM","12d43e60-9204-11f1-9262-61c43e67bcf5","7e17275f-f30c-4cc8-ba0c-5ac970490c7e","B2","9/6/2026 3:42:35 PM"
"7","[""No""]","2","5","[""Yes""]","[""Yes""]","14","20","#7F2D03","[]","","","[""No""]","","","","","","","","","","","","","","","","","","","","","","","","","","","","","","","","A2","8/26/2026 6:04:58 PM","b3b1f780-9206-11f1-b07c-23192f0e7dfa","7e1c2c08-df4f-4f5c-b353-b74eee9baef2","A2","8/26/2026 6:05:01 PM"
"25","[""No""]","5","20","[""No""]","[""No""]","","","","[""Clear""]","","","[""No""]","","","","","","","","","","","","","","","","","","","","","","","","","","","","","","","","D4","8/26/2026 6:21:45 PM","75fb7970-9206-11f1-a57e-abc999418cec","7e2498a6-05eb-4f5e-af5a-e56363bc3da9","D4","8/26/2026 6:22:15 PM"
"25","[""No""]","5","20","[""No""]","[""No""]","","","","[""Clear""]","","The humidity has been really low on these chambers, thus the exudate production has decrease a lot, to the point to not produce anything a day.","[""No""]","","","","","","","","","","","","","","","","","","","","","","","","","","","","","","","Structures that look like tentacles are growing in different areas of the tube, however they dont look like exudophores or coral-like structures yet. Might be fruting bofies or exudophores, not sure yet. This structures are more common on the tubes with low huidity? Contamination: Confirmed.","C2","8/28/2026 12:49:19 PM","42238840-9206-11f1-b91a-4736f6a951ba","7e59c915-b535-496a-826c-397f89628f99","C2","8/28/2026 12:49:30 PM"
"32","[""No""]","6","26","[""No""]","[""No""]","","","","[""Clear""]","","","[""No""]","","","","","","","","","","","","","","","","","","","","","","","","","","","","","","","","D1","8/26/2026 6:18:45 PM","a1eeb1f0-9206-11f1-b07c-23192f0e7dfa","7e5e493e-5855-43df-880a-35561ec673e3","D1","8/26/2026 6:19:05 PM"
"","[]","","","[""No""]","[""No""]","","","","[]","","","[""Yes""]","","","","","","","","","","","","","","","","","","","","","","","","","","","","","","","","D4","8/29/2026 7:22:26 PM","a727c810-9205-11f1-bca9-83b388c0a0a4","7e8ee0a0-dae8-49d2-9261-1501aa23d558","D4","8/29/2026 7:22:58 PM"
"","[]","","","[]","[]","","","","[]","","","[]","https://five.epicollect.net/api/media/mycoponics-porterfield?type=photo&format=entry_original&name=7ea04910-aa08-11f1-a927-053478024664_1788708918.jpg&v=1788708977","","","","","","","","","","","","","","","","","","","","","","","","","","","","","","","B1","9/6/2026 3:34:48 PM","624f9900-aa08-11f1-a927-053478024664","7ea04910-aa08-11f1-a927-053478024664","B1","9/6/2026 3:36:17 PM"
"30.5","[""No""]","0","30","[""Yes""]","[""No""]","","","","[""Green""]","","media","[""Yes""]","https://five.epicollect.net/api/media/mycoponics-porterfield?type=photo&format=entry_original&name=7f129525-1d4d-4d8d-a380-e37d58e9835f_1788733941.jpg&v=1788733995","https://five.epicollect.net/api/media/mycoponics-porterfield?type=photo&format=entry_original&name=7f129525-1d4d-4d8d-a380-e37d58e9835f_1788733944.jpg&v=1788733995","https://five.epicollect.net/api/media/mycoponics-porterfield?type=photo&format=entry_original&name=7f129525-1d4d-4d8d-a380-e37d58e9835f_1788733947.jpg&v=1788733995","https://five.epicollect.net/api/media/mycoponics-porterfield?type=photo&format=entry_original&name=7f129525-1d4d-4d8d-a380-e37d58e9835f_1788733950.jpg&v=1788733995","https://five.epicollect.net/api/media/mycoponics-porterfield?type=photo&format=entry_original&name=7f129525-1d4d-4d8d-a380-e37d58e9835f_1788733953.jpg&v=1788733995","https://five.epicollect.net/api/media/mycoponics-porterfield?type=photo&format=entry_original&name=7f129525-1d4d-4d8d-a380-e37d58e9835f_1788733956.jpg&v=1788733995","https://five.epicollect.net/api/media/mycoponics-porterfield?type=photo&format=entry_original&name=7f129525-1d4d-4d8d-a380-e37d58e9835f_1788733960.jpg&v=1788733995","https://five.epicollect.net/api/media/mycoponics-porterfield?type=photo&format=entry_original&name=7f129525-1d4d-4d8d-a380-e37d58e9835f_1788733967.jpg&v=1788733995","https://five.epicollect.net/api/media/mycoponics-porterfield?type=photo&format=entry_original&name=7f129525-1d4d-4d8d-a380-e37d58e9835f_1788733971.jpg&v=1788733995","https://five.epicollect.net/api/media/mycoponics-porterfield?type=photo&format=entry_original&name=7f129525-1d4d-4d8d-a380-e37d58e9835f_1788733974.jpg&v=1788733995","https://five.epicollect.net/api/media/mycoponics-porterfield?type=photo&format=entry_original&name=7f129525-1d4d-4d8d-a380-e37d58e9835f_1788733977.jpg&v=1788733995","https://five.epicollect.net/api/media/mycoponics-porterfield?type=photo&format=entry_original&name=7f129525-1d4d-4d8d-a380-e37d58e9835f_1788733981.jpg&v=1788733995","https://five.epicollect.net/api/media/mycoponics-porterfield?type=photo&format=entry_original&name=7f129525-1d4d-4d8d-a380-e37d58e9835f_1788733983.jpg&v=1788733995","https://five.epicollect.net/api/media/mycoponics-porterfield?type=photo&format=entry_original&name=7f129525-1d4d-4d8d-a380-e37d58e9835f_1788733986.jpg&v=1788733995","https://five.epicollect.net/api/media/mycoponics-porterfield?type=photo&format=entry_original&name=7f129525-1d4d-4d8d-a380-e37d58e9835f_1788733989.jpg&v=1788733995","https://five.epicollect.net/api/media/mycoponics-porterfield?type=photo&format=entry_original&name=7f129525-1d4d-4d8d-a380-e37d58e9835f_1788733991.jpg&v=1788733995","","","","","","","","","","","","","","","AIR FILTER WASNT FULLY GLUED ON. i glued it with guerilla glue","A4","8/29/2026 7:17:32 PM","c3bb9ba0-9205-11f1-9bf5-b15c7c68ff3f","7f129525-1d4d-4d8d-a380-e37d58e9835f","A4","9/6/2026 10:33:15 PM"
"30","[""No""]","10","20","[""Yes""]","[""Yes""]","14","14","#AD6C00","[""Amber""]","","This lookslike gold. One of the best exudates that i have seen. There is no presence of another organism but blue oyster and it seems super concentrated with a intense yellow coloration.","[""Yes""]","https://five.epicollect.net/api/media/mycoponics-porterfield?type=photo&format=entry_original&name=7fa9ed3b-57b1-4059-87af-2db9a16259c1_1788752264.jpg&v=1788752279","https://five.epicollect.net/api/media/mycoponics-porterfield?type=photo&format=entry_original&name=7fa9ed3b-57b1-4059-87af-2db9a16259c1_1788752267.jpg&v=1788752279","https://five.epicollect.net/api/media/mycoponics-porterfield?type=photo&format=entry_original&name=7fa9ed3b-57b1-4059-87af-2db9a16259c1_1788752269.jpg&v=1788752279","https://five.epicollect.net/api/media/mycoponics-porterfield?type=photo&format=entry_original&name=7fa9ed3b-57b1-4059-87af-2db9a16259c1_1788752272.jpg&v=1788752279","https://five.epicollect.net/api/media/mycoponics-porterfield?type=photo&format=entry_original&name=7fa9ed3b-57b1-4059-87af-2db9a16259c1_1788752273.jpg&v=1788752279","","","","","","","","","","","","","","","","","","","","","","","","","","","B2","8/26/2026 6:16:02 PM","a6148de0-9206-11f1-b07c-23192f0e7dfa","7fa9ed3b-57b1-4059-87af-2db9a16259c1","B2","9/7/2026 3:37:59 AM"
"25","[""No""]","10","15","[""Yes""]","[""Yes""]","15","23","#A98D2f","[""Yellow""]","","","[""Yes""]","https://five.epicollect.net/api/media/mycoponics-porterfield?type=photo&format=entry_original&name=818e0224-1599-4afa-bc6e-011a5182566c_1788745240.jpg&v=1788745266","https://five.epicollect.net/api/media/mycoponics-porterfield?type=photo&format=entry_original&name=818e0224-1599-4afa-bc6e-011a5182566c_1788745244.jpg&v=1788745266","https://five.epicollect.net/api/media/mycoponics-porterfield?type=photo&format=entry_original&name=818e0224-1599-4afa-bc6e-011a5182566c_1788745250.jpg&v=1788745266","https://five.epicollect.net/api/media/mycoponics-porterfield?type=photo&format=entry_original&name=818e0224-1599-4afa-bc6e-011a5182566c_1788745259.jpg&v=1788745266","","","","","","","","","","","","","","","","","","","","","","","","","","","","B2","8/29/2026 7:16:29 PM","d2645ac0-9205-11f1-ba5f-319f359841fc","818e0224-1599-4afa-bc6e-011a5182566c","B2","9/7/2026 1:41:06 AM"
"11","[""Yes""]","10","51","[""Yes""]","[""Yes""]","12","12","","[]","","","[""No""]","","","","","","","","","","","","","","","","","","","","","","","","","","","","","","","","D3","8/9/2026 1:20:28 AM","59d95668-3574-4d73-87d2-398740f59516","81d7c010-9390-11f1-980d-15be76c05b3d","D3","8/9/2026 1:48:25 AM"
"20","[""No""]","2","18","[""No""]","[""No""]","","","","[]","","","[""No""]","","","","","","","","","","","","","","","","","","","","","","","","","","","","","","","","D1","8/28/2026 12:52:41 PM","212ef2a0-9206-11f1-9518-87ccf2fafc79","820ce025-5e27-4f25-aa5a-2c7d94c32cbf","D1","8/28/2026 12:53:01 PM"
"49","[""No""]","4","45","[""Yes""]","[""Yes""]","4","4","#7C5C21","[""Yellow""]","","","[""No""]","","","","","","","","","","","","","","","","","","","","","","","","","","","","","","","","C1","8/26/2026 6:08:11 PM","af959170-9206-11f1-b07c-23192f0e7dfa","82a9ab7d-ed5c-421d-9486-79a3b8ce6061","C1","8/26/2026 6:08:23 PM"
"1","[""Yes""]","3","52","[""Yes""]","[""Yes""]","6.5","6.5","#585539","[""Yellow""]","","foggy, many small dirt-like grey flecks all around in the yellow liquid (NOT COLLECTED IN FREEZER) - appears green, media","[""No""]","","","","","","","","","","","","","","","","","","","","","","","","","","","","","","","","D1","8/26/2026 4:07:05 PM","6e4c3330-9207-11f1-ba24-e7a1a5a09e42","82cc93b2-4afa-4a72-a067-8689c26bf1be","D1","8/26/2026 4:07:27 PM"
"28","[""No""]","3","26","[""Yes""]","[""Yes""]","18.3","18.3","#ae600c","["" Orange""]","","","[""No""]","","","","","","","","","","","","","","","","","","","","","","","","","","","","","","","","A2","8/29/2026 7:04:24 PM","1adbaf60-9206-11f1-9518-87ccf2fafc79","83046776-8cb4-4298-ae63-fc805f540927","A2","8/29/2026 7:04:27 PM"
"14","[""No""]","6","8","[""No""]","[""No""]","","","","[]","","","[""Yes""]","https://five.epicollect.net/api/media/mycoponics-porterfield?type=photo&format=entry_original&name=835921bc-9f48-44be-addb-e1c5c1a50963_1788731129.jpg&v=1788731144","","","","","","","","","","","","","","","","","","","","","","","","","","","","","","","B3","8/29/2026 7:19:59 PM","bb647210-9205-11f1-9bf5-b15c7c68ff3f","835921bc-9f48-44be-addb-e1c5c1a50963","B3","9/6/2026 9:45:44 PM"
"32","[""No""]","6","19","[""Yes""]","[""Yes""]","13","21","#6f5f30","[""Yellow Brownish (cardboard)""]","","viscous with white dots but also brown precipitates at bottom","[""No""]","","","","","","","","","","","","","","","","","","","","","","","","","","","","","","","","C3","8/26/2026 2:52:48 PM","832ee130-9207-11f1-a0ac-03e2707c61cb","835b0ee9-653b-46bc-a2ff-d0cf044fc7d3","C3","8/26/2026 2:53:03 PM"
"41","[""No""]","-30","30","[""Yes""]","[""Yes""]","14","15","#836520","[""Amber yellow""]","","","[""No""]","","","","","","","","","","","","","","","","","","","","","","","","","","","","","","","","D3","8/26/2026 1:20:01 AM","59ab7ac0-9208-11f1-bc48-c9fd0cd355af","8366c7f7-4f14-41ab-a0ba-0fb0b0f68ac5","D3","8/26/2026 1:20:19 AM"
"50","[""No""]","5","45","[""No""]","[""No""]","","","","[]","","","[""No""]","","","","","","","","","","","","","","","","","","","","","","","","","","","","","","","","B4","8/29/2026 7:07:31 PM","0c11aca0-9206-11f1-9518-87ccf2fafc79","839bd1b2-8a60-47d1-9d56-ee24915a6947","B4","8/29/2026 7:07:45 PM"
"46","[""No""]","9","33","[""No""]","[""No""]","","","","[]","","","[""No""]","","","","","","","","","","","","","","","","","","","","","","","","","","","","","","","","D2","8/26/2026 6:08:11 PM","af959170-9206-11f1-b07c-23192f0e7dfa","83b8c3e1-8a20-4ee3-8bcf-e72d21cab5ff","D2","8/26/2026 6:08:29 PM"
"4","[""Yes""]","5","40","[""Yes""]","[""Yes""]","14","15","#B76F00","[""Amber""]","","","[""No""]","","","","","","","","","","","","","","","","","","","","","","","","","","","","","","","","B3","8/26/2026 4:41:09 PM","68feee40-9207-11f1-ba24-e7a1a5a09e42","849c9800-9883-4b68-a6ce-a8f79d8ffe87","B3","8/26/2026 4:41:18 PM"
"35","[""No""]","5","30","[""Yes""]","[""Yes""]","6","6","#5F1500","[""Red""]","","","[""Yes""]","https://five.epicollect.net/api/media/mycoponics-porterfield?type=photo&format=entry_original&name=84b0e273-9d8b-43a6-84f2-e1e29279e7b4_1788752801.jpg&v=1788752813","https://five.epicollect.net/api/media/mycoponics-porterfield?type=photo&format=entry_original&name=84b0e273-9d8b-43a6-84f2-e1e29279e7b4_1788752803.jpg&v=1788752813","https://five.epicollect.net/api/media/mycoponics-porterfield?type=photo&format=entry_original&name=84b0e273-9d8b-43a6-84f2-e1e29279e7b4_1788752806.jpg&v=1788752813","https://five.epicollect.net/api/media/mycoponics-porterfield?type=photo&format=entry_original&name=84b0e273-9d8b-43a6-84f2-e1e29279e7b4_1788752807.jpg&v=1788752813","https://five.epicollect.net/api/media/mycoponics-porterfield?type=photo&format=entry_original&name=84b0e273-9d8b-43a6-84f2-e1e29279e7b4_1788752810.jpg&v=1788752813","","","","","","","","","","","","","","","","","","","","","","","","","","","C2","8/26/2026 5:53:40 PM","1a80a1a0-9207-11f1-a488-057d0ae059c0","84b0e273-9d8b-43a6-84f2-e1e29279e7b4","C2","9/7/2026 3:46:53 AM"
"7","[""Yes""]","5","53","[""Yes""]","[""Yes""]","13","13","#444829","[""Green""]","","dark green media with visibly dispersed white specks","[""No""]","","","","","","","","","","","","","","","","","","","","","","","","","","","","","","","","D4","8/26/2026 1:44:53 AM","52680b20-9208-11f1-985c-f79deada967f","84f14608-a383-4279-9310-c946a2aa1302","D4","8/26/2026 1:45:20 AM"
"26","[""No""]","6","20","[""Yes""]","[""Yes""]","14","23","#8E5100","[""Amber""]","","","[""No""]","","","","","","","","","","","","","","","","","","","","","","","","","","","","","","","","B3","8/26/2026 5:12:55 PM","5e7888a0-9207-11f1-aadd-df4879ec2771","85024082-d4f0-4816-8a99-dee68d208d48","B3","8/26/2026 5:13:04 PM"
"0","[""Yes""]","5","55","[""Yes""]","[""Yes""]","8.5","8.5","","[""Amber""]","","Bright yellow, looks clean, concentrated but not much was recollected.","[""Yes""]","https://five.epicollect.net/api/media/mycoponics-porterfield?type=photo&format=entry_original&name=8505dce3-bcfb-483a-a19b-c0bbcf5b8035_1788715527.jpg&v=1788715605","https://five.epicollect.net/api/media/mycoponics-porterfield?type=photo&format=entry_original&name=8505dce3-bcfb-483a-a19b-c0bbcf5b8035_1788715531.jpg&v=1788715605","https://five.epicollect.net/api/media/mycoponics-porterfield?type=photo&format=entry_original&name=8505dce3-bcfb-483a-a19b-c0bbcf5b8035_1788715536.jpg&v=1788715605","https://five.epicollect.net/api/media/mycoponics-porterfield?type=photo&format=entry_original&name=8505dce3-bcfb-483a-a19b-c0bbcf5b8035_1788715541.jpg&v=1788715605","https://five.epicollect.net/api/media/mycoponics-porterfield?type=photo&format=entry_original&name=8505dce3-bcfb-483a-a19b-c0bbcf5b8035_1788715545.jpg&v=1788715605","https://five.epicollect.net/api/media/mycoponics-porterfield?type=photo&format=entry_original&name=8505dce3-bcfb-483a-a19b-c0bbcf5b8035_1788715551.jpg&v=1788715605","https://five.epicollect.net/api/media/mycoponics-porterfield?type=photo&format=entry_original&name=8505dce3-bcfb-483a-a19b-c0bbcf5b8035_1788715557.jpg&v=1788715605","https://five.epicollect.net/api/media/mycoponics-porterfield?type=photo&format=entry_original&name=8505dce3-bcfb-483a-a19b-c0bbcf5b8035_1788715562.jpg&v=1788715605","https://five.epicollect.net/api/media/mycoponics-porterfield?type=photo&format=entry_original&name=8505dce3-bcfb-483a-a19b-c0bbcf5b8035_1788715568.jpg&v=1788715605","https://five.epicollect.net/api/media/mycoponics-porterfield?type=photo&format=entry_original&name=8505dce3-bcfb-483a-a19b-c0bbcf5b8035_1788715574.jpg&v=1788715605","https://five.epicollect.net/api/media/mycoponics-porterfield?type=photo&format=entry_original&name=8505dce3-bcfb-483a-a19b-c0bbcf5b8035_1788715580.jpg&v=1788715605","https://five.epicollect.net/api/media/mycoponics-porterfield?type=photo&format=entry_original&name=8505dce3-bcfb-483a-a19b-c0bbcf5b8035_1788715586.jpg&v=1788715605","https://five.epicollect.net/api/media/mycoponics-porterfield?type=photo&format=entry_original&name=8505dce3-bcfb-483a-a19b-c0bbcf5b8035_1788715591.jpg&v=1788715605","https://five.epicollect.net/api/media/mycoponics-porterfield?type=photo&format=entry_original&name=8505dce3-bcfb-483a-a19b-c0bbcf5b8035_1788715597.jpg&v=1788715605","","","","","","","","","","","","","","","","","","D2","8/29/2026 7:24:22 PM","8b5a78d0-9205-11f1-bc95-0954c57f36fb","8505dce3-bcfb-483a-a19b-c0bbcf5b8035","D2","9/6/2026 5:26:45 PM"
"3","[""Yes""]","10","55","[""No""]","[""No""]","","","","[""Green""]","","","[""Yes""]","https://five.epicollect.net/api/media/mycoponics-porterfield?type=photo&format=entry_original&name=852a1663-e036-405b-aa4b-b54441d9c1be_1788731950.jpg&v=1788732109","https://five.epicollect.net/api/media/mycoponics-porterfield?type=photo&format=entry_original&name=852a1663-e036-405b-aa4b-b54441d9c1be_1788731953.jpg&v=1788732109","https://five.epicollect.net/api/media/mycoponics-porterfield?type=photo&format=entry_original&name=852a1663-e036-405b-aa4b-b54441d9c1be_1788731956.jpg&v=1788732109","https://five.epicollect.net/api/media/mycoponics-porterfield?type=photo&format=entry_original&name=852a1663-e036-405b-aa4b-b54441d9c1be_1788731959.jpg&v=1788732109","https://five.epicollect.net/api/media/mycoponics-porterfield?type=photo&format=entry_original&name=852a1663-e036-405b-aa4b-b54441d9c1be_1788731961.jpg&v=1788732109","https://five.epicollect.net/api/media/mycoponics-porterfield?type=photo&format=entry_original&name=852a1663-e036-405b-aa4b-b54441d9c1be_1788731964.jpg&v=1788732109","https://five.epicollect.net/api/media/mycoponics-porterfield?type=photo&format=entry_original&name=852a1663-e036-405b-aa4b-b54441d9c1be_1788731967.jpg&v=1788732109","https://five.epicollect.net/api/media/mycoponics-porterfield?type=photo&format=entry_original&name=852a1663-e036-405b-aa4b-b54441d9c1be_1788731969.jpg&v=1788732109","https://five.epicollect.net/api/media/mycoponics-porterfield?type=photo&format=entry_original&name=852a1663-e036-405b-aa4b-b54441d9c1be_1788731972.jpg&v=1788732109","https://five.epicollect.net/api/media/mycoponics-porterfield?type=photo&format=entry_original&name=852a1663-e036-405b-aa4b-b54441d9c1be_1788731974.jpg&v=1788732109","https://five.epicollect.net/api/media/mycoponics-porterfield?type=photo&format=entry_original&name=852a1663-e036-405b-aa4b-b54441d9c1be_1788731977.jpg&v=1788732109","https://five.epicollect.net/api/media/mycoponics-porterfield?type=photo&format=entry_original&name=852a1663-e036-405b-aa4b-b54441d9c1be_1788731989.jpg&v=1788732109","https://five.epicollect.net/api/media/mycoponics-porterfield?type=photo&format=entry_original&name=852a1663-e036-405b-aa4b-b54441d9c1be_1788731996.jpg&v=1788732109","https://five.epicollect.net/api/media/mycoponics-porterfield?type=photo&format=entry_original&name=852a1663-e036-405b-aa4b-b54441d9c1be_1788732001.jpg&v=1788732109","https://five.epicollect.net/api/media/mycoponics-porterfield?type=photo&format=entry_original&name=852a1663-e036-405b-aa4b-b54441d9c1be_1788732007.jpg&v=1788732109","https://five.epicollect.net/api/media/mycoponics-porterfield?type=photo&format=entry_original&name=852a1663-e036-405b-aa4b-b54441d9c1be_1788732013.jpg&v=1788732109","https://five.epicollect.net/api/media/mycoponics-porterfield?type=photo&format=entry_original&name=852a1663-e036-405b-aa4b-b54441d9c1be_1788732022.jpg&v=1788732109","https://five.epicollect.net/api/media/mycoponics-porterfield?type=photo&format=entry_original&name=852a1663-e036-405b-aa4b-b54441d9c1be_1788732027.jpg&v=1788732109","https://five.epicollect.net/api/media/mycoponics-porterfield?type=photo&format=entry_original&name=852a1663-e036-405b-aa4b-b54441d9c1be_1788732030.jpg&v=1788732109","https://five.epicollect.net/api/media/mycoponics-porterfield?type=photo&format=entry_original&name=852a1663-e036-405b-aa4b-b54441d9c1be_1788732039.jpg&v=1788732109","https://five.epicollect.net/api/media/mycoponics-porterfield?type=photo&format=entry_original&name=852a1663-e036-405b-aa4b-b54441d9c1be_1788732043.jpg&v=1788732109","https://five.epicollect.net/api/media/mycoponics-porterfield?type=photo&format=entry_original&name=852a1663-e036-405b-aa4b-b54441d9c1be_1788732046.jpg&v=1788732109","https://five.epicollect.net/api/media/mycoponics-porterfield?type=photo&format=entry_original&name=852a1663-e036-405b-aa4b-b54441d9c1be_1788732049.jpg&v=1788732109","https://five.epicollect.net/api/media/mycoponics-porterfield?type=photo&format=entry_original&name=852a1663-e036-405b-aa4b-b54441d9c1be_1788732061.jpg&v=1788732109","https://five.epicollect.net/api/media/mycoponics-porterfield?type=photo&format=entry_original&name=852a1663-e036-405b-aa4b-b54441d9c1be_1788732068.jpg&v=1788732109","https://five.epicollect.net/api/media/mycoponics-porterfield?type=photo&format=entry_original&name=852a1663-e036-405b-aa4b-b54441d9c1be_1788732073.jpg&v=1788732109","","","","","Contamination: Possible. Media notes: we noticed this one had a HOLE near the top of the jar, we sealed it..","D3","8/29/2026 7:19:59 PM","bb647210-9205-11f1-9bf5-b15c7c68ff3f","852a1663-e036-405b-aa4b-b54441d9c1be","D3","9/6/2026 10:01:49 PM"
"29","[""Yes""]","7","53","[""Yes""]","[""Yes""]","14","27","","[]","","","[""No""]","","","","","","","","","","","","","","","","","","","","","","","","","","","","","","","","B4","8/8/2026 11:55:46 PM","59d95668-3574-4d73-87d2-398740f59516","856f4c13-0105-4dac-a6fc-a31e3c5d971c","B4","8/9/2026 1:02:15 AM"
"8","[""No""]","3","5","[""No""]","[""No""]","","","","[""Clear""]","","Looks very dry, bearly some drops on the mycelium","[""No""]","","","","","","","","","","","","","","","","","","","","","","","","","","","","","","","","D2","8/28/2026 12:46:31 PM","4ed1fe00-9206-11f1-b91a-4736f6a951ba","85f35b18-7deb-418b-9bd1-90cb21a0eb96","D2","8/28/2026 12:46:48 PM"
"6","[""Yes""]","12","42","[""Yes""]","[""Yes""]","14.5","27","#AB8F2F","[""Yellow""]","","","[""Yes""]","https://five.epicollect.net/api/media/mycoponics-porterfield?type=photo&format=entry_original&name=86a1e83d-dcb5-4b5b-8416-fd17cc6e01d0_1788748884.jpg&v=1788748970","https://five.epicollect.net/api/media/mycoponics-porterfield?type=photo&format=entry_original&name=86a1e83d-dcb5-4b5b-8416-fd17cc6e01d0_1788748890.jpg&v=1788748970","https://five.epicollect.net/api/media/mycoponics-porterfield?type=photo&format=entry_original&name=86a1e83d-dcb5-4b5b-8416-fd17cc6e01d0_1788748895.jpg&v=1788748970","https://five.epicollect.net/api/media/mycoponics-porterfield?type=photo&format=entry_original&name=86a1e83d-dcb5-4b5b-8416-fd17cc6e01d0_1788748900.jpg&v=1788748970","https://five.epicollect.net/api/media/mycoponics-porterfield?type=photo&format=entry_original&name=86a1e83d-dcb5-4b5b-8416-fd17cc6e01d0_1788748905.jpg&v=1788748970","https://five.epicollect.net/api/media/mycoponics-porterfield?type=photo&format=entry_original&name=86a1e83d-dcb5-4b5b-8416-fd17cc6e01d0_1788748909.jpg&v=1788748970","https://five.epicollect.net/api/media/mycoponics-porterfield?type=photo&format=entry_original&name=86a1e83d-dcb5-4b5b-8416-fd17cc6e01d0_1788748913.jpg&v=1788748970","https://five.epicollect.net/api/media/mycoponics-porterfield?type=photo&format=entry_original&name=86a1e83d-dcb5-4b5b-8416-fd17cc6e01d0_1788748918.jpg&v=1788748970","https://five.epicollect.net/api/media/mycoponics-porterfield?type=photo&format=entry_original&name=86a1e83d-dcb5-4b5b-8416-fd17cc6e01d0_1788748921.jpg&v=1788748970","https://five.epicollect.net/api/media/mycoponics-porterfield?type=photo&format=entry_original&name=86a1e83d-dcb5-4b5b-8416-fd17cc6e01d0_1788748926.jpg&v=1788748970","https://five.epicollect.net/api/media/mycoponics-porterfield?type=photo&format=entry_original&name=86a1e83d-dcb5-4b5b-8416-fd17cc6e01d0_1788748930.jpg&v=1788748970","https://five.epicollect.net/api/media/mycoponics-porterfield?type=photo&format=entry_original&name=86a1e83d-dcb5-4b5b-8416-fd17cc6e01d0_1788748951.jpg&v=1788748970","https://five.epicollect.net/api/media/mycoponics-porterfield?type=photo&format=entry_original&name=86a1e83d-dcb5-4b5b-8416-fd17cc6e01d0_1788748955.jpg&v=1788748970","https://five.epicollect.net/api/media/mycoponics-porterfield?type=photo&format=entry_original&name=86a1e83d-dcb5-4b5b-8416-fd17cc6e01d0_1788748959.jpg&v=1788748970","https://five.epicollect.net/api/media/mycoponics-porterfield?type=photo&format=entry_original&name=86a1e83d-dcb5-4b5b-8416-fd17cc6e01d0_1788748964.jpg&v=1788748970","","","","","","","","","","","","","","","","","A1","8/29/2026 7:05:38 PM","104e6bf0-9206-11f1-9518-87ccf2fafc79","86a1e83d-dcb5-4b5b-8416-fd17cc6e01d0","A1","9/7/2026 2:42:50 AM"
"9","[""No""]","0","9","[""Yes""]","[""No""]","","","","[""Yellow""]","","not collected","[""No""]","","","","","","","","","","","","","","","","","","","","","","","","","","","","","","","","C3","8/29/2026 7:04:24 PM","1adbaf60-9206-11f1-9518-87ccf2fafc79","86ebba11-b7f9-4ed5-b4cd-d580693a111e","C3","8/29/2026 7:04:45 PM"
"27","[""No""]","2","25","[""Yes""]","[""Yes""]","11","11","#554903","[""Green""]","","","[""No""]","","","","","","","","","","","","","","","","","","","","","","","","","","","","","","","","A4","8/26/2026 5:27:01 PM","309c1dc0-9207-11f1-9186-31d4e5d7aabc","874c46d2-2eed-40ee-8e6c-191610a94613","A4","8/26/2026 5:27:06 PM"
"24","[""No""]","4","20","[""Yes""]","[""Yes""]","7","7","#9A4A21","[""Red""]","","Less volume but more concentrated now!!","[""No""]","","","","","","","","","","","","","","","","","","","","","","","","","","","","","","","","A2","8/26/2026 6:18:45 PM","a1eeb1f0-9206-11f1-b07c-23192f0e7dfa","88070597-ecc7-42f1-b3dd-6b6e78cc7d12","A2","8/26/2026 6:18:47 PM"
"39","[""No""]","0","45","[""No""]","[""No""]","","","","[]","","","[""Yes""]","","","","","","","","","","","","","","","","","","","","","","","","","","","","","","","","C4","8/29/2026 7:29:41 PM","7e15b680-9205-11f1-bc95-0954c57f36fb","885ba32f-3f8d-4034-8909-78f275eb991b","C4","8/29/2026 7:29:54 PM"
"34","[""No""]","","34","[""Yes""]","[""Yes""]","13.5","16","#321819","["" Orange""]","","","[""No""]","","","","","","","","","","","","","","","","","","","","","","","","","","","","","","","","A2","8/26/2026 5:21:42 PM","415bd600-9207-11f1-8555-b77c5e5555d6","88cd1861-ada5-4516-a628-eb1e5e38dbdb","A2","8/26/2026 5:21:44 PM"
"28","[""No""]","5","23","[""Yes""]","[""Yes""]","14.5","20","#5C4E11","[""Yellow""]","","very viscous yellow color, surprising for baby fungus, almost brown tinted yellow. very clear, slightly freckled but very clear liquid. cardboard yellow with white flaky, viscous","[""No""]","","","","","","","","","","","","","","","","","","","","","","","","","","","","","","","","A4","8/26/2026 3:02:22 PM","72b6b940-9207-11f1-ba24-e7a1a5a09e42","88ea5d49-6356-4be8-949a-539cdb145c2b","A4","8/26/2026 3:02:27 PM"
"11","[""Yes""]","18","37","[""Yes""]","[""Yes""]","15","43","#6A8343","[""Green""]","","oops... media fully green... but D1?","[""Yes""]","https://five.epicollect.net/api/media/mycoponics-porterfield?type=photo&format=entry_original&name=88ea944f-a57f-4019-93e7-705198dc2b74_1788749766.jpg&v=1788749819","https://five.epicollect.net/api/media/mycoponics-porterfield?type=photo&format=entry_original&name=88ea944f-a57f-4019-93e7-705198dc2b74_1788749769.jpg&v=1788749819","https://five.epicollect.net/api/media/mycoponics-porterfield?type=photo&format=entry_original&name=88ea944f-a57f-4019-93e7-705198dc2b74_1788749772.jpg&v=1788749819","https://five.epicollect.net/api/media/mycoponics-porterfield?type=photo&format=entry_original&name=88ea944f-a57f-4019-93e7-705198dc2b74_1788749775.jpg&v=1788749819","https://five.epicollect.net/api/media/mycoponics-porterfield?type=photo&format=entry_original&name=88ea944f-a57f-4019-93e7-705198dc2b74_1788749778.jpg&v=1788749819","https://five.epicollect.net/api/media/mycoponics-porterfield?type=photo&format=entry_original&name=88ea944f-a57f-4019-93e7-705198dc2b74_1788749781.jpg&v=1788749819","https://five.epicollect.net/api/media/mycoponics-porterfield?type=photo&format=entry_original&name=88ea944f-a57f-4019-93e7-705198dc2b74_1788749784.jpg&v=1788749819","https://five.epicollect.net/api/media/mycoponics-porterfield?type=photo&format=entry_original&name=88ea944f-a57f-4019-93e7-705198dc2b74_1788749787.jpg&v=1788749819","https://five.epicollect.net/api/media/mycoponics-porterfield?type=photo&format=entry_original&name=88ea944f-a57f-4019-93e7-705198dc2b74_1788749790.jpg&v=1788749819","https://five.epicollect.net/api/media/mycoponics-porterfield?type=photo&format=entry_original&name=88ea944f-a57f-4019-93e7-705198dc2b74_1788749793.jpg&v=1788749819","https://five.epicollect.net/api/media/mycoponics-porterfield?type=photo&format=entry_original&name=88ea944f-a57f-4019-93e7-705198dc2b74_1788749796.jpg&v=1788749819","https://five.epicollect.net/api/media/mycoponics-porterfield?type=photo&format=entry_original&name=88ea944f-a57f-4019-93e7-705198dc2b74_1788749799.jpg&v=1788749819","https://five.epicollect.net/api/media/mycoponics-porterfield?type=photo&format=entry_original&name=88ea944f-a57f-4019-93e7-705198dc2b74_1788749802.jpg&v=1788749819","https://five.epicollect.net/api/media/mycoponics-porterfield?type=photo&format=entry_original&name=88ea944f-a57f-4019-93e7-705198dc2b74_1788749805.jpg&v=1788749819","","","","","","","","","","","","","","","","","","D1","8/29/2026 7:05:38 PM","104e6bf0-9206-11f1-9518-87ccf2fafc79","88ea944f-a57f-4019-93e7-705198dc2b74","D1","9/7/2026 2:56:59 AM"
"38","[""No""]","4","34","[""No""]","[""No""]","","","","[""Clear""]","","","[""No""]","","","","","","","","","","","","","","","","","","","","","","","","","","","","","","","","D1","8/26/2026 6:21:45 PM","75fb7970-9206-11f1-a57e-abc999418cec","8917499a-6526-4736-8850-c8fcb125bbcf","D1","8/26/2026 6:22:09 PM"
"29","[""No""]","5","24","[""No""]","[""Yes""]","0","","","[""Green""]","","","[""Yes""]","","","","","","","","","","","","","","","","","","","","","","","","","","","","","","","","C4","8/29/2026 7:19:59 PM","bb647210-9205-11f1-9bf5-b15c7c68ff3f","89530726-f1db-4522-b3ab-a229ff960877","C4","8/29/2026 7:20:17 PM"
"17","[""Yes""]","10","37","[""Yes""]","[""No""]","","","","[""Green""]","","media","[""Yes""]","","","","","","","","","","","","","","","","","","","","","","","","","","","","","","","","B4","8/29/2026 7:05:38 PM","104e6bf0-9206-11f1-9518-87ccf2fafc79","89a2df80-cfbc-4510-9678-92d651428600","B4","8/29/2026 7:05:55 PM"
"25","[""No""]","5","20","[""No""]","[""No""]","","","","[]","","","[""No""]","","","","","","","","","","","","","","","","","","","","","","","","","","","","","","","","A4","8/26/2026 6:11:41 PM","acdfe750-9206-11f1-b07c-23192f0e7dfa","89ad2852-319a-4fbe-987b-a2ea2f1520c0","A4","8/26/2026 6:11:45 PM"
"6","[""Yes""]","7","53","[""Yes""]","[""Yes""]","14","29","#97690C","[""Amber""]","Fibrous/shredded material","Extremely clear liquid, great amber color. fibrous flaky material in there that settles.  ","[""Yes""]","https://five.epicollect.net/api/media/mycoponics-porterfield?type=photo&format=entry_original&name=89bf1d0c-e5c7-4601-9f33-025b5d32d99f_1786118239.jpg&v=1786130848","https://five.epicollect.net/api/media/mycoponics-porterfield?type=photo&format=entry_original&name=89bf1d0c-e5c7-4601-9f33-025b5d32d99f_1786118258.jpg&v=1786130848","https://five.epicollect.net/api/media/mycoponics-porterfield?type=photo&format=entry_original&name=89bf1d0c-e5c7-4601-9f33-025b5d32d99f_1786118274.jpg&v=1786130848","https://five.epicollect.net/api/media/mycoponics-porterfield?type=photo&format=entry_original&name=89bf1d0c-e5c7-4601-9f33-025b5d32d99f_1786118308.jpg&v=1786130848","https://five.epicollect.net/api/media/mycoponics-porterfield?type=photo&format=entry_original&name=89bf1d0c-e5c7-4601-9f33-025b5d32d99f_1786118320.jpg&v=1786130848","https://five.epicollect.net/api/media/mycoponics-porterfield?type=photo&format=entry_original&name=89bf1d0c-e5c7-4601-9f33-025b5d32d99f_1786118343.jpg&v=1786130848","https://five.epicollect.net/api/media/mycoponics-porterfield?type=photo&format=entry_original&name=89bf1d0c-e5c7-4601-9f33-025b5d32d99f_1786118363.jpg&v=1786130848","https://five.epicollect.net/api/media/mycoponics-porterfield?type=photo&format=entry_original&name=89bf1d0c-e5c7-4601-9f33-025b5d32d99f_1786118376.jpg&v=1786130848","https://five.epicollect.net/api/media/mycoponics-porterfield?type=photo&format=entry_original&name=89bf1d0c-e5c7-4601-9f33-025b5d32d99f_1786118390.jpg&v=1786130848","https://five.epicollect.net/api/media/mycoponics-porterfield?type=photo&format=entry_original&name=89bf1d0c-e5c7-4601-9f33-025b5d32d99f_1786118406.jpg&v=1786130848","https://five.epicollect.net/api/media/mycoponics-porterfield?type=photo&format=entry_original&name=89bf1d0c-e5c7-4601-9f33-025b5d32d99f_1786118441.jpg&v=1786130848","https://five.epicollect.net/api/media/mycoponics-porterfield?type=photo&format=entry_original&name=89bf1d0c-e5c7-4601-9f33-025b5d32d99f_1786118452.jpg&v=1786130848","https://five.epicollect.net/api/media/mycoponics-porterfield?type=photo&format=entry_original&name=89bf1d0c-e5c7-4601-9f33-025b5d32d99f_1786118476.jpg&v=1786130848","https://five.epicollect.net/api/media/mycoponics-porterfield?type=photo&format=entry_original&name=89bf1d0c-e5c7-4601-9f33-025b5d32d99f_1786118499.jpg&v=1786130848","","","","","","","","","","","","","","","","","","C1","8/7/2026 4:02:06 PM","351d1278-fe80-48d4-99b7-5df11d522f8d","89bf1d0c-e5c7-4601-9f33-025b5d32d99f","C1","8/7/2026 7:27:28 PM"
"15","[""No""]","5","10","[""No""]","[""No""]","","","","[""Clear""]","","","[""Yes""]","https://five.epicollect.net/api/media/mycoponics-porterfield?type=photo&format=entry_original&name=89d569fd-eec6-4880-9474-1cd65708f83a_1788746070.jpg&v=1788746088","https://five.epicollect.net/api/media/mycoponics-porterfield?type=photo&format=entry_original&name=89d569fd-eec6-4880-9474-1cd65708f83a_1788746075.jpg&v=1788746088","https://five.epicollect.net/api/media/mycoponics-porterfield?type=photo&format=entry_original&name=89d569fd-eec6-4880-9474-1cd65708f83a_1788746081.jpg&v=1788746088","","","","","","","","","","","","","","","","","","","","","","","","","","","","","D3","8/29/2026 7:16:29 PM","d2645ac0-9205-11f1-ba5f-319f359841fc","89d569fd-eec6-4880-9474-1cd65708f83a","D3","9/7/2026 1:54:48 AM"
"","[""Yes""]","","60","[""Yes""]","[""No""]","","","","[]","","IT WAS ALL MEDIA! All blue- this is likely because of the spill from yesterday. 150 mL of media collected from the bottom. Very bad. We now wish to switch to syringe feeding system. We threw out all the media.","[""Yes""]","https://five.epicollect.net/api/media/mycoponics-porterfield?type=photo&format=entry_original&name=8a336bea-c460-446f-9bf7-6ce5afe3495d_1788709626.jpg&v=1788709691","https://five.epicollect.net/api/media/mycoponics-porterfield?type=photo&format=entry_original&name=8a336bea-c460-446f-9bf7-6ce5afe3495d_1788709634.jpg&v=1788709691","https://five.epicollect.net/api/media/mycoponics-porterfield?type=photo&format=entry_original&name=8a336bea-c460-446f-9bf7-6ce5afe3495d_1788709641.jpg&v=1788709691","https://five.epicollect.net/api/media/mycoponics-porterfield?type=photo&format=entry_original&name=8a336bea-c460-446f-9bf7-6ce5afe3495d_1788709648.jpg&v=1788709691","https://five.epicollect.net/api/media/mycoponics-porterfield?type=photo&format=entry_original&name=8a336bea-c460-446f-9bf7-6ce5afe3495d_1788709656.jpg&v=1788709691","https://five.epicollect.net/api/media/mycoponics-porterfield?type=photo&format=entry_original&name=8a336bea-c460-446f-9bf7-6ce5afe3495d_1788709663.jpg&v=1788709691","https://five.epicollect.net/api/media/mycoponics-porterfield?type=photo&format=entry_original&name=8a336bea-c460-446f-9bf7-6ce5afe3495d_1788709682.jpg&v=1788709691","","","","","","","","","","","","","","","","","","","","","","","","Very humid walls, very hard to see fungus. Foggy walls, large droplets, small  droplets, microdroplets. Growing exudophore-like structures that are having suction-like tips, popcorn-like ridges around the fungus, on the fuzzy part, but not budding necessarily. Visible exudate localization- there are sections with orange-ish liquid. There is one area with a large circle of orange-ish exudate localization on the side of a mycelia area, not necessarily on the edge of anything. Besides that, there are some lighter colored, smaller exudate localizations around the edge of the mycelia. Contamination: None. Colonization: Fully colonized (90%). Surface density: Very dense/overgrown/3D structures. Edge activity: Highly active expanding front. Exudophore formation: Visible localized exudates. Exudate localization: Ceramic pores/seams. Localization density: moderate.","A1","8/29/2026 8:58:14 PM","196bdda0-9204-11f1-9262-61c43e67bcf5","8a336bea-c460-446f-9bf7-6ce5afe3495d","A1","9/6/2026 3:48:11 PM"
"11","[""Yes""]","6","40","[""Yes""]","[""Yes""]","15","42","#A5A068","[""Yellow""]","","","[""Yes""]","https://five.epicollect.net/api/media/mycoponics-porterfield?type=photo&format=entry_original&name=8ab9ed4c-e00a-4454-a18c-7e17f369a463_1788749853.jpg&v=1788749952","https://five.epicollect.net/api/media/mycoponics-porterfield?type=photo&format=entry_original&name=8ab9ed4c-e00a-4454-a18c-7e17f369a463_1788749857.jpg&v=1788749952","https://five.epicollect.net/api/media/mycoponics-porterfield?type=photo&format=entry_original&name=8ab9ed4c-e00a-4454-a18c-7e17f369a463_1788749860.jpg&v=1788749952","https://five.epicollect.net/api/media/mycoponics-porterfield?type=photo&format=entry_original&name=8ab9ed4c-e00a-4454-a18c-7e17f369a463_1788749863.jpg&v=1788749952","https://five.epicollect.net/api/media/mycoponics-porterfield?type=photo&format=entry_original&name=8ab9ed4c-e00a-4454-a18c-7e17f369a463_1788749866.jpg&v=1788749952","https://five.epicollect.net/api/media/mycoponics-porterfield?type=photo&format=entry_original&name=8ab9ed4c-e00a-4454-a18c-7e17f369a463_1788749869.jpg&v=1788749952","https://five.epicollect.net/api/media/mycoponics-porterfield?type=photo&format=entry_original&name=8ab9ed4c-e00a-4454-a18c-7e17f369a463_1788749871.jpg&v=1788749952","https://five.epicollect.net/api/media/mycoponics-porterfield?type=photo&format=entry_original&name=8ab9ed4c-e00a-4454-a18c-7e17f369a463_1788749874.jpg&v=1788749952","https://five.epicollect.net/api/media/mycoponics-porterfield?type=photo&format=entry_original&name=8ab9ed4c-e00a-4454-a18c-7e17f369a463_1788749877.jpg&v=1788749952","https://five.epicollect.net/api/media/mycoponics-porterfield?type=photo&format=entry_original&name=8ab9ed4c-e00a-4454-a18c-7e17f369a463_1788749881.jpg&v=1788749952","https://five.epicollect.net/api/media/mycoponics-porterfield?type=photo&format=entry_original&name=8ab9ed4c-e00a-4454-a18c-7e17f369a463_1788749883.jpg&v=1788749952","https://five.epicollect.net/api/media/mycoponics-porterfield?type=photo&format=entry_original&name=8ab9ed4c-e00a-4454-a18c-7e17f369a463_1788749887.jpg&v=1788749952","https://five.epicollect.net/api/media/mycoponics-porterfield?type=photo&format=entry_original&name=8ab9ed4c-e00a-4454-a18c-7e17f369a463_1788749890.jpg&v=1788749952","https://five.epicollect.net/api/media/mycoponics-porterfield?type=photo&format=entry_original&name=8ab9ed4c-e00a-4454-a18c-7e17f369a463_1788749894.jpg&v=1788749952","https://five.epicollect.net/api/media/mycoponics-porterfield?type=photo&format=entry_original&name=8ab9ed4c-e00a-4454-a18c-7e17f369a463_1788749898.jpg&v=1788749952","https://five.epicollect.net/api/media/mycoponics-porterfield?type=photo&format=entry_original&name=8ab9ed4c-e00a-4454-a18c-7e17f369a463_1788749901.jpg&v=1788749952","https://five.epicollect.net/api/media/mycoponics-porterfield?type=photo&format=entry_original&name=8ab9ed4c-e00a-4454-a18c-7e17f369a463_1788749906.jpg&v=1788749952","https://five.epicollect.net/api/media/mycoponics-porterfield?type=photo&format=entry_original&name=8ab9ed4c-e00a-4454-a18c-7e17f369a463_1788749909.jpg&v=1788749952","https://five.epicollect.net/api/media/mycoponics-porterfield?type=photo&format=entry_original&name=8ab9ed4c-e00a-4454-a18c-7e17f369a463_1788749912.jpg&v=1788749952","https://five.epicollect.net/api/media/mycoponics-porterfield?type=photo&format=entry_original&name=8ab9ed4c-e00a-4454-a18c-7e17f369a463_1788749916.jpg&v=1788749952","https://five.epicollect.net/api/media/mycoponics-porterfield?type=photo&format=entry_original&name=8ab9ed4c-e00a-4454-a18c-7e17f369a463_1788749920.jpg&v=1788749952","https://five.epicollect.net/api/media/mycoponics-porterfield?type=photo&format=entry_original&name=8ab9ed4c-e00a-4454-a18c-7e17f369a463_1788749923.jpg&v=1788749952","https://five.epicollect.net/api/media/mycoponics-porterfield?type=photo&format=entry_original&name=8ab9ed4c-e00a-4454-a18c-7e17f369a463_1788749927.jpg&v=1788749952","https://five.epicollect.net/api/media/mycoponics-porterfield?type=photo&format=entry_original&name=8ab9ed4c-e00a-4454-a18c-7e17f369a463_1788749930.jpg&v=1788749952","https://five.epicollect.net/api/media/mycoponics-porterfield?type=photo&format=entry_original&name=8ab9ed4c-e00a-4454-a18c-7e17f369a463_1788749933.jpg&v=1788749952","https://five.epicollect.net/api/media/mycoponics-porterfield?type=photo&format=entry_original&name=8ab9ed4c-e00a-4454-a18c-7e17f369a463_1788749936.jpg&v=1788749952","https://five.epicollect.net/api/media/mycoponics-porterfield?type=photo&format=entry_original&name=8ab9ed4c-e00a-4454-a18c-7e17f369a463_1788749939.jpg&v=1788749952","https://five.epicollect.net/api/media/mycoponics-porterfield?type=photo&format=entry_original&name=8ab9ed4c-e00a-4454-a18c-7e17f369a463_1788749942.jpg&v=1788749952","https://five.epicollect.net/api/media/mycoponics-porterfield?type=photo&format=entry_original&name=8ab9ed4c-e00a-4454-a18c-7e17f369a463_1788749945.jpg&v=1788749952","","","D2","8/29/2026 7:05:38 PM","104e6bf0-9206-11f1-9518-87ccf2fafc79","8ab9ed4c-e00a-4454-a18c-7e17f369a463","D2","9/7/2026 2:59:12 AM"
"17","[""Yes""]","5","55","[""Yes""]","[""Yes""]","14","40","#AC783B","["" Orange""]","","sunset orange clear-ish fluid with extremely small specks (very sparse)","[""No""]","","","","","","","","","","","","","","","","","","","","","","","","","","","","","","","","C2","8/26/2026 1:44:53 AM","52680b20-9208-11f1-985c-f79deada967f","8baa8709-8bcd-48df-9b18-2adf2777682c","C2","8/26/2026 1:45:08 AM"
"","[""Yes""]","","60","[""Yes""]","[""No""]","","","","[""Amber""]","","Very concentrated, but not enough volume to collect, so we will collect tomorrow","[""Yes""]","","","","","","","","","","","","","","","","","","","","","","","","","","","","","","","","D1","8/29/2026 7:35:41 PM","196bdda0-9204-11f1-9262-61c43e67bcf5","8bdc66ef-8a6b-4ad2-8958-cafa777e328b","D1","8/29/2026 7:35:50 PM"
"30","[""No""]","2","28","[""Yes""]","[""Yes""]","3.5","3.5","#816D30","[""Yellow""]","","The humidity has been really low on these chambers, thus the exudate production has decrease a lot, to the point to not produce anything a day.","[""No""]","","","","","","","","","","","","","","","","","","","","","","","","","","","","","","","Contamination: Possible.","C1","8/28/2026 12:49:19 PM","42238840-9206-11f1-b91a-4736f6a951ba","8be2c0ac-5d5f-4373-9a14-256e3d5dca75","C1","8/28/2026 12:49:28 PM"
"16","[""No""]","1","15","[""Yes""]","[""Yes""]","4","4","#8F8455","[""Brown""]","","Not much exudate, they have not been producing much since the humidity was set really low.","[""No""]","","","","","","","","","","","","","","","","","","","","","","","","","","","","","","","","C2","8/28/2026 12:46:31 PM","4ed1fe00-9206-11f1-b91a-4736f6a951ba","8be432c9-2546-48fb-8da7-fb83615c93c6","C2","8/28/2026 12:46:44 PM"
"0","[""Yes""]","0","60","[""Yes""]","[""No""]","","","","[""Clear""]","","Exudates were very diluted with water, so we did not collect. Some water from the humidifier (the humidity was high) went into the jar (not correctly sealed), so it's hard to perceive if exudates were really produced. To combat this, we sealed both containers with tape over the parafilm we added before. 	","[""Yes""]","","","","","","","","","","","","","","","","","","","","","","","","","","","","","","","(I need to find the photos Gemini deleted) Very small droplets around the whole jar (besides being very clear at some sections, which is where I took the photos. The tube is colonized by mold and bacteria combined with fungal mycelium. No branching structures are visible.
Confirmed contamination, Fully colonized (over 90%), Dense, thick mycelial mat, Minimal edge growth, Frequent/multiple exudate sites, Moderate exudation density localized throughout mature central region","A2","8/6/2026 9:41:13 PM","5812f280-91de-11f1-bdff-3dea7edc8549","8bf72340-91df-11f1-bdff-3dea7edc8549","A2","8/7/2026 10:01:54 PM"
"54","[""No""]","4","50","[""Yes""]","[""Yes""]","3","","#93642C","[""Yellow""]","","","[""No""]","","","","","","","","","","","","","","","","","","","","","","","","","","","","","","","","C1","8/26/2026 5:33:34 PM","29a87bd0-9207-11f1-9186-31d4e5d7aabc","8c790b86-ce60-480e-9aca-340f189fa67a","C1","8/26/2026 5:33:45 PM"
"10","[""No""]","0","10","[""Yes""]","[""Yes""]","14","36","","["" Orange""]","","","[""Yes""]","https://five.epicollect.net/api/media/mycoponics-porterfield?type=photo&format=entry_original&name=8c826aef-7ec3-48f9-b4f3-f7b655307a4a_1788719624.jpg&v=1788719648","https://five.epicollect.net/api/media/mycoponics-porterfield?type=photo&format=entry_original&name=8c826aef-7ec3-48f9-b4f3-f7b655307a4a_1788719629.jpg&v=1788719648","https://five.epicollect.net/api/media/mycoponics-porterfield?type=photo&format=entry_original&name=8c826aef-7ec3-48f9-b4f3-f7b655307a4a_1788719633.jpg&v=1788719648","https://five.epicollect.net/api/media/mycoponics-porterfield?type=photo&format=entry_original&name=8c826aef-7ec3-48f9-b4f3-f7b655307a4a_1788719637.jpg&v=1788719648","https://five.epicollect.net/api/media/mycoponics-porterfield?type=photo&format=entry_original&name=8c826aef-7ec3-48f9-b4f3-f7b655307a4a_1788719643.jpg&v=1788719648","","","","","","","","","","","","","","","","","","","","","","","","","","","C2","8/29/2026 7:22:26 PM","a727c810-9205-11f1-bca9-83b388c0a0a4","8c826aef-7ec3-48f9-b4f3-f7b655307a4a","C2","9/6/2026 6:34:08 PM"
"45","[""No""]","5","40","[""Yes""]","[""Yes""]","4.5","4.5","#A37B47","[""Yellow""]","","","[""No""]","","","","","","","","","","","","","","","","","","","","","","","","","","","","","","","Confirmed exudophores are growing and fast. They take time to appear  but once the structure is visible it increases size quickly.  The starting appearance of the exudophore looks like a flower or like the fungi has little arms.","C3","8/26/2026 5:42:07 PM","25278790-9207-11f1-9186-31d4e5d7aabc","8c919c29-b172-47d4-b2ea-f052ce374fc2","C3","8/26/2026 5:42:20 PM"
"15","[""No""]","","","[""Yes""]","[""Yes""]","13.5","35","#6d7047","[""Lime""]","","prob most media","[""Yes""]","https://five.epicollect.net/api/media/mycoponics-porterfield?type=photo&format=entry_original&name=8cc6cfcd-47a7-468a-a30a-0dccb96587e2_1788753353.jpg&v=1788753363","https://five.epicollect.net/api/media/mycoponics-porterfield?type=photo&format=entry_original&name=8cc6cfcd-47a7-468a-a30a-0dccb96587e2_1788753355.jpg&v=1788753363","","","","","","","","","","","","","","","","","","","","","","","","","","","","","","D4","8/26/2026 5:20:18 PM","45476810-9207-11f1-8555-b77c5e5555d6","8cc6cfcd-47a7-468a-a30a-0dccb96587e2","D4","9/7/2026 3:56:03 AM"
"5","[""Yes""]","5","49","[""Yes""]","[""Yes""]","6.5","6.5","#877b51","[""Pale""]","","pale lime","[""No""]","","","","","","","","","","","","","","","","","","","","","","","","","","","","","","","","B3","8/26/2026 5:14:40 PM","58fce0b0-9207-11f1-aadd-df4879ec2771","8cd451a1-f44a-4d66-85db-4f866a229f75","B3","8/26/2026 5:14:48 PM"
"11","[""Yes""]","13","38","[""No""]","[""No""]","","","","[""Green""]","","","[""Yes""]","","","","","","","","","","","","","","","","","","","","","","","","","","","","","","","","D4","8/29/2026 7:19:59 PM","bb647210-9205-11f1-9bf5-b15c7c68ff3f","8cef452d-93e2-4105-ba31-eccef3704b4c","D4","8/29/2026 7:20:23 PM"
"42","[""No""]","-35","35","[""No""]","[""No""]","","","","[]","","","[""No""]","","","","","","","","","","","","","","","","","","","","","","","","","","","","","","","","D4","8/26/2026 1:20:01 AM","59ab7ac0-9208-11f1-bc48-c9fd0cd355af","8d4bb123-5c81-42b9-bfe0-4c79f8916563","D4","8/26/2026 1:20:20 AM"
"8","[""Yes""]","5","45","[""No""]","[""Yes""]","6","6","#3D4028","[""Clear""]","","","[""Yes""]","https://five.epicollect.net/api/media/mycoponics-porterfield?type=photo&format=entry_original&name=8d4bfba5-7f7c-4558-bf6f-cff6002ba9eb_1788750660.jpg&v=1788750684","https://five.epicollect.net/api/media/mycoponics-porterfield?type=photo&format=entry_original&name=8d4bfba5-7f7c-4558-bf6f-cff6002ba9eb_1788750666.jpg&v=1788750684","https://five.epicollect.net/api/media/mycoponics-porterfield?type=photo&format=entry_original&name=8d4bfba5-7f7c-4558-bf6f-cff6002ba9eb_1788750671.jpg&v=1788750684","https://five.epicollect.net/api/media/mycoponics-porterfield?type=photo&format=entry_original&name=8d4bfba5-7f7c-4558-bf6f-cff6002ba9eb_1788750676.jpg&v=1788750684","","","","","","","","","","","","","","","","","","","","","","","","","","","The contamination part has many red droplets, which also seems due to the high humidity chamber. In the bottom, where the mycelium is mostly growing without the mold. there is some amber droplets starting to form. Additionally, there  is some noddles forming in the bottom that look like spheres, could be a exudophoore or fruting structures. Contamination: None. Colonization: Fully colonized (over 90%). Surface density: Very dense/overgrown/3D structures. Edge activity: Moderate active growth. Exudophore formation: Branching structures are forming. Localization density: moderate. Odor: None.","B1","8/29/2026 9:28:46 PM","559b5ba0-9206-11f1-b91a-4736f6a951ba","8d4bfba5-7f7c-4558-bf6f-cff6002ba9eb","B1","9/7/2026 3:11:24 AM"
"26","[""Yes""]","13","57","[""Yes""]","[""Yes""]","14.5","21","#6c4713","[""Brown""]","","","[""Yes""]","https://five.epicollect.net/api/media/mycoponics-porterfield?type=photo&format=entry_original&name=8d631be3-c42f-4621-8aba-6e00c558f895_1788748321.jpg&v=1788748367","https://five.epicollect.net/api/media/mycoponics-porterfield?type=photo&format=entry_original&name=8d631be3-c42f-4621-8aba-6e00c558f895_1788748326.jpg&v=1788748367","https://five.epicollect.net/api/media/mycoponics-porterfield?type=photo&format=entry_original&name=8d631be3-c42f-4621-8aba-6e00c558f895_1788748329.jpg&v=1788748367","https://five.epicollect.net/api/media/mycoponics-porterfield?type=photo&format=entry_original&name=8d631be3-c42f-4621-8aba-6e00c558f895_1788748332.jpg&v=1788748367","https://five.epicollect.net/api/media/mycoponics-porterfield?type=photo&format=entry_original&name=8d631be3-c42f-4621-8aba-6e00c558f895_1788748335.jpg&v=1788748367","https://five.epicollect.net/api/media/mycoponics-porterfield?type=photo&format=entry_original&name=8d631be3-c42f-4621-8aba-6e00c558f895_1788748338.jpg&v=1788748367","https://five.epicollect.net/api/media/mycoponics-porterfield?type=photo&format=entry_original&name=8d631be3-c42f-4621-8aba-6e00c558f895_1788748342.jpg&v=1788748367","https://five.epicollect.net/api/media/mycoponics-porterfield?type=photo&format=entry_original&name=8d631be3-c42f-4621-8aba-6e00c558f895_1788748345.jpg&v=1788748367","https://five.epicollect.net/api/media/mycoponics-porterfield?type=photo&format=entry_original&name=8d631be3-c42f-4621-8aba-6e00c558f895_1788748348.jpg&v=1788748367","https://five.epicollect.net/api/media/mycoponics-porterfield?type=photo&format=entry_original&name=8d631be3-c42f-4621-8aba-6e00c558f895_1788748352.jpg&v=1788748367","https://five.epicollect.net/api/media/mycoponics-porterfield?type=photo&format=entry_original&name=8d631be3-c42f-4621-8aba-6e00c558f895_1788748356.jpg&v=1788748367","","","","","","","","","","","","","","","","","","","","","B1","8/29/2026 7:08:22 PM","dac34c80-9205-11f1-ba5f-319f359841fc","8d631be3-c42f-4621-8aba-6e00c558f895","B1","9/7/2026 2:32:47 AM"
"56","[""No""]","0","56","[""No""]","[""No""]","","","","[]","","(ADDED TO CHAMBER TODAY)","[""Yes""]","","","","","","","","","","","","","","","","","","","","","","","","","","","","","","","","C3","8/29/2026 7:22:26 PM","a727c810-9205-11f1-bca9-83b388c0a0a4","8d823d28-2411-46a0-a190-53030e56521a","C3","8/29/2026 7:22:48 PM"
"1","[""Yes""]","5","55","[""Yes""]","[""No""]","","","","[""Yellow""]","","","[""No""]","","","","","","","","","","","","","","","","","","","","","","","","","","","","","","","","B4","8/26/2026 4:07:05 PM","6e4c3330-9207-11f1-ba24-e7a1a5a09e42","8e6fa20d-5d81-4712-85c0-edf2d47f0ad2","B4","8/26/2026 4:07:16 PM"
"3","[""Yes""]","10","47","[""Yes""]","[""Yes""]","14.3","39.3","#695203","[""Yellow Brownish (cardboard)""]","","brown yellow. has a few pellet-like chunks of greenish/tannish pieces. same color as other D chambers, but dif texture ish.","[""No""]","","","","","","","","","","","","","","","","","","","","","","","","","","","","","","","","D1","8/26/2026 12:32:51 PM","3a1d2be0-9208-11f1-9ae6-cbe624cafba5","8ecb83ae-6e49-4e36-8f10-3804b24c757a","D1","8/26/2026 12:33:06 PM"
"23","[""No""]","5","18","[""Yes""]","[""Yes""]","14","16","#A1761E","[]","","","[""No""]","","","","","","","","","","","","","","","","","","","","","","","","","","","","","","","","B3","8/26/2026 6:04:58 PM","b3b1f780-9206-11f1-b07c-23192f0e7dfa","8eec9095-5750-48be-ade9-2ce663062734","B3","8/26/2026 6:05:07 PM"
"31","[""No""]","1","30","[""Yes""]","[""Yes""]","15","15","#AD7300","[""Amber""]","","","[""No""]","","","","","","","","","","","","","","","","","","","","","","","","","","","","","","","","B2","8/26/2026 6:00:31 PM","16818790-9207-11f1-a488-057d0ae059c0","8f7d1666-3d42-4938-a531-46c7eaaa06b2","B2","8/26/2026 6:00:39 PM"
"53","[""No""]","5","48","[""Yes""]","[""Yes""]","10","10","#775B24","["" Orange""]","","a larger black speck at the bottom, clear-ish liquid besides dark dots widely dispersed","[""No""]","","","","","","","","","","","","","","","","","","","","","","","","","","","","","","","","C2","8/26/2026 12:50:07 PM","9dd3dd10-9207-11f1-b651-5d6fce51deb5","8fafd155-a66a-4ab5-9b3d-8827e99fda69","C2","8/26/2026 12:50:19 PM"
"5","[""Yes""]","3","50","[""No""]","[""No""]","","","","[]","","","[""No""]","","","","","","","","","","","","","","","","","","","","","","","","","","","","","","","","D2","8/26/2026 6:11:41 PM","acdfe750-9206-11f1-b07c-23192f0e7dfa","8fdb6966-4d46-45ca-a18f-2c5a6f15459b","D2","8/26/2026 6:11:59 PM"
"10","[""No""]","2","8","[""Yes""]","[""Yes""]","8","8","#494521","[""Brown""]","","The exudat elooks green/brown and it is pretty dark and concentrated.","[""No""]","","","","","","","","","","","","","","","","","","","","","","","","","","","","","","","","B1","8/28/2026 12:46:31 PM","4ed1fe00-9206-11f1-b91a-4736f6a951ba","90402e27-f614-4ab4-b4b7-78659711f207","B1","8/28/2026 12:46:37 PM"
"10","[""No""]","2","8","[""No""]","[""No""]","","","","[""Clear""]","","No exudates","[""Yes""]","https://five.epicollect.net/api/media/mycoponics-porterfield?type=photo&format=entry_original&name=90c1557c-e2c0-406d-a437-fa180f05fbba_1788750527.jpg&v=1788750616","https://five.epicollect.net/api/media/mycoponics-porterfield?type=photo&format=entry_original&name=90c1557c-e2c0-406d-a437-fa180f05fbba_1788750595.jpg&v=1788750616","https://five.epicollect.net/api/media/mycoponics-porterfield?type=photo&format=entry_original&name=90c1557c-e2c0-406d-a437-fa180f05fbba_1788750599.jpg&v=1788750616","https://five.epicollect.net/api/media/mycoponics-porterfield?type=photo&format=entry_original&name=90c1557c-e2c0-406d-a437-fa180f05fbba_1788750604.jpg&v=1788750616","https://five.epicollect.net/api/media/mycoponics-porterfield?type=photo&format=entry_original&name=90c1557c-e2c0-406d-a437-fa180f05fbba_1788750608.jpg&v=1788750616","","","","","","","","","","","","","","","","","","","","","","","","","","Mycelium fully covered the tube, ,looks helalthy and not contaminated. There is some blue drops on the mycelium, which probably means that some media is leaking. There is also yellow coloration in some areas, but not droplets, exudophores might start forming. Contamination: None. Colonization: Extensive colonization (60-90%). Surface density: Moderate fluffy coverage. Edge activity: Moderate active growth. Exudophore formation: None. Localization density: sparse. Odor: None.","A3","8/28/2026 3:25:09 AM","559b5ba0-9206-11f1-b91a-4736f6a951ba","90c1557c-e2c0-406d-a437-fa180f05fbba","A3","9/7/2026 3:10:16 AM"
"8","[""Yes""]","6","44","[""Yes""]","[""No""]","","","","[""Green""]","","media","[""Yes""]","https://five.epicollect.net/api/media/mycoponics-porterfield?type=photo&format=entry_original&name=90c3508a-312e-49ac-bbd5-69e8dbc550d3_1788749099.jpg&v=1788749204","https://five.epicollect.net/api/media/mycoponics-porterfield?type=photo&format=entry_original&name=90c3508a-312e-49ac-bbd5-69e8dbc550d3_1788749104.jpg&v=1788749204","https://five.epicollect.net/api/media/mycoponics-porterfield?type=photo&format=entry_original&name=90c3508a-312e-49ac-bbd5-69e8dbc550d3_1788749109.jpg&v=1788749204","https://five.epicollect.net/api/media/mycoponics-porterfield?type=photo&format=entry_original&name=90c3508a-312e-49ac-bbd5-69e8dbc550d3_1788749113.jpg&v=1788749204","https://five.epicollect.net/api/media/mycoponics-porterfield?type=photo&format=entry_original&name=90c3508a-312e-49ac-bbd5-69e8dbc550d3_1788749118.jpg&v=1788749204","https://five.epicollect.net/api/media/mycoponics-porterfield?type=photo&format=entry_original&name=90c3508a-312e-49ac-bbd5-69e8dbc550d3_1788749123.jpg&v=1788749204","https://five.epicollect.net/api/media/mycoponics-porterfield?type=photo&format=entry_original&name=90c3508a-312e-49ac-bbd5-69e8dbc550d3_1788749139.jpg&v=1788749204","https://five.epicollect.net/api/media/mycoponics-porterfield?type=photo&format=entry_original&name=90c3508a-312e-49ac-bbd5-69e8dbc550d3_1788749146.jpg&v=1788749204","https://five.epicollect.net/api/media/mycoponics-porterfield?type=photo&format=entry_original&name=90c3508a-312e-49ac-bbd5-69e8dbc550d3_1788749154.jpg&v=1788749204","https://five.epicollect.net/api/media/mycoponics-porterfield?type=photo&format=entry_original&name=90c3508a-312e-49ac-bbd5-69e8dbc550d3_1788749158.jpg&v=1788749204","https://five.epicollect.net/api/media/mycoponics-porterfield?type=photo&format=entry_original&name=90c3508a-312e-49ac-bbd5-69e8dbc550d3_1788749163.jpg&v=1788749204","https://five.epicollect.net/api/media/mycoponics-porterfield?type=photo&format=entry_original&name=90c3508a-312e-49ac-bbd5-69e8dbc550d3_1788749169.jpg&v=1788749204","","","","","","","","","","","","","","","","","","","","A3","8/29/2026 7:05:38 PM","104e6bf0-9206-11f1-9518-87ccf2fafc79","90c3508a-312e-49ac-bbd5-69e8dbc550d3","A3","9/7/2026 2:46:44 AM"
"10","[""Yes""]","3","32","[""No""]","[""Yes""]","11","11","#787033","[""Yellow""]","","Seems clean.","[""No""]","","","","","","","","","","","","","","","","","","","","","","","","","","","","","","","","B2","8/28/2026 12:46:31 PM","4ed1fe00-9206-11f1-b91a-4736f6a951ba","90eba1e7-2f49-458e-951a-e650d6eb8bd4","B2","8/28/2026 12:46:39 PM"
"11","[""Yes""]","5","51","[""Yes""]","[""Yes""]","13.5","13.5","#AF7005","[""Amber""]","","amber orange-ish, pretty clear, dirt-like specks around. (very sparse)","[""No""]","","","","","","","","","","","","","","","","","","","","","","","","","","","","","","","","B1","8/26/2026 1:44:53 AM","52680b20-9208-11f1-985c-f79deada967f","91680b35-79da-473d-9009-fa5943e93d39","B1","8/26/2026 1:44:58 AM"
"44","[""No""]","9","29","[""Yes""]","[""Yes""]","14","16","#8A7E46","[""Yellow Brownish (cardboard)""]","","a larger black speck at the bottom, clear-ish liquid besides dark dots widely dispersed","[""No""]","","","","","","","","","","","","","","","","","","","","","","","","","","","","","","","","C3","8/26/2026 12:50:07 PM","9dd3dd10-9207-11f1-b651-5d6fce51deb5","91d6d821-0ace-42c3-95dd-797a7b51e40f","C3","8/26/2026 12:50:20 PM"
"31","[""No""]","-22","22","[""Yes""]","[""Yes""]","14","31","#756729","[""Yellow""]","","","[""No""]","","","","","","","","","","","","","","","","","","","","","","","","","","","","","","","","D2","8/26/2026 1:20:01 AM","59ab7ac0-9208-11f1-bc48-c9fd0cd355af","92323572-2a6d-4b51-af72-a27f5651885a","D2","8/26/2026 1:20:17 AM"
"45","[""No""]","5","40","[""Yes""]","[""Yes""]","10.5","10.5","","[""Red""]","","Intense coloration, no water leak is detected, not even one vial was filled.","[""Yes""]","https://five.epicollect.net/api/media/mycoponics-porterfield?type=photo&format=entry_original&name=92519800-44f6-4f5d-8f3c-689f1ed2a97e_1788715315.jpg&v=1788715339","https://five.epicollect.net/api/media/mycoponics-porterfield?type=photo&format=entry_original&name=92519800-44f6-4f5d-8f3c-689f1ed2a97e_1788715324.jpg&v=1788715339","https://five.epicollect.net/api/media/mycoponics-porterfield?type=photo&format=entry_original&name=92519800-44f6-4f5d-8f3c-689f1ed2a97e_1788715329.jpg&v=1788715339","https://five.epicollect.net/api/media/mycoponics-porterfield?type=photo&format=entry_original&name=92519800-44f6-4f5d-8f3c-689f1ed2a97e_1788715333.jpg&v=1788715339","","","","","","","","","","","","","","","","","","","","","","","","","","","","C2","8/29/2026 7:24:22 PM","8b5a78d0-9205-11f1-bc95-0954c57f36fb","92519800-44f6-4f5d-8f3c-689f1ed2a97e","C2","9/6/2026 5:22:19 PM"
"32","[""No""]","0","31","[""Yes""]","[""Yes""]","13.5","13.5","#8f632b","["" Orange""]","","white & red mycelia","[""Yes""]","https://five.epicollect.net/api/media/mycoponics-porterfield?type=photo&format=entry_original&name=9258e8f3-d452-422d-ad4b-738db208612d_1788745586.jpg&v=1788745725","https://five.epicollect.net/api/media/mycoponics-porterfield?type=photo&format=entry_original&name=9258e8f3-d452-422d-ad4b-738db208612d_1788745594.jpg&v=1788745725","https://five.epicollect.net/api/media/mycoponics-porterfield?type=photo&format=entry_original&name=9258e8f3-d452-422d-ad4b-738db208612d_1788745598.jpg&v=1788745725","https://five.epicollect.net/api/media/mycoponics-porterfield?type=photo&format=entry_original&name=9258e8f3-d452-422d-ad4b-738db208612d_1788745601.jpg&v=1788745725","https://five.epicollect.net/api/media/mycoponics-porterfield?type=photo&format=entry_original&name=9258e8f3-d452-422d-ad4b-738db208612d_1788745605.jpg&v=1788745725","https://five.epicollect.net/api/media/mycoponics-porterfield?type=photo&format=entry_original&name=9258e8f3-d452-422d-ad4b-738db208612d_1788745608.jpg&v=1788745725","https://five.epicollect.net/api/media/mycoponics-porterfield?type=photo&format=entry_original&name=9258e8f3-d452-422d-ad4b-738db208612d_1788745611.jpg&v=1788745725","https://five.epicollect.net/api/media/mycoponics-porterfield?type=photo&format=entry_original&name=9258e8f3-d452-422d-ad4b-738db208612d_1788745617.jpg&v=1788745725","https://five.epicollect.net/api/media/mycoponics-porterfield?type=photo&format=entry_original&name=9258e8f3-d452-422d-ad4b-738db208612d_1788745628.jpg&v=1788745725","https://five.epicollect.net/api/media/mycoponics-porterfield?type=photo&format=entry_original&name=9258e8f3-d452-422d-ad4b-738db208612d_1788745633.jpg&v=1788745725","https://five.epicollect.net/api/media/mycoponics-porterfield?type=photo&format=entry_original&name=9258e8f3-d452-422d-ad4b-738db208612d_1788745638.jpg&v=1788745725","https://five.epicollect.net/api/media/mycoponics-porterfield?type=photo&format=entry_original&name=9258e8f3-d452-422d-ad4b-738db208612d_1788745641.jpg&v=1788745725","https://five.epicollect.net/api/media/mycoponics-porterfield?type=photo&format=entry_original&name=9258e8f3-d452-422d-ad4b-738db208612d_1788745644.jpg&v=1788745725","https://five.epicollect.net/api/media/mycoponics-porterfield?type=photo&format=entry_original&name=9258e8f3-d452-422d-ad4b-738db208612d_1788745647.jpg&v=1788745725","https://five.epicollect.net/api/media/mycoponics-porterfield?type=photo&format=entry_original&name=9258e8f3-d452-422d-ad4b-738db208612d_1788745650.jpg&v=1788745725","https://five.epicollect.net/api/media/mycoponics-porterfield?type=photo&format=entry_original&name=9258e8f3-d452-422d-ad4b-738db208612d_1788745652.jpg&v=1788745725","https://five.epicollect.net/api/media/mycoponics-porterfield?type=photo&format=entry_original&name=9258e8f3-d452-422d-ad4b-738db208612d_1788745655.jpg&v=1788745725","https://five.epicollect.net/api/media/mycoponics-porterfield?type=photo&format=entry_original&name=9258e8f3-d452-422d-ad4b-738db208612d_1788745658.jpg&v=1788745725","https://five.epicollect.net/api/media/mycoponics-porterfield?type=photo&format=entry_original&name=9258e8f3-d452-422d-ad4b-738db208612d_1788745663.jpg&v=1788745725","https://five.epicollect.net/api/media/mycoponics-porterfield?type=photo&format=entry_original&name=9258e8f3-d452-422d-ad4b-738db208612d_1788745666.jpg&v=1788745725","https://five.epicollect.net/api/media/mycoponics-porterfield?type=photo&format=entry_original&name=9258e8f3-d452-422d-ad4b-738db208612d_1788745669.jpg&v=1788745725","https://five.epicollect.net/api/media/mycoponics-porterfield?type=photo&format=entry_original&name=9258e8f3-d452-422d-ad4b-738db208612d_1788745677.jpg&v=1788745725","https://five.epicollect.net/api/media/mycoponics-porterfield?type=photo&format=entry_original&name=9258e8f3-d452-422d-ad4b-738db208612d_1788745681.jpg&v=1788745725","https://five.epicollect.net/api/media/mycoponics-porterfield?type=photo&format=entry_original&name=9258e8f3-d452-422d-ad4b-738db208612d_1788745684.jpg&v=1788745725","https://five.epicollect.net/api/media/mycoponics-porterfield?type=photo&format=entry_original&name=9258e8f3-d452-422d-ad4b-738db208612d_1788745693.jpg&v=1788745725","https://five.epicollect.net/api/media/mycoponics-porterfield?type=photo&format=entry_original&name=9258e8f3-d452-422d-ad4b-738db208612d_1788745698.jpg&v=1788745725","https://five.epicollect.net/api/media/mycoponics-porterfield?type=photo&format=entry_original&name=9258e8f3-d452-422d-ad4b-738db208612d_1788745704.jpg&v=1788745725","https://five.epicollect.net/api/media/mycoponics-porterfield?type=photo&format=entry_original&name=9258e8f3-d452-422d-ad4b-738db208612d_1788745708.jpg&v=1788745725","https://five.epicollect.net/api/media/mycoponics-porterfield?type=photo&format=entry_original&name=9258e8f3-d452-422d-ad4b-738db208612d_1788745717.jpg&v=1788745725","https://five.epicollect.net/api/media/mycoponics-porterfield?type=photo&format=entry_original&name=9258e8f3-d452-422d-ad4b-738db208612d_1788745720.jpg&v=1788745725","","C2","8/29/2026 7:16:29 PM","d2645ac0-9205-11f1-ba5f-319f359841fc","9258e8f3-d452-422d-ad4b-738db208612d","C2","9/7/2026 1:48:45 AM"
"20","[""No""]","5","15","[""No""]","[""No""]","","","","[]","","fully colonized and a lot of drops but not exudates. There is a tiny yellow area that seems to be growing and might produce exudates.","[""Yes""]","https://five.epicollect.net/api/media/mycoponics-porterfield?type=photo&format=entry_original&name=925b4107-bbaa-478a-ae6a-a72964eecfad_1788746503.jpg&v=1788747078","https://five.epicollect.net/api/media/mycoponics-porterfield?type=photo&format=entry_original&name=925b4107-bbaa-478a-ae6a-a72964eecfad_1788746509.jpg&v=1788747078","https://five.epicollect.net/api/media/mycoponics-porterfield?type=photo&format=entry_original&name=925b4107-bbaa-478a-ae6a-a72964eecfad_1788746515.jpg&v=1788747078","https://five.epicollect.net/api/media/mycoponics-porterfield?type=photo&format=entry_original&name=925b4107-bbaa-478a-ae6a-a72964eecfad_1788746520.jpg&v=1788747078","","","","","","","","","","","","","","","","","","","","","","","","","","","The tube is fully colonized, fuzzy mycelium everywhere. Contamination: None.","A3","8/29/2026 7:09:34 PM","d76eca50-9205-11f1-ba5f-319f359841fc","925b4107-bbaa-478a-ae6a-a72964eecfad","A3","9/7/2026 2:11:18 AM"
"38","[""Yes""]","5","62","[""Yes""]","[""Yes""]","14","37","#845E0D","[""Yellow Brownish (cardboard)""]","Grey specks","Extremely viscous, hard to see, gelatin-like texture.","[""No""]","","","","","","","","","","","","","","","","","","","","","","","","","","","","","","","Chamber D humidifier turned off for a bit (the screen) but worked by the end. Also, today the data was taken at 7-10pm rather than the usual 9-11am, which should be considered. ","D4","8/9/2026 1:20:57 AM","59d95668-3574-4d73-87d2-398740f59516","92d21050-9390-11f1-980d-15be76c05b3d","D4","8/20/2026 1:45:38 AM"
"36","[""No""]","8","26","[""Yes""]","[""Yes""]","14","26","#844600","["" Orange""]","Fibrous/shredded material","Lots of exudates stuck in the parafilm. Sand-like flakiness in the liquid. One piece of mycelia shaped like a small leaf, seemingly with the thickness/texture of a piece of sandpaper.","[""Yes""]","https://five.epicollect.net/api/media/mycoponics-porterfield?type=photo&format=entry_original&name=9315bf0c-ed18-4c9a-bdc3-5af734b7d043_1786113131.jpg&v=1786135230","https://five.epicollect.net/api/media/mycoponics-porterfield?type=photo&format=entry_original&name=9315bf0c-ed18-4c9a-bdc3-5af734b7d043_1786113155.jpg&v=1786135230","https://five.epicollect.net/api/media/mycoponics-porterfield?type=photo&format=entry_original&name=9315bf0c-ed18-4c9a-bdc3-5af734b7d043_1786113180.jpg&v=1786135230","https://five.epicollect.net/api/media/mycoponics-porterfield?type=photo&format=entry_original&name=9315bf0c-ed18-4c9a-bdc3-5af734b7d043_1786113221.jpg&v=1786135230","https://five.epicollect.net/api/media/mycoponics-porterfield?type=photo&format=entry_original&name=9315bf0c-ed18-4c9a-bdc3-5af734b7d043_1786113238.jpg&v=1786135230","https://five.epicollect.net/api/media/mycoponics-porterfield?type=photo&format=entry_original&name=9315bf0c-ed18-4c9a-bdc3-5af734b7d043_1786113250.jpg&v=1786135230","https://five.epicollect.net/api/media/mycoponics-porterfield?type=photo&format=entry_original&name=9315bf0c-ed18-4c9a-bdc3-5af734b7d043_1786113299.jpg&v=1786135230","https://five.epicollect.net/api/media/mycoponics-porterfield?type=photo&format=entry_original&name=9315bf0c-ed18-4c9a-bdc3-5af734b7d043_1786113329.jpg&v=1786135230","https://five.epicollect.net/api/media/mycoponics-porterfield?type=photo&format=entry_original&name=9315bf0c-ed18-4c9a-bdc3-5af734b7d043_1786113356.jpg&v=1786135230","https://five.epicollect.net/api/media/mycoponics-porterfield?type=photo&format=entry_original&name=9315bf0c-ed18-4c9a-bdc3-5af734b7d043_1786113377.jpg&v=1786135230","https://five.epicollect.net/api/media/mycoponics-porterfield?type=photo&format=entry_original&name=9315bf0c-ed18-4c9a-bdc3-5af734b7d043_1786113392.jpg&v=1786135230","https://five.epicollect.net/api/media/mycoponics-porterfield?type=photo&format=entry_original&name=9315bf0c-ed18-4c9a-bdc3-5af734b7d043_1786113422.jpg&v=1786135230","https://five.epicollect.net/api/media/mycoponics-porterfield?type=photo&format=entry_original&name=9315bf0c-ed18-4c9a-bdc3-5af734b7d043_1786113462.jpg&v=1786135230","https://five.epicollect.net/api/media/mycoponics-porterfield?type=photo&format=entry_original&name=9315bf0c-ed18-4c9a-bdc3-5af734b7d043_1786113504.jpg&v=1786135230","","","","","","","","","","","","","","","","","Green contamination on very bottom which is new. But the mycelia seems to have beat a lot of the contamination.","A2","8/7/2026 2:39:53 PM","351d1278-fe80-48d4-99b7-5df11d522f8d","9315bf0c-ed18-4c9a-bdc3-5af734b7d043","A2","8/7/2026 8:40:30 PM"
"2","[""Yes""]","10","47","[""No""]","[""Yes""]","14","25.5","#8c7916","[""Yellow""]","","yellow color, cloudy, has much brown/green-ish dirt-like flakiness","[""No""]","","","","","","","","","","","","","","","","","","","","","","","","","","","","","","","","D2","8/26/2026 2:55:00 PM","7621f7c0-9207-11f1-ba24-e7a1a5a09e42","9349201e-d97b-4536-b286-e59377f84722","D2","8/26/2026 2:55:22 PM"
"24","[""Yes""]","4","54","[""Yes""]","[""Yes""]","14","25","#a5ab61","[""Green""]","","No strong smell, no signs of leaking, so media was not leaking through filters, so why is it green? It could be that it ate too much media, but it does not seem like that. (Pic in drive)","[""Yes""]","https://five.epicollect.net/api/media/mycoponics-porterfield?type=photo&format=entry_original&name=935d778a-0758-47b5-9d73-f8576aa13787_1788711893.jpg&v=1788711926","https://five.epicollect.net/api/media/mycoponics-porterfield?type=photo&format=entry_original&name=935d778a-0758-47b5-9d73-f8576aa13787_1788711896.jpg&v=1788711926","https://five.epicollect.net/api/media/mycoponics-porterfield?type=photo&format=entry_original&name=935d778a-0758-47b5-9d73-f8576aa13787_1788711899.jpg&v=1788711926","https://five.epicollect.net/api/media/mycoponics-porterfield?type=photo&format=entry_original&name=935d778a-0758-47b5-9d73-f8576aa13787_1788711901.jpg&v=1788711926","https://five.epicollect.net/api/media/mycoponics-porterfield?type=photo&format=entry_original&name=935d778a-0758-47b5-9d73-f8576aa13787_1788711903.jpg&v=1788711926","https://five.epicollect.net/api/media/mycoponics-porterfield?type=photo&format=entry_original&name=935d778a-0758-47b5-9d73-f8576aa13787_1788711906.jpg&v=1788711926","https://five.epicollect.net/api/media/mycoponics-porterfield?type=photo&format=entry_original&name=935d778a-0758-47b5-9d73-f8576aa13787_1788711908.jpg&v=1788711926","https://five.epicollect.net/api/media/mycoponics-porterfield?type=photo&format=entry_original&name=935d778a-0758-47b5-9d73-f8576aa13787_1788711911.jpg&v=1788711926","https://five.epicollect.net/api/media/mycoponics-porterfield?type=photo&format=entry_original&name=935d778a-0758-47b5-9d73-f8576aa13787_1788711913.jpg&v=1788711926","https://five.epicollect.net/api/media/mycoponics-porterfield?type=photo&format=entry_original&name=935d778a-0758-47b5-9d73-f8576aa13787_1788711916.jpg&v=1788711926","https://five.epicollect.net/api/media/mycoponics-porterfield?type=photo&format=entry_original&name=935d778a-0758-47b5-9d73-f8576aa13787_1788711919.jpg&v=1788711926","","","","","","","","","","","","","","","","","","","","Small mass, but structure is growing, and at the bottom of the tube there is a dripping point that we guess is an exudophore structure. Perhaps it has 3+ structures that are each growing in a sphere-like manner.","C1","8/29/2026 7:34:06 PM","780c9ba0-9205-11f1-bc95-0954c57f36fb","935d778a-0758-47b5-9d73-f8576aa13787","C1","9/6/2026 4:25:26 PM"
"16","[""Yes""]","9","52","[""No""]","[""Yes""]","14.4","36.4","#555319","[""Green""]","","(NOT COLLECTED IN FREEZER) - green, media","[""No""]","","","","","","","","","","","","","","","","","","","","","","","","","","","","","","","","B4","8/26/2026 2:55:00 PM","7621f7c0-9207-11f1-ba24-e7a1a5a09e42","9363849d-559d-411f-b156-38687ea4ece4","B4","8/26/2026 2:55:10 PM"
"","[]","","","[]","[]","","","","[]","","","[]","https://five.epicollect.net/api/media/mycoponics-porterfield?type=photo&format=entry_original&name=938abf40-aa08-11f1-a927-053478024664_1788708932.jpg&v=1788708976","https://five.epicollect.net/api/media/mycoponics-porterfield?type=photo&format=entry_original&name=938abf40-aa08-11f1-a927-053478024664_1788708937.jpg&v=1788708976","https://five.epicollect.net/api/media/mycoponics-porterfield?type=photo&format=entry_original&name=938abf40-aa08-11f1-a927-053478024664_1788708942.jpg&v=1788708976","","","","","","","","","","","","","","","","","","","","","","","","","","","","","B2","9/6/2026 3:35:23 PM","624f9900-aa08-11f1-a927-053478024664","938abf40-aa08-11f1-a927-053478024664","B2","9/6/2026 3:36:16 PM"
"4","[""Yes""]","13","47","[""Yes""]","[""Yes""]","13.5","46.5","#726117","[""Yellow""]","","clear","[""Yes""]","https://five.epicollect.net/api/media/mycoponics-porterfield?type=photo&format=entry_original&name=938ef6b2-7bcc-42b8-8c7d-3a9a27cf3a3f_1788042208.jpg&v=1788042294","https://five.epicollect.net/api/media/mycoponics-porterfield?type=photo&format=entry_original&name=938ef6b2-7bcc-42b8-8c7d-3a9a27cf3a3f_1788042211.jpg&v=1788042294","https://five.epicollect.net/api/media/mycoponics-porterfield?type=photo&format=entry_original&name=938ef6b2-7bcc-42b8-8c7d-3a9a27cf3a3f_1788042214.jpg&v=1788042294","https://five.epicollect.net/api/media/mycoponics-porterfield?type=photo&format=entry_original&name=938ef6b2-7bcc-42b8-8c7d-3a9a27cf3a3f_1788042216.jpg&v=1788042294","https://five.epicollect.net/api/media/mycoponics-porterfield?type=photo&format=entry_original&name=938ef6b2-7bcc-42b8-8c7d-3a9a27cf3a3f_1788042257.jpg&v=1788042294","https://five.epicollect.net/api/media/mycoponics-porterfield?type=photo&format=entry_original&name=938ef6b2-7bcc-42b8-8c7d-3a9a27cf3a3f_1788042260.jpg&v=1788042294","https://five.epicollect.net/api/media/mycoponics-porterfield?type=photo&format=entry_original&name=938ef6b2-7bcc-42b8-8c7d-3a9a27cf3a3f_1788042263.jpg&v=1788042294","https://five.epicollect.net/api/media/mycoponics-porterfield?type=photo&format=entry_original&name=938ef6b2-7bcc-42b8-8c7d-3a9a27cf3a3f_1788042265.jpg&v=1788042294","https://five.epicollect.net/api/media/mycoponics-porterfield?type=photo&format=entry_original&name=938ef6b2-7bcc-42b8-8c7d-3a9a27cf3a3f_1788042267.jpg&v=1788042294","https://five.epicollect.net/api/media/mycoponics-porterfield?type=photo&format=entry_original&name=938ef6b2-7bcc-42b8-8c7d-3a9a27cf3a3f_1788042269.jpg&v=1788042294","https://five.epicollect.net/api/media/mycoponics-porterfield?type=photo&format=entry_original&name=938ef6b2-7bcc-42b8-8c7d-3a9a27cf3a3f_1788042271.jpg&v=1788042294","https://five.epicollect.net/api/media/mycoponics-porterfield?type=photo&format=entry_original&name=938ef6b2-7bcc-42b8-8c7d-3a9a27cf3a3f_1788042274.jpg&v=1788042294","https://five.epicollect.net/api/media/mycoponics-porterfield?type=photo&format=entry_original&name=938ef6b2-7bcc-42b8-8c7d-3a9a27cf3a3f_1788042276.jpg&v=1788042294","https://five.epicollect.net/api/media/mycoponics-porterfield?type=photo&format=entry_original&name=938ef6b2-7bcc-42b8-8c7d-3a9a27cf3a3f_1788042278.jpg&v=1788042294","https://five.epicollect.net/api/media/mycoponics-porterfield?type=photo&format=entry_original&name=938ef6b2-7bcc-42b8-8c7d-3a9a27cf3a3f_1788042281.jpg&v=1788042294","https://five.epicollect.net/api/media/mycoponics-porterfield?type=photo&format=entry_original&name=938ef6b2-7bcc-42b8-8c7d-3a9a27cf3a3f_1788042284.jpg&v=1788042294","","","","","","","","","","","","","","","","B2","8/26/2026 2:33:03 PM","992fd070-9207-11f1-b651-5d6fce51deb5","938ef6b2-7bcc-42b8-8c7d-3a9a27cf3a3f","B2","8/29/2026 10:24:54 PM"
"15","[""No""]","5","10","[""No""]","[""No""]","","","","[""Clear""]","","","[""No""]","","","","","","","","","","","","","","","","","","","","","","","","","","","","","","","The humidier was set at hte right % but the calibration was 7% higher than chamber A this was causing that the sensor did not measure the accurate humidity. The sensor was showing 93 before beong fixed and after changin the setting the sensor sowed 83 Contamination: Confirmed.","B2","8/28/2026 12:49:19 PM","42238840-9206-11f1-b91a-4736f6a951ba","93a9fef4-312b-46d5-bb82-9ac6b0ce2883","B2","8/28/2026 12:49:25 PM"
"8","[""Yes""]","5","50","[""Yes""]","[""Yes""]","5","5","#A17227","[""Yellow""]","","","[""Yes""]","https://five.epicollect.net/api/media/mycoponics-porterfield?type=photo&format=entry_original&name=93f098bd-48b1-43e4-85a8-4cbd414a906d_1788752300.jpg&v=1788752322","https://five.epicollect.net/api/media/mycoponics-porterfield?type=photo&format=entry_original&name=93f098bd-48b1-43e4-85a8-4cbd414a906d_1788752308.jpg&v=1788752322","https://five.epicollect.net/api/media/mycoponics-porterfield?type=photo&format=entry_original&name=93f098bd-48b1-43e4-85a8-4cbd414a906d_1788752313.jpg&v=1788752322","","","","","","","","","","","","","","","","","","","","","","","","","","","","","B3","8/26/2026 6:16:02 PM","a6148de0-9206-11f1-b07c-23192f0e7dfa","93f098bd-48b1-43e4-85a8-4cbd414a906d","B3","9/7/2026 3:38:42 AM"
"","[""No""]","","8","[""No""]","[""No""]","","","","[]","","(MOVED FROM CHAMBER C TO B TODAY)","[""Yes""]","","","","","","","","","","","","","","","","","","","","","","","","","","","","","","","","B3","8/29/2026 7:22:26 PM","a727c810-9205-11f1-bca9-83b388c0a0a4","94131960-9feb-4621-9427-31d856c03a50","B3","8/29/2026 7:22:40 PM"
"54","[""No""]","2","52","[""No""]","[""No""]","","","","[""Clear""]","","","[""No""]","","","","","","","","","","","","","","","","","","","","","","","","","","","","","","","","A3","8/26/2026 6:00:31 PM","16818790-9207-11f1-a488-057d0ae059c0","943a221e-f8bf-4400-b4ca-77231c878594","A3","8/26/2026 6:00:35 PM"
"5","[""Yes""]","6","52","[""Yes""]","[""Yes""]","12.2","12.2","#766D3E","[""Yellow""]","","many cloudy white, grey and brown specks in yellow liquid. one medium-sized, many smal.","[""No""]","","","","","","","","","","","","","","","","","","","","","","","","","","","","","","","","C1","8/26/2026 4:07:05 PM","6e4c3330-9207-11f1-ba24-e7a1a5a09e42","949176b7-8726-4fa9-ac22-22685dd39f66","C1","8/26/2026 4:07:18 PM"
"14","[""Yes""]","15","28","[""Yes""]","[""Yes""]","13","34","#b26515","["" Orange""]","","3 chunks of mycelium at the bottom of the growth chamber","[""Yes""]","https://five.epicollect.net/api/media/mycoponics-porterfield?type=photo&format=entry_original&name=9509e2b8-bf74-42c5-83b8-8720c431d08e_1788733003.jpg&v=1788733117","https://five.epicollect.net/api/media/mycoponics-porterfield?type=photo&format=entry_original&name=9509e2b8-bf74-42c5-83b8-8720c431d08e_1788733008.jpg&v=1788733117","https://five.epicollect.net/api/media/mycoponics-porterfield?type=photo&format=entry_original&name=9509e2b8-bf74-42c5-83b8-8720c431d08e_1788733011.jpg&v=1788733117","https://five.epicollect.net/api/media/mycoponics-porterfield?type=photo&format=entry_original&name=9509e2b8-bf74-42c5-83b8-8720c431d08e_1788733023.jpg&v=1788733117","https://five.epicollect.net/api/media/mycoponics-porterfield?type=photo&format=entry_original&name=9509e2b8-bf74-42c5-83b8-8720c431d08e_1788733027.jpg&v=1788733117","https://five.epicollect.net/api/media/mycoponics-porterfield?type=photo&format=entry_original&name=9509e2b8-bf74-42c5-83b8-8720c431d08e_1788733031.jpg&v=1788733117","https://five.epicollect.net/api/media/mycoponics-porterfield?type=photo&format=entry_original&name=9509e2b8-bf74-42c5-83b8-8720c431d08e_1788733035.jpg&v=1788733117","https://five.epicollect.net/api/media/mycoponics-porterfield?type=photo&format=entry_original&name=9509e2b8-bf74-42c5-83b8-8720c431d08e_1788733039.jpg&v=1788733117","https://five.epicollect.net/api/media/mycoponics-porterfield?type=photo&format=entry_original&name=9509e2b8-bf74-42c5-83b8-8720c431d08e_1788733043.jpg&v=1788733117","https://five.epicollect.net/api/media/mycoponics-porterfield?type=photo&format=entry_original&name=9509e2b8-bf74-42c5-83b8-8720c431d08e_1788733045.jpg&v=1788733117","https://five.epicollect.net/api/media/mycoponics-porterfield?type=photo&format=entry_original&name=9509e2b8-bf74-42c5-83b8-8720c431d08e_1788733048.jpg&v=1788733117","https://five.epicollect.net/api/media/mycoponics-porterfield?type=photo&format=entry_original&name=9509e2b8-bf74-42c5-83b8-8720c431d08e_1788733051.jpg&v=1788733117","https://five.epicollect.net/api/media/mycoponics-porterfield?type=photo&format=entry_original&name=9509e2b8-bf74-42c5-83b8-8720c431d08e_1788733053.jpg&v=1788733117","https://five.epicollect.net/api/media/mycoponics-porterfield?type=photo&format=entry_original&name=9509e2b8-bf74-42c5-83b8-8720c431d08e_1788733055.jpg&v=1788733117","https://five.epicollect.net/api/media/mycoponics-porterfield?type=photo&format=entry_original&name=9509e2b8-bf74-42c5-83b8-8720c431d08e_1788733058.jpg&v=1788733117","https://five.epicollect.net/api/media/mycoponics-porterfield?type=photo&format=entry_original&name=9509e2b8-bf74-42c5-83b8-8720c431d08e_1788733061.jpg&v=1788733117","https://five.epicollect.net/api/media/mycoponics-porterfield?type=photo&format=entry_original&name=9509e2b8-bf74-42c5-83b8-8720c431d08e_1788733063.jpg&v=1788733117","https://five.epicollect.net/api/media/mycoponics-porterfield?type=photo&format=entry_original&name=9509e2b8-bf74-42c5-83b8-8720c431d08e_1788733066.jpg&v=1788733117","https://five.epicollect.net/api/media/mycoponics-porterfield?type=photo&format=entry_original&name=9509e2b8-bf74-42c5-83b8-8720c431d08e_1788733068.jpg&v=1788733117","https://five.epicollect.net/api/media/mycoponics-porterfield?type=photo&format=entry_original&name=9509e2b8-bf74-42c5-83b8-8720c431d08e_1788733075.jpg&v=1788733117","https://five.epicollect.net/api/media/mycoponics-porterfield?type=photo&format=entry_original&name=9509e2b8-bf74-42c5-83b8-8720c431d08e_1788733078.jpg&v=1788733117","https://five.epicollect.net/api/media/mycoponics-porterfield?type=photo&format=entry_original&name=9509e2b8-bf74-42c5-83b8-8720c431d08e_1788733081.jpg&v=1788733117","https://five.epicollect.net/api/media/mycoponics-porterfield?type=photo&format=entry_original&name=9509e2b8-bf74-42c5-83b8-8720c431d08e_1788733084.jpg&v=1788733117","https://five.epicollect.net/api/media/mycoponics-porterfield?type=photo&format=entry_original&name=9509e2b8-bf74-42c5-83b8-8720c431d08e_1788733088.jpg&v=1788733117","https://five.epicollect.net/api/media/mycoponics-porterfield?type=photo&format=entry_original&name=9509e2b8-bf74-42c5-83b8-8720c431d08e_1788733091.jpg&v=1788733117","https://five.epicollect.net/api/media/mycoponics-porterfield?type=photo&format=entry_original&name=9509e2b8-bf74-42c5-83b8-8720c431d08e_1788733094.jpg&v=1788733117","https://five.epicollect.net/api/media/mycoponics-porterfield?type=photo&format=entry_original&name=9509e2b8-bf74-42c5-83b8-8720c431d08e_1788733099.jpg&v=1788733117","https://five.epicollect.net/api/media/mycoponics-porterfield?type=photo&format=entry_original&name=9509e2b8-bf74-42c5-83b8-8720c431d08e_1788733103.jpg&v=1788733117","https://five.epicollect.net/api/media/mycoponics-porterfield?type=photo&format=entry_original&name=9509e2b8-bf74-42c5-83b8-8720c431d08e_1788733106.jpg&v=1788733117","https://five.epicollect.net/api/media/mycoponics-porterfield?type=photo&format=entry_original&name=9509e2b8-bf74-42c5-83b8-8720c431d08e_1788733109.jpg&v=1788733117","Media notes: didnt burp.","C2","8/29/2026 7:18:35 PM","beee3510-9205-11f1-9bf5-b15c7c68ff3f","9509e2b8-bf74-42c5-83b8-8720c431d08e","C2","9/6/2026 10:18:37 PM"
"26","[""Yes""]","6","20","[""Yes""]","[""Yes""]","20","45","#FFFEE5","[""Amber""]","","","[""No""]","","","","","","","","","","","","","","","","","","","","","","","","","","","","","","","","B3","8/26/2026 6:21:45 PM","75fb7970-9206-11f1-a57e-abc999418cec","95a3edf9-0994-4e13-b9b3-b89656087d23","B3","8/26/2026 6:21:57 PM"
"10","[""No""]","2","13","[""Yes""]","[""No""]","","","","[]","","media phase separated (like in video from previous day). too little exudate to collect.","[""No""]","","","","","","","","","","","","","","","","","","","","","","","","","","","","","","","","A4","8/26/2026 5:14:40 PM","58fce0b0-9207-11f1-aadd-df4879ec2771","9609b0f1-d40a-488b-abbb-d56b9a78de97","A4","8/26/2026 5:14:45 PM"
"53","[""No""]","8","45","[""No""]","[""No""]","","","","[]","","Not producing yet, just media","[""Yes""]","https://five.epicollect.net/api/media/mycoponics-porterfield?type=photo&format=entry_original&name=973bdbae-8918-44c6-bba5-1bb3e4f991b0_1788733458.jpg&v=1788733468","https://five.epicollect.net/api/media/mycoponics-porterfield?type=photo&format=entry_original&name=973bdbae-8918-44c6-bba5-1bb3e4f991b0_1788733463.jpg&v=1788733468","","","","","","","","","","","","","","","","","","","","","","","","","","","","","","D3","8/29/2026 7:18:35 PM","beee3510-9205-11f1-9bf5-b15c7c68ff3f","973bdbae-8918-44c6-bba5-1bb3e4f991b0","D3","9/6/2026 10:24:28 PM"
"19","[""No""]","9","10","[""Yes""]","[""Yes""]","12.5","62.5","#8d9474","[""Green""]","","Looks diluted and green. NOTE FROM VIAL STAGE: There was some brown fungus-looking mold thing at the very bottom that was frozen that we couldn't get when we transferred the exudate to the new tube.","[""Yes""]","https://five.epicollect.net/api/media/mycoponics-porterfield?type=photo&format=entry_original&name=97b2a86f-9adc-4b0f-b0be-6d7b9413d3c2_1788713759.jpg&v=1788713896","https://five.epicollect.net/api/media/mycoponics-porterfield?type=photo&format=entry_original&name=97b2a86f-9adc-4b0f-b0be-6d7b9413d3c2_1788713771.jpg&v=1788713896","https://five.epicollect.net/api/media/mycoponics-porterfield?type=photo&format=entry_original&name=97b2a86f-9adc-4b0f-b0be-6d7b9413d3c2_1788713778.jpg&v=1788713896","https://five.epicollect.net/api/media/mycoponics-porterfield?type=photo&format=entry_original&name=97b2a86f-9adc-4b0f-b0be-6d7b9413d3c2_1788713783.jpg&v=1788713896","https://five.epicollect.net/api/media/mycoponics-porterfield?type=photo&format=entry_original&name=97b2a86f-9adc-4b0f-b0be-6d7b9413d3c2_1788713789.jpg&v=1788713896","https://five.epicollect.net/api/media/mycoponics-porterfield?type=photo&format=entry_original&name=97b2a86f-9adc-4b0f-b0be-6d7b9413d3c2_1788713795.jpg&v=1788713896","https://five.epicollect.net/api/media/mycoponics-porterfield?type=photo&format=entry_original&name=97b2a86f-9adc-4b0f-b0be-6d7b9413d3c2_1788713801.jpg&v=1788713896","https://five.epicollect.net/api/media/mycoponics-porterfield?type=photo&format=entry_original&name=97b2a86f-9adc-4b0f-b0be-6d7b9413d3c2_1788713805.jpg&v=1788713896","https://five.epicollect.net/api/media/mycoponics-porterfield?type=photo&format=entry_original&name=97b2a86f-9adc-4b0f-b0be-6d7b9413d3c2_1788713811.jpg&v=1788713896","https://five.epicollect.net/api/media/mycoponics-porterfield?type=photo&format=entry_original&name=97b2a86f-9adc-4b0f-b0be-6d7b9413d3c2_1788713818.jpg&v=1788713896","https://five.epicollect.net/api/media/mycoponics-porterfield?type=photo&format=entry_original&name=97b2a86f-9adc-4b0f-b0be-6d7b9413d3c2_1788713824.jpg&v=1788713896","https://five.epicollect.net/api/media/mycoponics-porterfield?type=photo&format=entry_original&name=97b2a86f-9adc-4b0f-b0be-6d7b9413d3c2_1788713830.jpg&v=1788713896","https://five.epicollect.net/api/media/mycoponics-porterfield?type=photo&format=entry_original&name=97b2a86f-9adc-4b0f-b0be-6d7b9413d3c2_1788713837.jpg&v=1788713896","https://five.epicollect.net/api/media/mycoponics-porterfield?type=photo&format=entry_original&name=97b2a86f-9adc-4b0f-b0be-6d7b9413d3c2_1788713842.jpg&v=1788713896","https://five.epicollect.net/api/media/mycoponics-porterfield?type=photo&format=entry_original&name=97b2a86f-9adc-4b0f-b0be-6d7b9413d3c2_1788713849.jpg&v=1788713896","https://five.epicollect.net/api/media/mycoponics-porterfield?type=photo&format=entry_original&name=97b2a86f-9adc-4b0f-b0be-6d7b9413d3c2_1788713854.jpg&v=1788713896","https://five.epicollect.net/api/media/mycoponics-porterfield?type=photo&format=entry_original&name=97b2a86f-9adc-4b0f-b0be-6d7b9413d3c2_1788713859.jpg&v=1788713896","https://five.epicollect.net/api/media/mycoponics-porterfield?type=photo&format=entry_original&name=97b2a86f-9adc-4b0f-b0be-6d7b9413d3c2_1788713863.jpg&v=1788713896","https://five.epicollect.net/api/media/mycoponics-porterfield?type=photo&format=entry_original&name=97b2a86f-9adc-4b0f-b0be-6d7b9413d3c2_1788713870.jpg&v=1788713896","https://five.epicollect.net/api/media/mycoponics-porterfield?type=photo&format=entry_original&name=97b2a86f-9adc-4b0f-b0be-6d7b9413d3c2_1788713876.jpg&v=1788713896","https://five.epicollect.net/api/media/mycoponics-porterfield?type=photo&format=entry_original&name=97b2a86f-9adc-4b0f-b0be-6d7b9413d3c2_1788713880.jpg&v=1788713896","https://five.epicollect.net/api/media/mycoponics-porterfield?type=photo&format=entry_original&name=97b2a86f-9adc-4b0f-b0be-6d7b9413d3c2_1788713886.jpg&v=1788713896","","","","","","","","","Very humid. Walls were dripping and water accumulated at the bottom, at least 300 mL. Drops slide from the top of the jar through all the mycelium leaving a marked glod or brown path. It posees plenty mycelial mass and structures starting to develop. There are many many clear/yellow exudate sites all down the side of the fungus. There are many rotund structures all over the fungus. There is a dark grey, bullet-looking hole area with a brown growth surrounding it (is it exudate or a wood-like growth?). The dripping looks very nice. There is popcorn-like shape growth, fuzzy growth at the end, and there are also clear exudophore-like / finger-like structures extending both upward and downward on the edge of some of the round mycelia structures. Contamination: Possible. Colonization: Fully colonized (over 90%).","A1","8/29/2026 9:07:25 PM","856cfc40-9205-11f1-bc95-0954c57f36fb","97b2a86f-9adc-4b0f-b0be-6d7b9413d3c2","A1","9/6/2026 4:58:16 PM"
"18","[""Yes""]","0","19","[""No""]","[""No""]","","","","[""Clear""]","","","[""Yes""]","https://five.epicollect.net/api/media/mycoponics-porterfield?type=photo&format=entry_original&name=97e2f9fb-f22c-4c7f-a4b2-b53bdbb297b8_1788752863.jpg&v=1788752877","https://five.epicollect.net/api/media/mycoponics-porterfield?type=photo&format=entry_original&name=97e2f9fb-f22c-4c7f-a4b2-b53bdbb297b8_1788752865.jpg&v=1788752877","https://five.epicollect.net/api/media/mycoponics-porterfield?type=photo&format=entry_original&name=97e2f9fb-f22c-4c7f-a4b2-b53bdbb297b8_1788752867.jpg&v=1788752877","https://five.epicollect.net/api/media/mycoponics-porterfield?type=photo&format=entry_original&name=97e2f9fb-f22c-4c7f-a4b2-b53bdbb297b8_1788752869.jpg&v=1788752877","https://five.epicollect.net/api/media/mycoponics-porterfield?type=photo&format=entry_original&name=97e2f9fb-f22c-4c7f-a4b2-b53bdbb297b8_1788752871.jpg&v=1788752877","","","","","","","","","","","","","","","","","","","","","","","","","","","C4","8/26/2026 5:53:40 PM","1a80a1a0-9207-11f1-a488-057d0ae059c0","97e2f9fb-f22c-4c7f-a4b2-b53bdbb297b8","C4","9/7/2026 3:47:57 AM"
"","[""No""]","","60","[""Yes""]","[""Yes""]","14","16","","[""Clear""]","","Extremely diluted, clear to yellow-ish. We think it's because before yesterday, the air filter thing was pointed toward the humidity producer.","[""Yes""]","https://five.epicollect.net/api/media/mycoponics-porterfield?type=photo&format=entry_original&name=982be9aa-9e45-44f5-bf3c-caa00a18fa38_1788709802.jpg&v=1788709840","https://five.epicollect.net/api/media/mycoponics-porterfield?type=photo&format=entry_original&name=982be9aa-9e45-44f5-bf3c-caa00a18fa38_1788709807.jpg&v=1788709840","https://five.epicollect.net/api/media/mycoponics-porterfield?type=photo&format=entry_original&name=982be9aa-9e45-44f5-bf3c-caa00a18fa38_1788709811.jpg&v=1788709840","https://five.epicollect.net/api/media/mycoponics-porterfield?type=photo&format=entry_original&name=982be9aa-9e45-44f5-bf3c-caa00a18fa38_1788709814.jpg&v=1788709840","https://five.epicollect.net/api/media/mycoponics-porterfield?type=photo&format=entry_original&name=982be9aa-9e45-44f5-bf3c-caa00a18fa38_1788709817.jpg&v=1788709840","https://five.epicollect.net/api/media/mycoponics-porterfield?type=photo&format=entry_original&name=982be9aa-9e45-44f5-bf3c-caa00a18fa38_1788709820.jpg&v=1788709840","https://five.epicollect.net/api/media/mycoponics-porterfield?type=photo&format=entry_original&name=982be9aa-9e45-44f5-bf3c-caa00a18fa38_1788709823.jpg&v=1788709840","https://five.epicollect.net/api/media/mycoponics-porterfield?type=photo&format=entry_original&name=982be9aa-9e45-44f5-bf3c-caa00a18fa38_1788709825.jpg&v=1788709840","https://five.epicollect.net/api/media/mycoponics-porterfield?type=photo&format=entry_original&name=982be9aa-9e45-44f5-bf3c-caa00a18fa38_1788709828.jpg&v=1788709840","https://five.epicollect.net/api/media/mycoponics-porterfield?type=photo&format=entry_original&name=982be9aa-9e45-44f5-bf3c-caa00a18fa38_1788709831.jpg&v=1788709840","https://five.epicollect.net/api/media/mycoponics-porterfield?type=photo&format=entry_original&name=982be9aa-9e45-44f5-bf3c-caa00a18fa38_1788709833.jpg&v=1788709840","https://five.epicollect.net/api/media/mycoponics-porterfield?type=photo&format=entry_original&name=982be9aa-9e45-44f5-bf3c-caa00a18fa38_1788709836.jpg&v=1788709840","","","","","","","","","","","","","","","","","","","","B2","8/29/2026 7:35:41 PM","196bdda0-9204-11f1-9262-61c43e67bcf5","982be9aa-9e45-44f5-bf3c-caa00a18fa38","B2","9/6/2026 3:50:40 PM"
"10","[""Yes""]","9","50","[""Yes""]","[""Yes""]","7","7","#4E3624","[""Red""]","","blood color and a bit viscous-looking, but clear. there are white dots dispersed in the liquid.","[""No""]","","","","","","","","","","","","","","","","","","","","","","","","","","","","","","","","A2","8/26/2026 12:32:51 PM","3a1d2be0-9208-11f1-9ae6-cbe624cafba5","98ba022a-5a68-4407-89b0-1f152baeffc6","A2","8/26/2026 12:32:53 PM"
"38","[""No""]","3","38","[""Yes""]","[""Yes""]","13.2","13.2","#885F25","["" Orange""]","","flaky tan-ish chunks throughout liquid, pretty clear besides that, sunset-ish orange color","[""No""]","","","","","","","","","","","","","","","","","","","","","","","","","","","","","","","","A2","8/26/2026 12:50:07 PM","9dd3dd10-9207-11f1-b651-5d6fce51deb5","98ccc113-35d7-4758-b169-7bea198d5027","A2","8/26/2026 12:50:09 PM"
"42","[""No""]","0","42","[""No""]","[""No""]","","","","[""Clear""]","","","[""No""]","","","","","","","","","","","","","","","","","","","","","","","","","","","","","","","","D3","8/26/2026 6:18:45 PM","a1eeb1f0-9206-11f1-b07c-23192f0e7dfa","98ea0beb-801f-4742-85f7-6a61756918aa","D3","8/26/2026 6:19:10 PM"
"14","[""No""]","0","14","[""Yes""]","[""No""]","","","","[""Clear""]","","not enough","[""No""]","","","","","","","","","","","","","","","","","","","","","","","","","","","","","","","","A3","8/26/2026 5:12:55 PM","5e7888a0-9207-11f1-aadd-df4879ec2771","9968808b-3f28-4a82-a937-37e3d88cc0c0","A3","8/26/2026 5:12:59 PM"
"0","[""Yes""]","0","60","[""No""]","[""""]","","","","[]","","No exudates at all. could be attributed to the humidity.	","[""Yes""]","https://five.epicollect.net/api/media/mycoponics-porterfield?type=photo&format=entry_original&name=998266a0-91ee-11f1-bdff-3dea7edc8549_1786059106.jpg&v=1788708649","https://five.epicollect.net/api/media/mycoponics-porterfield?type=photo&format=entry_original&name=998266a0-91ee-11f1-bdff-3dea7edc8549_1786059117.jpg&v=1788708649","https://five.epicollect.net/api/media/mycoponics-porterfield?type=photo&format=entry_original&name=998266a0-91ee-11f1-bdff-3dea7edc8549_1786059125.jpg&v=1788708649","https://five.epicollect.net/api/media/mycoponics-porterfield?type=photo&format=entry_original&name=998266a0-91ee-11f1-bdff-3dea7edc8549_1786059133.jpg&v=1788708649","https://five.epicollect.net/api/media/mycoponics-porterfield?type=photo&format=entry_original&name=998266a0-91ee-11f1-bdff-3dea7edc8549_1786059142.jpg&v=1788708649","https://five.epicollect.net/api/media/mycoponics-porterfield?type=photo&format=entry_original&name=998266a0-91ee-11f1-bdff-3dea7edc8549_1786059151.jpg&v=1788708649","https://five.epicollect.net/api/media/mycoponics-porterfield?type=photo&format=entry_original&name=998266a0-91ee-11f1-bdff-3dea7edc8549_1786059258.jpg&v=1788708649","https://five.epicollect.net/api/media/mycoponics-porterfield?type=photo&format=entry_original&name=998266a0-91ee-11f1-bdff-3dea7edc8549_1786059267.jpg&v=1788708649","https://five.epicollect.net/api/media/mycoponics-porterfield?type=photo&format=entry_original&name=998266a0-91ee-11f1-bdff-3dea7edc8549_1786059276.jpg&v=1788708649","https://five.epicollect.net/api/media/mycoponics-porterfield?type=photo&format=entry_original&name=998266a0-91ee-11f1-bdff-3dea7edc8549_1786059285.jpg&v=1788708649","https://five.epicollect.net/api/media/mycoponics-porterfield?type=photo&format=entry_original&name=998266a0-91ee-11f1-bdff-3dea7edc8549_1788708632.jpg&v=1788708649","https://five.epicollect.net/api/media/mycoponics-porterfield?type=photo&format=entry_original&name=998266a0-91ee-11f1-bdff-3dea7edc8549_1788708636.jpg&v=1788708649","https://five.epicollect.net/api/media/mycoponics-porterfield?type=photo&format=entry_original&name=998266a0-91ee-11f1-bdff-3dea7edc8549_1788708639.jpg&v=1788708649","https://five.epicollect.net/api/media/mycoponics-porterfield?type=photo&format=entry_original&name=998266a0-91ee-11f1-bdff-3dea7edc8549_1788708642.jpg&v=1788708649","https://five.epicollect.net/api/media/mycoponics-porterfield?type=photo&format=entry_original&name=998266a0-91ee-11f1-bdff-3dea7edc8549_1788708645.jpg&v=1788708649","","","","","","","","","","","","","","","","Small patches (very small, localized) areas of water droplets- medium to small sized water droplets there. Otherwise completely clear. Fungal mycelium is growing in combination with mold and bacteria. The tube is mostly covered by fuzzy mycelial tissue; however, a small branching structure has started to develop. Confirmed contamination","C2","8/6/2026 11:28:58 PM","5812f280-91de-11f1-bdff-3dea7edc8549","998266a0-91ee-11f1-bdff-3dea7edc8549","C2","9/6/2026 3:30:49 PM"
"20","[""No""]","6","14","[""Yes""]","[""Yes""]","10","14","#954B00","[""Yellow""]","","","[""No""]","","","","","","","","","","","","","","","","","","","","","","","","","","","","","","","","C1","8/26/2026 6:00:31 PM","16818790-9207-11f1-a488-057d0ae059c0","99b77200-c686-42af-9750-33405b36658e","C1","8/26/2026 6:00:42 PM"
"3","[""Yes""]","15","42","[""Yes""]","[""Yes""]","8.5","8.5","#955609","[""Yellow""]","","","[""No""]","","","","","","","","","","","","","","","","","","","","","","","","","","","","","","","refilled media started bubbling","C2","8/26/2026 5:22:58 PM","3cb0c480-9207-11f1-8555-b77c5e5555d6","99ff1469-f1c9-4702-bd44-de1e0f9c3fad","C2","8/26/2026 5:23:11 PM"
"4","[""Yes""]","5","55","[""Yes""]","[""Yes""]","8.5","8.5","#A37A4C","[""Yellow""]","","Couple amber drops on the mycelium.","[""No""]","","","","","","","","","","","","","","","","","","","","","","","","","","","","","","","","B3","8/28/2026 12:46:31 PM","4ed1fe00-9206-11f1-b91a-4736f6a951ba","9a2363de-f5a7-44cb-8daf-6c6fd724a732","B3","8/28/2026 12:46:40 PM"
"34","[""Yes""]","6","54","[""Yes""]","[""Yes""]","4.8","4.8","","[""Green""]","","Media was on filter, so the exudates are green. Some structures are dripping (1-2), although not as much as D2. The exudates are green (More green than blue), so it is a combination between media and real fungal exudates.","[""Yes""]","https://five.epicollect.net/api/media/mycoponics-porterfield?type=photo&format=entry_original&name=9a5ab7dc-d04a-4d2d-8bb4-6c94b132c007_1788712021.jpg&v=1788712049","https://five.epicollect.net/api/media/mycoponics-porterfield?type=photo&format=entry_original&name=9a5ab7dc-d04a-4d2d-8bb4-6c94b132c007_1788712024.jpg&v=1788712049","https://five.epicollect.net/api/media/mycoponics-porterfield?type=photo&format=entry_original&name=9a5ab7dc-d04a-4d2d-8bb4-6c94b132c007_1788712026.jpg&v=1788712049","https://five.epicollect.net/api/media/mycoponics-porterfield?type=photo&format=entry_original&name=9a5ab7dc-d04a-4d2d-8bb4-6c94b132c007_1788712029.jpg&v=1788712049","https://five.epicollect.net/api/media/mycoponics-porterfield?type=photo&format=entry_original&name=9a5ab7dc-d04a-4d2d-8bb4-6c94b132c007_1788712031.jpg&v=1788712049","https://five.epicollect.net/api/media/mycoponics-porterfield?type=photo&format=entry_original&name=9a5ab7dc-d04a-4d2d-8bb4-6c94b132c007_1788712034.jpg&v=1788712049","https://five.epicollect.net/api/media/mycoponics-porterfield?type=photo&format=entry_original&name=9a5ab7dc-d04a-4d2d-8bb4-6c94b132c007_1788712037.jpg&v=1788712049","https://five.epicollect.net/api/media/mycoponics-porterfield?type=photo&format=entry_original&name=9a5ab7dc-d04a-4d2d-8bb4-6c94b132c007_1788712040.jpg&v=1788712049","https://five.epicollect.net/api/media/mycoponics-porterfield?type=photo&format=entry_original&name=9a5ab7dc-d04a-4d2d-8bb4-6c94b132c007_1788712043.jpg&v=1788712049","","","","","","","","","","","","","","","","","","","","","","","D1","8/29/2026 7:34:06 PM","780c9ba0-9205-11f1-bc95-0954c57f36fb","9a5ab7dc-d04a-4d2d-8bb4-6c94b132c007","D1","9/6/2026 4:27:29 PM"
"22","[""No""]","2","20","[""Yes""]","[""Yes""]","","","#93713B","[""Yellow""]","","","[""No""]","","","","","","","","","","","","","","","","","","","","","","","","","","","","","","","","A3","8/26/2026 5:27:01 PM","309c1dc0-9207-11f1-9186-31d4e5d7aabc","9b19f81e-d63b-474d-8dd6-18302b3ff10c","A3","8/26/2026 5:27:05 PM"
"8","[""No""]","1","7","[""Yes""]","[""No""]","","","","[""Green""]","","media","[""No""]","","","","","","","","","","","","","","","","","","","","","","","","","","","","","","","","B4","8/26/2026 4:41:09 PM","68feee40-9207-11f1-ba24-e7a1a5a09e42","9b93da55-7766-4f5f-bd6d-c420e0819127","B4","8/26/2026 4:41:19 PM"
"8","[""Yes""]","10","55","[""Yes""]","[""No""]","","","","[""Green""]","","media","[""Yes""]","","","","","","","","","","","","","","","","","","","","","","","","","","","","","","","","B4","8/29/2026 7:08:22 PM","dac34c80-9205-11f1-ba5f-319f359841fc","9c227b1a-14c7-43be-b691-2e861cba1d29","B4","8/29/2026 7:08:38 PM"
"3","[""Yes""]","5","50","[""No""]","[""Yes""]","","","#87671F","[]","","*fill this out and the chart","[""No""]","","","","","","","","","","","","","","","","","","","","","","","","","","","","","","","","D2","8/26/2026 5:22:58 PM","3cb0c480-9207-11f1-8555-b77c5e5555d6","9c4d3025-4603-444b-8fb1-8fb346a51bbc","D2","8/26/2026 5:23:16 PM"
"30","[""No""]","10","20","[""Yes""]","[""Yes""]","14","18","#7F571C","[""Yellow""]","","","[""No""]","","","","","","","","","","","","","","","","","","","","","","","","","","","","","","","","C3","8/26/2026 5:33:34 PM","29a87bd0-9207-11f1-9186-31d4e5d7aabc","9cab9367-2782-4e19-ad32-20d05984b566","C3","8/26/2026 5:33:47 PM"
"9","[""Yes""]","6","36","[""Yes""]","[""No""]","","","","[""Green""]","","","[""Yes""]","https://five.epicollect.net/api/media/mycoponics-porterfield?type=photo&format=entry_original&name=9d6f3638-d763-42e1-affb-e67b9ae1e7d0_1788748126.jpg&v=1788748232","https://five.epicollect.net/api/media/mycoponics-porterfield?type=photo&format=entry_original&name=9d6f3638-d763-42e1-affb-e67b9ae1e7d0_1788748130.jpg&v=1788748232","https://five.epicollect.net/api/media/mycoponics-porterfield?type=photo&format=entry_original&name=9d6f3638-d763-42e1-affb-e67b9ae1e7d0_1788748134.jpg&v=1788748232","https://five.epicollect.net/api/media/mycoponics-porterfield?type=photo&format=entry_original&name=9d6f3638-d763-42e1-affb-e67b9ae1e7d0_1788748137.jpg&v=1788748232","https://five.epicollect.net/api/media/mycoponics-porterfield?type=photo&format=entry_original&name=9d6f3638-d763-42e1-affb-e67b9ae1e7d0_1788748142.jpg&v=1788748232","https://five.epicollect.net/api/media/mycoponics-porterfield?type=photo&format=entry_original&name=9d6f3638-d763-42e1-affb-e67b9ae1e7d0_1788748146.jpg&v=1788748232","https://five.epicollect.net/api/media/mycoponics-porterfield?type=photo&format=entry_original&name=9d6f3638-d763-42e1-affb-e67b9ae1e7d0_1788748150.jpg&v=1788748232","https://five.epicollect.net/api/media/mycoponics-porterfield?type=photo&format=entry_original&name=9d6f3638-d763-42e1-affb-e67b9ae1e7d0_1788748154.jpg&v=1788748232","https://five.epicollect.net/api/media/mycoponics-porterfield?type=photo&format=entry_original&name=9d6f3638-d763-42e1-affb-e67b9ae1e7d0_1788748158.jpg&v=1788748232","https://five.epicollect.net/api/media/mycoponics-porterfield?type=photo&format=entry_original&name=9d6f3638-d763-42e1-affb-e67b9ae1e7d0_1788748161.jpg&v=1788748232","https://five.epicollect.net/api/media/mycoponics-porterfield?type=photo&format=entry_original&name=9d6f3638-d763-42e1-affb-e67b9ae1e7d0_1788748165.jpg&v=1788748232","https://five.epicollect.net/api/media/mycoponics-porterfield?type=photo&format=entry_original&name=9d6f3638-d763-42e1-affb-e67b9ae1e7d0_1788748168.jpg&v=1788748232","https://five.epicollect.net/api/media/mycoponics-porterfield?type=photo&format=entry_original&name=9d6f3638-d763-42e1-affb-e67b9ae1e7d0_1788748172.jpg&v=1788748232","https://five.epicollect.net/api/media/mycoponics-porterfield?type=photo&format=entry_original&name=9d6f3638-d763-42e1-affb-e67b9ae1e7d0_1788748176.jpg&v=1788748232","https://five.epicollect.net/api/media/mycoponics-porterfield?type=photo&format=entry_original&name=9d6f3638-d763-42e1-affb-e67b9ae1e7d0_1788748181.jpg&v=1788748232","https://five.epicollect.net/api/media/mycoponics-porterfield?type=photo&format=entry_original&name=9d6f3638-d763-42e1-affb-e67b9ae1e7d0_1788748185.jpg&v=1788748232","https://five.epicollect.net/api/media/mycoponics-porterfield?type=photo&format=entry_original&name=9d6f3638-d763-42e1-affb-e67b9ae1e7d0_1788748190.jpg&v=1788748232","https://five.epicollect.net/api/media/mycoponics-porterfield?type=photo&format=entry_original&name=9d6f3638-d763-42e1-affb-e67b9ae1e7d0_1788748195.jpg&v=1788748232","https://five.epicollect.net/api/media/mycoponics-porterfield?type=photo&format=entry_original&name=9d6f3638-d763-42e1-affb-e67b9ae1e7d0_1788748198.jpg&v=1788748232","https://five.epicollect.net/api/media/mycoponics-porterfield?type=photo&format=entry_original&name=9d6f3638-d763-42e1-affb-e67b9ae1e7d0_1788748202.jpg&v=1788748232","https://five.epicollect.net/api/media/mycoponics-porterfield?type=photo&format=entry_original&name=9d6f3638-d763-42e1-affb-e67b9ae1e7d0_1788748205.jpg&v=1788748232","","","","","","","","","","","A3","8/29/2026 7:08:22 PM","dac34c80-9205-11f1-ba5f-319f359841fc","9d6f3638-d763-42e1-affb-e67b9ae1e7d0","A3","9/7/2026 2:30:32 AM"
"53","[""No""]","0","44","[""No""]","[""No""]","","","","[]","","","[""Yes""]","https://five.epicollect.net/api/media/mycoponics-porterfield?type=photo&format=entry_original&name=9ed11f3d-a4fe-415d-9950-b92fa40bdb19_1788041949.jpg&v=1788042014","https://five.epicollect.net/api/media/mycoponics-porterfield?type=photo&format=entry_original&name=9ed11f3d-a4fe-415d-9950-b92fa40bdb19_1788041953.jpg&v=1788042014","https://five.epicollect.net/api/media/mycoponics-porterfield?type=photo&format=entry_original&name=9ed11f3d-a4fe-415d-9950-b92fa40bdb19_1788041956.jpg&v=1788042014","https://five.epicollect.net/api/media/mycoponics-porterfield?type=photo&format=entry_original&name=9ed11f3d-a4fe-415d-9950-b92fa40bdb19_1788041961.jpg&v=1788042014","https://five.epicollect.net/api/media/mycoponics-porterfield?type=photo&format=entry_original&name=9ed11f3d-a4fe-415d-9950-b92fa40bdb19_1788041989.jpg&v=1788042014","https://five.epicollect.net/api/media/mycoponics-porterfield?type=photo&format=entry_original&name=9ed11f3d-a4fe-415d-9950-b92fa40bdb19_1788041993.jpg&v=1788042014","https://five.epicollect.net/api/media/mycoponics-porterfield?type=photo&format=entry_original&name=9ed11f3d-a4fe-415d-9950-b92fa40bdb19_1788041996.jpg&v=1788042014","https://five.epicollect.net/api/media/mycoponics-porterfield?type=photo&format=entry_original&name=9ed11f3d-a4fe-415d-9950-b92fa40bdb19_1788041998.jpg&v=1788042014","https://five.epicollect.net/api/media/mycoponics-porterfield?type=photo&format=entry_original&name=9ed11f3d-a4fe-415d-9950-b92fa40bdb19_1788042001.jpg&v=1788042014","https://five.epicollect.net/api/media/mycoponics-porterfield?type=photo&format=entry_original&name=9ed11f3d-a4fe-415d-9950-b92fa40bdb19_1788042004.jpg&v=1788042014","","","","","","","","","","","","","","","","","","","","","","A3","8/26/2026 2:33:03 PM","992fd070-9207-11f1-b651-5d6fce51deb5","9ed11f3d-a4fe-415d-9950-b92fa40bdb19","A3","8/29/2026 10:20:14 PM"
"","[""Yes""]","","39","[""No""]","[""No""]","","","","[]","","*ADDED TO CHAMBER TODAY*","[""Yes""]","https://five.epicollect.net/api/media/mycoponics-porterfield?type=photo&format=entry_original&name=a0144fe2-4895-4f21-b267-0ded91348d59_1788711990.jpg&v=1788712000","https://five.epicollect.net/api/media/mycoponics-porterfield?type=photo&format=entry_original&name=a0144fe2-4895-4f21-b267-0ded91348d59_1788711993.jpg&v=1788712000","https://five.epicollect.net/api/media/mycoponics-porterfield?type=photo&format=entry_original&name=a0144fe2-4895-4f21-b267-0ded91348d59_1788711996.jpg&v=1788712000","","","","","","","","","","","","","","","","","","","","","","","","","","","","","C4","8/29/2026 7:34:06 PM","780c9ba0-9205-11f1-bc95-0954c57f36fb","a0144fe2-4895-4f21-b267-0ded91348d59","C4","9/6/2026 4:26:40 PM"
"47","[""No""]","","47","[""Yes""]","[""Yes""]","8.5","8.5","#4a3620","[""Yellow""]","","","[""No""]","","","","","","","","","","","","","","","","","","","","","","","","","","","","","","","","B1","8/26/2026 5:21:42 PM","415bd600-9207-11f1-8555-b77c5e5555d6","a0313fea-4012-4d55-8fd1-402f746c708c","B1","8/26/2026 5:21:48 PM"
"5.5","[""Yes""]","15","36","[""Yes""]","[""No""]","","","","[""Green""]","","media","[""Yes""]","https://five.epicollect.net/api/media/mycoponics-porterfield?type=photo&format=entry_original&name=a05a16d0-b8a6-45f5-b346-fc1ea7e7f1a2_1788732581.jpg&v=1788732636","https://five.epicollect.net/api/media/mycoponics-porterfield?type=photo&format=entry_original&name=a05a16d0-b8a6-45f5-b346-fc1ea7e7f1a2_1788732583.jpg&v=1788732636","https://five.epicollect.net/api/media/mycoponics-porterfield?type=photo&format=entry_original&name=a05a16d0-b8a6-45f5-b346-fc1ea7e7f1a2_1788732586.jpg&v=1788732636","https://five.epicollect.net/api/media/mycoponics-porterfield?type=photo&format=entry_original&name=a05a16d0-b8a6-45f5-b346-fc1ea7e7f1a2_1788732588.jpg&v=1788732636","https://five.epicollect.net/api/media/mycoponics-porterfield?type=photo&format=entry_original&name=a05a16d0-b8a6-45f5-b346-fc1ea7e7f1a2_1788732590.jpg&v=1788732636","https://five.epicollect.net/api/media/mycoponics-porterfield?type=photo&format=entry_original&name=a05a16d0-b8a6-45f5-b346-fc1ea7e7f1a2_1788732592.jpg&v=1788732636","https://five.epicollect.net/api/media/mycoponics-porterfield?type=photo&format=entry_original&name=a05a16d0-b8a6-45f5-b346-fc1ea7e7f1a2_1788732595.jpg&v=1788732636","https://five.epicollect.net/api/media/mycoponics-porterfield?type=photo&format=entry_original&name=a05a16d0-b8a6-45f5-b346-fc1ea7e7f1a2_1788732597.jpg&v=1788732636","https://five.epicollect.net/api/media/mycoponics-porterfield?type=photo&format=entry_original&name=a05a16d0-b8a6-45f5-b346-fc1ea7e7f1a2_1788732599.jpg&v=1788732636","https://five.epicollect.net/api/media/mycoponics-porterfield?type=photo&format=entry_original&name=a05a16d0-b8a6-45f5-b346-fc1ea7e7f1a2_1788732602.jpg&v=1788732636","https://five.epicollect.net/api/media/mycoponics-porterfield?type=photo&format=entry_original&name=a05a16d0-b8a6-45f5-b346-fc1ea7e7f1a2_1788732604.jpg&v=1788732636","https://five.epicollect.net/api/media/mycoponics-porterfield?type=photo&format=entry_original&name=a05a16d0-b8a6-45f5-b346-fc1ea7e7f1a2_1788732607.jpg&v=1788732636","https://five.epicollect.net/api/media/mycoponics-porterfield?type=photo&format=entry_original&name=a05a16d0-b8a6-45f5-b346-fc1ea7e7f1a2_1788732611.jpg&v=1788732636","https://five.epicollect.net/api/media/mycoponics-porterfield?type=photo&format=entry_original&name=a05a16d0-b8a6-45f5-b346-fc1ea7e7f1a2_1788732614.jpg&v=1788732636","https://five.epicollect.net/api/media/mycoponics-porterfield?type=photo&format=entry_original&name=a05a16d0-b8a6-45f5-b346-fc1ea7e7f1a2_1788732618.jpg&v=1788732636","https://five.epicollect.net/api/media/mycoponics-porterfield?type=photo&format=entry_original&name=a05a16d0-b8a6-45f5-b346-fc1ea7e7f1a2_1788732621.jpg&v=1788732636","https://five.epicollect.net/api/media/mycoponics-porterfield?type=photo&format=entry_original&name=a05a16d0-b8a6-45f5-b346-fc1ea7e7f1a2_1788732623.jpg&v=1788732636","https://five.epicollect.net/api/media/mycoponics-porterfield?type=photo&format=entry_original&name=a05a16d0-b8a6-45f5-b346-fc1ea7e7f1a2_1788732626.jpg&v=1788732636","https://five.epicollect.net/api/media/mycoponics-porterfield?type=photo&format=entry_original&name=a05a16d0-b8a6-45f5-b346-fc1ea7e7f1a2_1788732629.jpg&v=1788732636","","","","","","","","","","","","","A4","8/29/2026 7:18:35 PM","beee3510-9205-11f1-9bf5-b15c7c68ff3f","a05a16d0-b8a6-45f5-b346-fc1ea7e7f1a2","A4","9/6/2026 10:10:36 PM"
"12","[""No""]","5","7","[""No""]","[""No""]","","","","[]","","","[""No""]","","","","","","","","","","","","","","","","","","","","","","","","","","","","","","","","C3","8/26/2026 6:08:11 PM","af959170-9206-11f1-b07c-23192f0e7dfa","a1269a61-e0d3-4242-8201-6ba088d201cf","C3","8/26/2026 6:08:25 PM"
"15","[""No""]","0","15","[""Yes""]","[""No""]","","","","[""Green""]","","media","[""Yes""]","https://five.epicollect.net/api/media/mycoponics-porterfield?type=photo&format=entry_original&name=a1a37baa-cafc-49b8-b797-d5ce8309aeeb_1788745105.jpg&v=1788745174","https://five.epicollect.net/api/media/mycoponics-porterfield?type=photo&format=entry_original&name=a1a37baa-cafc-49b8-b797-d5ce8309aeeb_1788745108.jpg&v=1788745174","https://five.epicollect.net/api/media/mycoponics-porterfield?type=photo&format=entry_original&name=a1a37baa-cafc-49b8-b797-d5ce8309aeeb_1788745111.jpg&v=1788745174","https://five.epicollect.net/api/media/mycoponics-porterfield?type=photo&format=entry_original&name=a1a37baa-cafc-49b8-b797-d5ce8309aeeb_1788745114.jpg&v=1788745174","https://five.epicollect.net/api/media/mycoponics-porterfield?type=photo&format=entry_original&name=a1a37baa-cafc-49b8-b797-d5ce8309aeeb_1788745118.jpg&v=1788745174","https://five.epicollect.net/api/media/mycoponics-porterfield?type=photo&format=entry_original&name=a1a37baa-cafc-49b8-b797-d5ce8309aeeb_1788745121.jpg&v=1788745174","https://five.epicollect.net/api/media/mycoponics-porterfield?type=photo&format=entry_original&name=a1a37baa-cafc-49b8-b797-d5ce8309aeeb_1788745127.jpg&v=1788745174","https://five.epicollect.net/api/media/mycoponics-porterfield?type=photo&format=entry_original&name=a1a37baa-cafc-49b8-b797-d5ce8309aeeb_1788745130.jpg&v=1788745174","https://five.epicollect.net/api/media/mycoponics-porterfield?type=photo&format=entry_original&name=a1a37baa-cafc-49b8-b797-d5ce8309aeeb_1788745134.jpg&v=1788745174","https://five.epicollect.net/api/media/mycoponics-porterfield?type=photo&format=entry_original&name=a1a37baa-cafc-49b8-b797-d5ce8309aeeb_1788745136.jpg&v=1788745174","https://five.epicollect.net/api/media/mycoponics-porterfield?type=photo&format=entry_original&name=a1a37baa-cafc-49b8-b797-d5ce8309aeeb_1788745139.jpg&v=1788745174","https://five.epicollect.net/api/media/mycoponics-porterfield?type=photo&format=entry_original&name=a1a37baa-cafc-49b8-b797-d5ce8309aeeb_1788745141.jpg&v=1788745174","https://five.epicollect.net/api/media/mycoponics-porterfield?type=photo&format=entry_original&name=a1a37baa-cafc-49b8-b797-d5ce8309aeeb_1788745144.jpg&v=1788745174","https://five.epicollect.net/api/media/mycoponics-porterfield?type=photo&format=entry_original&name=a1a37baa-cafc-49b8-b797-d5ce8309aeeb_1788745146.jpg&v=1788745174","https://five.epicollect.net/api/media/mycoponics-porterfield?type=photo&format=entry_original&name=a1a37baa-cafc-49b8-b797-d5ce8309aeeb_1788745148.jpg&v=1788745174","https://five.epicollect.net/api/media/mycoponics-porterfield?type=photo&format=entry_original&name=a1a37baa-cafc-49b8-b797-d5ce8309aeeb_1788745151.jpg&v=1788745174","https://five.epicollect.net/api/media/mycoponics-porterfield?type=photo&format=entry_original&name=a1a37baa-cafc-49b8-b797-d5ce8309aeeb_1788745154.jpg&v=1788745174","","","","","","","","","","","","","","","A4","8/29/2026 7:16:29 PM","d2645ac0-9205-11f1-ba5f-319f359841fc","a1a37baa-cafc-49b8-b797-d5ce8309aeeb","A4","9/7/2026 1:39:34 AM"
"14","[""Yes""]","9","40","[""Yes""]","[""Yes""]","15","33","#ECE1b1","[""Yellow""]","","","[""Yes""]","https://five.epicollect.net/api/media/mycoponics-porterfield?type=photo&format=entry_original&name=a1f0ecd1-197e-4731-b7b1-1fc6727fcf7b_1788749600.jpg&v=1788749660","https://five.epicollect.net/api/media/mycoponics-porterfield?type=photo&format=entry_original&name=a1f0ecd1-197e-4731-b7b1-1fc6727fcf7b_1788749607.jpg&v=1788749660","https://five.epicollect.net/api/media/mycoponics-porterfield?type=photo&format=entry_original&name=a1f0ecd1-197e-4731-b7b1-1fc6727fcf7b_1788749612.jpg&v=1788749660","https://five.epicollect.net/api/media/mycoponics-porterfield?type=photo&format=entry_original&name=a1f0ecd1-197e-4731-b7b1-1fc6727fcf7b_1788749617.jpg&v=1788749660","https://five.epicollect.net/api/media/mycoponics-porterfield?type=photo&format=entry_original&name=a1f0ecd1-197e-4731-b7b1-1fc6727fcf7b_1788749621.jpg&v=1788749660","https://five.epicollect.net/api/media/mycoponics-porterfield?type=photo&format=entry_original&name=a1f0ecd1-197e-4731-b7b1-1fc6727fcf7b_1788749626.jpg&v=1788749660","https://five.epicollect.net/api/media/mycoponics-porterfield?type=photo&format=entry_original&name=a1f0ecd1-197e-4731-b7b1-1fc6727fcf7b_1788749632.jpg&v=1788749660","https://five.epicollect.net/api/media/mycoponics-porterfield?type=photo&format=entry_original&name=a1f0ecd1-197e-4731-b7b1-1fc6727fcf7b_1788749636.jpg&v=1788749660","https://five.epicollect.net/api/media/mycoponics-porterfield?type=photo&format=entry_original&name=a1f0ecd1-197e-4731-b7b1-1fc6727fcf7b_1788749640.jpg&v=1788749660","https://five.epicollect.net/api/media/mycoponics-porterfield?type=photo&format=entry_original&name=a1f0ecd1-197e-4731-b7b1-1fc6727fcf7b_1788749645.jpg&v=1788749660","https://five.epicollect.net/api/media/mycoponics-porterfield?type=photo&format=entry_original&name=a1f0ecd1-197e-4731-b7b1-1fc6727fcf7b_1788749649.jpg&v=1788749660","https://five.epicollect.net/api/media/mycoponics-porterfield?type=photo&format=entry_original&name=a1f0ecd1-197e-4731-b7b1-1fc6727fcf7b_1788749654.jpg&v=1788749660","","","","","","","","","","","","","","","","","","","","B3","8/29/2026 7:05:38 PM","104e6bf0-9206-11f1-9518-87ccf2fafc79","a1f0ecd1-197e-4731-b7b1-1fc6727fcf7b","B3","9/7/2026 2:54:20 AM"
"7","[""Yes""]","10","26","[""Yes""]","[""No""]","","","","[""Green""]","","media","[""No""]","","","","","","","","","","","","","","","","","","","","","","","","","","","","","","","","A4","8/29/2026 7:07:31 PM","0c11aca0-9206-11f1-9518-87ccf2fafc79","a2849aaf-64ac-4eba-9cde-01c66cfd88a7","A4","8/29/2026 7:07:38 PM"
"13","[""No""]","0","13","[""No""]","[""No""]","","","","[]","","","[""No""]","","","","","","","","","","","","","","","","","","","","","","","","","","","","","","","","A2","8/26/2026 6:11:41 PM","acdfe750-9206-11f1-b07c-23192f0e7dfa","a2edbcab-fc9c-4028-b54c-a8a9ae982316","A2","8/26/2026 6:11:43 PM"
"18","[""No""]","","","[""Yes""]","[""No""]","","","","[""Yellow""]","","too little to collect, but i left 3mL in the syringe","[""Yes""]","https://five.epicollect.net/api/media/mycoponics-porterfield?type=photo&format=entry_original&name=a3188ebc-3f41-47d2-b042-b81d9fde01fb_1788753102.jpg&v=1788753108","https://five.epicollect.net/api/media/mycoponics-porterfield?type=photo&format=entry_original&name=a3188ebc-3f41-47d2-b042-b81d9fde01fb_1788753104.jpg&v=1788753108","https://five.epicollect.net/api/media/mycoponics-porterfield?type=photo&format=entry_original&name=a3188ebc-3f41-47d2-b042-b81d9fde01fb_1788753106.jpg&v=1788753108","","","","","","","","","","","","","","","","","","","","","","","","","","","","","A3","8/26/2026 5:20:18 PM","45476810-9207-11f1-8555-b77c5e5555d6","a3188ebc-3f41-47d2-b042-b81d9fde01fb","A3","9/7/2026 3:51:48 AM"
"23","[""No""]","0","23","[""Yes""]","[""No""]","","","","[""Green""]","","media","[""No""]","","","","","","","","","","","","","","","","","","","","","","","","","","","","","","","","D3","8/29/2026 7:04:24 PM","1adbaf60-9206-11f1-9518-87ccf2fafc79","a333d21d-19da-4a25-b832-54fa54c16279","D3","8/29/2026 7:04:54 PM"
"45","[""Yes""]","6","40","[""Yes""]","[""Yes""]","12.2","12.2","#766621","[""Yellow"",""Yellow Gold""]","Brown specks","Liquid clear, just has some small white specks dispersed, but clear! ","[""No""]","","","","","","","","","","","","","","","","","","","","","","","","","","","","","","","","B2","8/9/2026 3:42:51 PM","ab4d77d5-a552-43b2-abfb-821172faf6ad","a3553444-5897-43e5-8fcd-4b2582c6c2e0","B2","8/9/2026 5:34:33 PM"
"9","[""No""]","4","5","[""Yes""]","[""Yes""]","3.5","3.5","#785626","[]","","","[""No""]","","","","","","","","","","","","","","","","","","","","","","","","","","","","","","","","B1","8/26/2026 6:04:58 PM","b3b1f780-9206-11f1-b07c-23192f0e7dfa","a39f315e-61bc-4a7f-8ac9-0fc771a4565d","B1","8/26/2026 6:05:04 PM"
"","[]","","","[]","[]","","","","[]","","","[]","https://five.epicollect.net/api/media/mycoponics-porterfield?type=photo&format=entry_original&name=a4129ea0-aa08-11f1-a927-053478024664_1788708957.jpg&v=1788708975","https://five.epicollect.net/api/media/mycoponics-porterfield?type=photo&format=entry_original&name=a4129ea0-aa08-11f1-a927-053478024664_1788708963.jpg&v=1788708975","","","","","","","","","","","","","","","","","","","","","","","","","","","","","","D1","9/6/2026 3:35:51 PM","624f9900-aa08-11f1-a927-053478024664","a4129ea0-aa08-11f1-a927-053478024664","D1","9/6/2026 3:36:15 PM"
"50","[""No""]","5","45","[""Yes""]","[""Yes""]","5","5","#8E6333","[""Yellow""]","","Seems to be forming exudophores stuctures. The exudate does not have intense coloration but it seems concentrated.","[""Yes""]","https://five.epicollect.net/api/media/mycoponics-porterfield?type=photo&format=entry_original&name=a4434bc5-aa7e-49ec-a3e3-159efcc3528b_1788752829.jpg&v=1788752847","https://five.epicollect.net/api/media/mycoponics-porterfield?type=photo&format=entry_original&name=a4434bc5-aa7e-49ec-a3e3-159efcc3528b_1788752831.jpg&v=1788752847","https://five.epicollect.net/api/media/mycoponics-porterfield?type=photo&format=entry_original&name=a4434bc5-aa7e-49ec-a3e3-159efcc3528b_1788752834.jpg&v=1788752847","https://five.epicollect.net/api/media/mycoponics-porterfield?type=photo&format=entry_original&name=a4434bc5-aa7e-49ec-a3e3-159efcc3528b_1788752845.jpg&v=1788752847","https://five.epicollect.net/api/media/mycoponics-porterfield?type=photo&format=entry_original&name=a4434bc5-aa7e-49ec-a3e3-159efcc3528b_1788752838.jpg&v=1788752847","","","","","","","","","","","","","","","","","","","","","","","","","","","C3","8/26/2026 5:53:40 PM","1a80a1a0-9207-11f1-a488-057d0ae059c0","a4434bc5-aa7e-49ec-a3e3-159efcc3528b","C3","9/7/2026 3:47:27 AM"
"51","[""No""]","6","45","[""Yes""]","[""Yes""]","8","8","","[""Amber""]","","Orangish/sort of looks like oil","[""Yes""]","https://five.epicollect.net/api/media/mycoponics-porterfield?type=photo&format=entry_original&name=a456ac2a-ecbe-41b2-a122-a74fbeb59cf9_1788712472.jpg&v=1788712553","https://five.epicollect.net/api/media/mycoponics-porterfield?type=photo&format=entry_original&name=a456ac2a-ecbe-41b2-a122-a74fbeb59cf9_1788712478.jpg&v=1788712553","https://five.epicollect.net/api/media/mycoponics-porterfield?type=photo&format=entry_original&name=a456ac2a-ecbe-41b2-a122-a74fbeb59cf9_1788712484.jpg&v=1788712553","https://five.epicollect.net/api/media/mycoponics-porterfield?type=photo&format=entry_original&name=a456ac2a-ecbe-41b2-a122-a74fbeb59cf9_1788712490.jpg&v=1788712553","https://five.epicollect.net/api/media/mycoponics-porterfield?type=photo&format=entry_original&name=a456ac2a-ecbe-41b2-a122-a74fbeb59cf9_1788712496.jpg&v=1788712553","https://five.epicollect.net/api/media/mycoponics-porterfield?type=photo&format=entry_original&name=a456ac2a-ecbe-41b2-a122-a74fbeb59cf9_1788712502.jpg&v=1788712553","https://five.epicollect.net/api/media/mycoponics-porterfield?type=photo&format=entry_original&name=a456ac2a-ecbe-41b2-a122-a74fbeb59cf9_1788712509.jpg&v=1788712553","https://five.epicollect.net/api/media/mycoponics-porterfield?type=photo&format=entry_original&name=a456ac2a-ecbe-41b2-a122-a74fbeb59cf9_1788712515.jpg&v=1788712553","https://five.epicollect.net/api/media/mycoponics-porterfield?type=photo&format=entry_original&name=a456ac2a-ecbe-41b2-a122-a74fbeb59cf9_1788712522.jpg&v=1788712553","https://five.epicollect.net/api/media/mycoponics-porterfield?type=photo&format=entry_original&name=a456ac2a-ecbe-41b2-a122-a74fbeb59cf9_1788712526.jpg&v=1788712553","https://five.epicollect.net/api/media/mycoponics-porterfield?type=photo&format=entry_original&name=a456ac2a-ecbe-41b2-a122-a74fbeb59cf9_1788712532.jpg&v=1788712553","https://five.epicollect.net/api/media/mycoponics-porterfield?type=photo&format=entry_original&name=a456ac2a-ecbe-41b2-a122-a74fbeb59cf9_1788712538.jpg&v=1788712553","https://five.epicollect.net/api/media/mycoponics-porterfield?type=photo&format=entry_original&name=a456ac2a-ecbe-41b2-a122-a74fbeb59cf9_1788712544.jpg&v=1788712553","","","","","","","","","","","","","","","","","","Colonization: Fully colonized (over 90%).","B2","8/29/2026 9:03:36 PM","7e15b680-9205-11f1-bc95-0954c57f36fb","a456ac2a-ecbe-41b2-a122-a74fbeb59cf9","B2","9/6/2026 4:35:53 PM"
"35","[""No""]","5","30","[""Yes""]","[""Yes""]","14","","#407900","[""Green""]","","","[""No""]","","","","","","","","","","","","","","","","","","","","","","","","","","","","","","","","D3","8/26/2026 5:33:34 PM","29a87bd0-9207-11f1-9186-31d4e5d7aabc","a4d35bb3-694b-4b42-bca9-15582ecbd21e","D3","8/26/2026 5:33:55 PM"
"21","[""No""]","","21","[""Yes""]","[""No""]","","","","[""Yellow""]","","too little","[""No""]","","","","","","","","","","","","","","","","","","","","","","","","","","","","","","","","A1","8/26/2026 5:21:42 PM","415bd600-9207-11f1-8555-b77c5e5555d6","a59ac158-cbfa-4b5a-a838-542524139729","A1","8/26/2026 5:21:43 PM"
"17","[""Yes""]","9","46","[""Yes""]","[""Yes""]","14","39","#716317","[""Yellow""]","","prob most media","[""Yes""]","https://five.epicollect.net/api/media/mycoponics-porterfield?type=photo&format=entry_original&name=a6149c4b-02ee-477a-9a3f-90f44b7a49ff_1788753333.jpg&v=1788753344","https://five.epicollect.net/api/media/mycoponics-porterfield?type=photo&format=entry_original&name=a6149c4b-02ee-477a-9a3f-90f44b7a49ff_1788753335.jpg&v=1788753344","https://five.epicollect.net/api/media/mycoponics-porterfield?type=photo&format=entry_original&name=a6149c4b-02ee-477a-9a3f-90f44b7a49ff_1788753337.jpg&v=1788753344","","","","","","","","","","","","","","","","","","","","","","","","","","","","","D3","8/26/2026 5:20:18 PM","45476810-9207-11f1-8555-b77c5e5555d6","a6149c4b-02ee-477a-9a3f-90f44b7a49ff","D3","9/7/2026 3:55:44 AM"
"12","[""No""]","","12","[""Yes""]","[""Yes""]","14","45","#A46E03","[""Amber""]","","very beautiful golden color!!!  tiny specks.","[""No""]","","","","","","","","","","","","","","","","","","","","","","","","","","","","","","","","B3","8/26/2026 5:17:32 PM","54fc4000-9207-11f1-aadd-df4879ec2771","a63367ec-2047-4ad5-bd10-88c04514cc3a","B3","8/26/2026 5:17:42 PM"
"14","[""No""]","4","10","[""Yes""]","[""Yes""]","15","37","#ACA680","[""Yellow""]","","","[""No""]","","","","","","","","","","","","","","","","","","","","","","","","","","","","","","","","B2","8/29/2026 9:27:43 PM","70c56600-9206-11f1-a57e-abc999418cec","a6d97117-67e6-4882-9789-4e50a8b3f4b1","B2","8/29/2026 9:27:46 PM"
"20","[""No""]","5","15","[""Yes""]","[""Yes""]","4.5","4.5","#654922","[""Amber""]","","","[""No""]","","","","","","","","","","","","","","","","","","","","","","","","","","","","","","","","B1","8/26/2026 6:11:41 PM","acdfe750-9206-11f1-b07c-23192f0e7dfa","a73f208f-df0a-43a0-959f-9d3afa3de9e5","B1","8/26/2026 6:11:47 PM"
"30","[""No""]","7","23","[""Yes""]","[""Yes""]","14","16","#8A6A1C","[]","","","[""No""]","","","","","","","","","","","","","","","","","","","","","","","","","","","","","","","","D2","8/26/2026 6:04:58 PM","b3b1f780-9206-11f1-b07c-23192f0e7dfa","a7bbac19-eb47-4d80-bc40-30326370ce30","D2","8/26/2026 6:05:15 PM"
"2","[""Yes""]","10","50","[""Yes""]","[""Yes""]","14","39.2","","[""Amber""]","","Amber exudates do not seem diluted and a lot of it was collected. No media leaking into the jar and the humidity was very high but there is no visible water leak.","[""Yes""]","https://five.epicollect.net/api/media/mycoponics-porterfield?type=photo&format=entry_original&name=a7d4536e-2c12-4437-aac7-03a33b5abaa2_1788715126.jpg&v=1788715135","https://five.epicollect.net/api/media/mycoponics-porterfield?type=photo&format=entry_original&name=a7d4536e-2c12-4437-aac7-03a33b5abaa2_1788715131.jpg&v=1788715135","","","","","","","","","","","","","","","","","","","","","","","","","","","","","","A2","8/29/2026 7:24:22 PM","8b5a78d0-9205-11f1-bc95-0954c57f36fb","a7d4536e-2c12-4437-aac7-03a33b5abaa2","A2","9/6/2026 5:18:55 PM"
"20","[""No""]","2","18","[""No""]","[""No""]","","","","[]","","\","[""No""]","","","","","","","","","","","","","","","","","","","","","","","","","","","","","","","","B4","8/27/2026 12:26:11 PM","70c56600-9206-11f1-a57e-abc999418cec","a82dfb87-332e-49cf-b29c-3ff281cd91b1","B4","8/27/2026 12:26:19 PM"
"5","[""Yes""]","4","54","[""No""]","[""No""]","","","","[""Clear""]","","","[""No""]","","","","","","","","","","","","","","","","","","","","","","","","","","","","","","","","A2","8/26/2026 6:00:31 PM","16818790-9207-11f1-a488-057d0ae059c0","a839012e-716a-454b-9863-11324adcb516","A2","8/26/2026 6:00:34 PM"
"0","[""Yes""]","6","54","[""Yes""]","[""Yes""]","14","31","#4c431D","[""Brown""]","","","[""Yes""]","https://five.epicollect.net/api/media/mycoponics-porterfield?type=photo&format=entry_original&name=a83d87c4-b817-498f-908c-617555118ee4_1788043771.jpg&v=1788044542","https://five.epicollect.net/api/media/mycoponics-porterfield?type=photo&format=entry_original&name=a83d87c4-b817-498f-908c-617555118ee4_1788043775.jpg&v=1788044542","https://five.epicollect.net/api/media/mycoponics-porterfield?type=photo&format=entry_original&name=a83d87c4-b817-498f-908c-617555118ee4_1788044375.jpg&v=1788044542","https://five.epicollect.net/api/media/mycoponics-porterfield?type=photo&format=entry_original&name=a83d87c4-b817-498f-908c-617555118ee4_1788044381.jpg&v=1788044542","https://five.epicollect.net/api/media/mycoponics-porterfield?type=photo&format=entry_original&name=a83d87c4-b817-498f-908c-617555118ee4_1788044383.jpg&v=1788044542","https://five.epicollect.net/api/media/mycoponics-porterfield?type=photo&format=entry_original&name=a83d87c4-b817-498f-908c-617555118ee4_1788044386.jpg&v=1788044542","https://five.epicollect.net/api/media/mycoponics-porterfield?type=photo&format=entry_original&name=a83d87c4-b817-498f-908c-617555118ee4_1788044389.jpg&v=1788044542","https://five.epicollect.net/api/media/mycoponics-porterfield?type=photo&format=entry_original&name=a83d87c4-b817-498f-908c-617555118ee4_1788044391.jpg&v=1788044542","https://five.epicollect.net/api/media/mycoponics-porterfield?type=photo&format=entry_original&name=a83d87c4-b817-498f-908c-617555118ee4_1788044392.jpg&v=1788044542","https://five.epicollect.net/api/media/mycoponics-porterfield?type=photo&format=entry_original&name=a83d87c4-b817-498f-908c-617555118ee4_1788044395.jpg&v=1788044542","https://five.epicollect.net/api/media/mycoponics-porterfield?type=photo&format=entry_original&name=a83d87c4-b817-498f-908c-617555118ee4_1788044399.jpg&v=1788044542","https://five.epicollect.net/api/media/mycoponics-porterfield?type=photo&format=entry_original&name=a83d87c4-b817-498f-908c-617555118ee4_1788044401.jpg&v=1788044542","https://five.epicollect.net/api/media/mycoponics-porterfield?type=photo&format=entry_original&name=a83d87c4-b817-498f-908c-617555118ee4_1788044403.jpg&v=1788044542","https://five.epicollect.net/api/media/mycoponics-porterfield?type=photo&format=entry_original&name=a83d87c4-b817-498f-908c-617555118ee4_1788044406.jpg&v=1788044542","https://five.epicollect.net/api/media/mycoponics-porterfield?type=photo&format=entry_original&name=a83d87c4-b817-498f-908c-617555118ee4_1788044410.jpg&v=1788044542","https://five.epicollect.net/api/media/mycoponics-porterfield?type=photo&format=entry_original&name=a83d87c4-b817-498f-908c-617555118ee4_1788044415.jpg&v=1788044542","https://five.epicollect.net/api/media/mycoponics-porterfield?type=photo&format=entry_original&name=a83d87c4-b817-498f-908c-617555118ee4_1788044418.jpg&v=1788044542","https://five.epicollect.net/api/media/mycoponics-porterfield?type=photo&format=entry_original&name=a83d87c4-b817-498f-908c-617555118ee4_1788044420.jpg&v=1788044542","https://five.epicollect.net/api/media/mycoponics-porterfield?type=photo&format=entry_original&name=a83d87c4-b817-498f-908c-617555118ee4_1788044422.jpg&v=1788044542","https://five.epicollect.net/api/media/mycoponics-porterfield?type=photo&format=entry_original&name=a83d87c4-b817-498f-908c-617555118ee4_1788044426.jpg&v=1788044542","https://five.epicollect.net/api/media/mycoponics-porterfield?type=photo&format=entry_original&name=a83d87c4-b817-498f-908c-617555118ee4_1788044428.jpg&v=1788044542","https://five.epicollect.net/api/media/mycoponics-porterfield?type=photo&format=entry_original&name=a83d87c4-b817-498f-908c-617555118ee4_1788044432.jpg&v=1788044542","https://five.epicollect.net/api/media/mycoponics-porterfield?type=photo&format=entry_original&name=a83d87c4-b817-498f-908c-617555118ee4_1788044437.jpg&v=1788044542","","","","","","","","","C3","8/26/2026 2:33:03 PM","992fd070-9207-11f1-b651-5d6fce51deb5","a83d87c4-b817-498f-908c-617555118ee4","C3","8/29/2026 11:02:22 PM"
"10","[""Yes""]","12","28","[""Yes""]","[""No""]","","","","[""Green""]","","media","[""Yes""]","https://five.epicollect.net/api/media/mycoponics-porterfield?type=photo&format=entry_original&name=a83fad27-c4ce-4692-842b-e10c05ce5fed_1788733293.jpg&v=1788733361","https://five.epicollect.net/api/media/mycoponics-porterfield?type=photo&format=entry_original&name=a83fad27-c4ce-4692-842b-e10c05ce5fed_1788733297.jpg&v=1788733361","https://five.epicollect.net/api/media/mycoponics-porterfield?type=photo&format=entry_original&name=a83fad27-c4ce-4692-842b-e10c05ce5fed_1788733301.jpg&v=1788733361","https://five.epicollect.net/api/media/mycoponics-porterfield?type=photo&format=entry_original&name=a83fad27-c4ce-4692-842b-e10c05ce5fed_1788733304.jpg&v=1788733361","https://five.epicollect.net/api/media/mycoponics-porterfield?type=photo&format=entry_original&name=a83fad27-c4ce-4692-842b-e10c05ce5fed_1788733307.jpg&v=1788733361","https://five.epicollect.net/api/media/mycoponics-porterfield?type=photo&format=entry_original&name=a83fad27-c4ce-4692-842b-e10c05ce5fed_1788733310.jpg&v=1788733361","https://five.epicollect.net/api/media/mycoponics-porterfield?type=photo&format=entry_original&name=a83fad27-c4ce-4692-842b-e10c05ce5fed_1788733313.jpg&v=1788733361","https://five.epicollect.net/api/media/mycoponics-porterfield?type=photo&format=entry_original&name=a83fad27-c4ce-4692-842b-e10c05ce5fed_1788733316.jpg&v=1788733361","https://five.epicollect.net/api/media/mycoponics-porterfield?type=photo&format=entry_original&name=a83fad27-c4ce-4692-842b-e10c05ce5fed_1788733319.jpg&v=1788733361","https://five.epicollect.net/api/media/mycoponics-porterfield?type=photo&format=entry_original&name=a83fad27-c4ce-4692-842b-e10c05ce5fed_1788733322.jpg&v=1788733361","https://five.epicollect.net/api/media/mycoponics-porterfield?type=photo&format=entry_original&name=a83fad27-c4ce-4692-842b-e10c05ce5fed_1788733326.jpg&v=1788733361","https://five.epicollect.net/api/media/mycoponics-porterfield?type=photo&format=entry_original&name=a83fad27-c4ce-4692-842b-e10c05ce5fed_1788733328.jpg&v=1788733361","https://five.epicollect.net/api/media/mycoponics-porterfield?type=photo&format=entry_original&name=a83fad27-c4ce-4692-842b-e10c05ce5fed_1788733331.jpg&v=1788733361","https://five.epicollect.net/api/media/mycoponics-porterfield?type=photo&format=entry_original&name=a83fad27-c4ce-4692-842b-e10c05ce5fed_1788733335.jpg&v=1788733361","https://five.epicollect.net/api/media/mycoponics-porterfield?type=photo&format=entry_original&name=a83fad27-c4ce-4692-842b-e10c05ce5fed_1788733340.jpg&v=1788733361","https://five.epicollect.net/api/media/mycoponics-porterfield?type=photo&format=entry_original&name=a83fad27-c4ce-4692-842b-e10c05ce5fed_1788733343.jpg&v=1788733361","https://five.epicollect.net/api/media/mycoponics-porterfield?type=photo&format=entry_original&name=a83fad27-c4ce-4692-842b-e10c05ce5fed_1788733347.jpg&v=1788733361","https://five.epicollect.net/api/media/mycoponics-porterfield?type=photo&format=entry_original&name=a83fad27-c4ce-4692-842b-e10c05ce5fed_1788733350.jpg&v=1788733361","","","","","","","","","","","","","","C4","8/29/2026 7:18:35 PM","beee3510-9205-11f1-9bf5-b15c7c68ff3f","a83fad27-c4ce-4692-842b-e10c05ce5fed","C4","9/6/2026 10:22:41 PM"
"46","[""No""]","14","32","[""Yes""]","[""Yes""]","14","22.7","","["" Orange""]","","It was bubbly when collected. It is orange like orange extract. It is clearish.","[""Yes""]","https://five.epicollect.net/api/media/mycoponics-porterfield?type=photo&format=entry_original&name=a8c36a20-b870-4a9f-b045-cb7775d2c471_1788715914.jpg&v=1788715952","https://five.epicollect.net/api/media/mycoponics-porterfield?type=photo&format=entry_original&name=a8c36a20-b870-4a9f-b045-cb7775d2c471_1788715918.jpg&v=1788715952","https://five.epicollect.net/api/media/mycoponics-porterfield?type=photo&format=entry_original&name=a8c36a20-b870-4a9f-b045-cb7775d2c471_1788715920.jpg&v=1788715952","https://five.epicollect.net/api/media/mycoponics-porterfield?type=photo&format=entry_original&name=a8c36a20-b870-4a9f-b045-cb7775d2c471_1788715922.jpg&v=1788715952","https://five.epicollect.net/api/media/mycoponics-porterfield?type=photo&format=entry_original&name=a8c36a20-b870-4a9f-b045-cb7775d2c471_1788715924.jpg&v=1788715952","https://five.epicollect.net/api/media/mycoponics-porterfield?type=photo&format=entry_original&name=a8c36a20-b870-4a9f-b045-cb7775d2c471_1788715926.jpg&v=1788715952","https://five.epicollect.net/api/media/mycoponics-porterfield?type=photo&format=entry_original&name=a8c36a20-b870-4a9f-b045-cb7775d2c471_1788715929.jpg&v=1788715952","https://five.epicollect.net/api/media/mycoponics-porterfield?type=photo&format=entry_original&name=a8c36a20-b870-4a9f-b045-cb7775d2c471_1788715932.jpg&v=1788715952","https://five.epicollect.net/api/media/mycoponics-porterfield?type=photo&format=entry_original&name=a8c36a20-b870-4a9f-b045-cb7775d2c471_1788715933.jpg&v=1788715952","https://five.epicollect.net/api/media/mycoponics-porterfield?type=photo&format=entry_original&name=a8c36a20-b870-4a9f-b045-cb7775d2c471_1788715935.jpg&v=1788715952","https://five.epicollect.net/api/media/mycoponics-porterfield?type=photo&format=entry_original&name=a8c36a20-b870-4a9f-b045-cb7775d2c471_1788715937.jpg&v=1788715952","https://five.epicollect.net/api/media/mycoponics-porterfield?type=photo&format=entry_original&name=a8c36a20-b870-4a9f-b045-cb7775d2c471_1788715939.jpg&v=1788715952","https://five.epicollect.net/api/media/mycoponics-porterfield?type=photo&format=entry_original&name=a8c36a20-b870-4a9f-b045-cb7775d2c471_1788715941.jpg&v=1788715952","https://five.epicollect.net/api/media/mycoponics-porterfield?type=photo&format=entry_original&name=a8c36a20-b870-4a9f-b045-cb7775d2c471_1788715943.jpg&v=1788715952","https://five.epicollect.net/api/media/mycoponics-porterfield?type=photo&format=entry_original&name=a8c36a20-b870-4a9f-b045-cb7775d2c471_1788715944.jpg&v=1788715952","https://five.epicollect.net/api/media/mycoponics-porterfield?type=photo&format=entry_original&name=a8c36a20-b870-4a9f-b045-cb7775d2c471_1788715946.jpg&v=1788715952","","","","","","","","","","","","","","","The Contamiantion grew significantly all over the tube, reducing the mycelial mass.  However yhe tubes keeps exuding but now it is a combination of droplets. Contamination: Confirmed. Colonization: Moderate colonization (30-60%). Surface density: Moderate fluffy coverage. Edge activity: Contamination expanding. Exudophore formation: None. Exudate localization: Mostly on contamination site. Localization density: abundant.","A2","8/29/2026 7:22:26 PM","a727c810-9205-11f1-bca9-83b388c0a0a4","a8c36a20-b870-4a9f-b045-cb7775d2c471","A2","9/6/2026 5:32:32 PM"
"0","[""Yes""]","0","60","[""Yes""]","[""Yes""]","2","2","","[""Amber""]","","Secreting exudates on the contamination (symbiosis?). Has very concentrated (pee-looking color) exudates. Most concentrated one we got so far!","[""Yes""]","https://five.epicollect.net/api/media/mycoponics-porterfield?type=photo&format=entry_original&name=a8c9ce32-451e-47da-bc4b-0c3688af6623_1788709430.jpg&v=1788709456","https://five.epicollect.net/api/media/mycoponics-porterfield?type=photo&format=entry_original&name=a8c9ce32-451e-47da-bc4b-0c3688af6623_1788709433.jpg&v=1788709456","https://five.epicollect.net/api/media/mycoponics-porterfield?type=photo&format=entry_original&name=a8c9ce32-451e-47da-bc4b-0c3688af6623_1788709436.jpg&v=1788709456","https://five.epicollect.net/api/media/mycoponics-porterfield?type=photo&format=entry_original&name=a8c9ce32-451e-47da-bc4b-0c3688af6623_1788709439.jpg&v=1788709456","https://five.epicollect.net/api/media/mycoponics-porterfield?type=photo&format=entry_original&name=a8c9ce32-451e-47da-bc4b-0c3688af6623_1788709443.jpg&v=1788709456","https://five.epicollect.net/api/media/mycoponics-porterfield?type=photo&format=entry_original&name=a8c9ce32-451e-47da-bc4b-0c3688af6623_1788709447.jpg&v=1788709456","https://five.epicollect.net/api/media/mycoponics-porterfield?type=photo&format=entry_original&name=a8c9ce32-451e-47da-bc4b-0c3688af6623_1788709449.jpg&v=1788709456","","","","","","","","","","","","","","","","","","","","","","","","(Same as before) Contamination: Confirmed. Colonization: Fully colonized (90%).","C2","8/29/2026 8:52:48 PM","12d43e60-9204-11f1-9262-61c43e67bcf5","a8c9ce32-451e-47da-bc4b-0c3688af6623","C2","9/6/2026 3:44:16 PM"
"2","[""Yes""]","6","53","[""Yes""]","[""Yes""]","6","6","#98906B","[""Clear"",""Yellow"",""Pale""]","Tiny white specks","Very very tiny white specks, otherwise clear liquid","[""Yes""]","https://five.epicollect.net/api/media/mycoponics-porterfield?type=photo&format=entry_original&name=a8c9f5b0-25a1-4e43-9411-a46fb3b2b37d_1786116116.jpg&v=1786131057","https://five.epicollect.net/api/media/mycoponics-porterfield?type=photo&format=entry_original&name=a8c9f5b0-25a1-4e43-9411-a46fb3b2b37d_1786116132.jpg&v=1786131057","https://five.epicollect.net/api/media/mycoponics-porterfield?type=photo&format=entry_original&name=a8c9f5b0-25a1-4e43-9411-a46fb3b2b37d_1786116145.jpg&v=1786131057","https://five.epicollect.net/api/media/mycoponics-porterfield?type=photo&format=entry_original&name=a8c9f5b0-25a1-4e43-9411-a46fb3b2b37d_1786116159.jpg&v=1786131057","https://five.epicollect.net/api/media/mycoponics-porterfield?type=photo&format=entry_original&name=a8c9f5b0-25a1-4e43-9411-a46fb3b2b37d_1786116183.jpg&v=1786131057","https://five.epicollect.net/api/media/mycoponics-porterfield?type=photo&format=entry_original&name=a8c9f5b0-25a1-4e43-9411-a46fb3b2b37d_1786116202.jpg&v=1786131057","https://five.epicollect.net/api/media/mycoponics-porterfield?type=photo&format=entry_original&name=a8c9f5b0-25a1-4e43-9411-a46fb3b2b37d_1786116230.jpg&v=1786131057","https://five.epicollect.net/api/media/mycoponics-porterfield?type=photo&format=entry_original&name=a8c9f5b0-25a1-4e43-9411-a46fb3b2b37d_1786116243.jpg&v=1786131057","https://five.epicollect.net/api/media/mycoponics-porterfield?type=photo&format=entry_original&name=a8c9f5b0-25a1-4e43-9411-a46fb3b2b37d_1786116255.jpg&v=1786131057","https://five.epicollect.net/api/media/mycoponics-porterfield?type=photo&format=entry_original&name=a8c9f5b0-25a1-4e43-9411-a46fb3b2b37d_1786116270.jpg&v=1786131057","","","","","","","","","","","","","","","","","","","","","","B3","8/7/2026 3:24:54 PM","351d1278-fe80-48d4-99b7-5df11d522f8d","a8c9f5b0-25a1-4e43-9411-a46fb3b2b37d","B3","8/7/2026 7:30:57 PM"
"27","[""No""]","8","18","[""Yes""]","[""Yes""]","14","20","#7A4900","["" Orange""]","","very very orange! like straight up juice from an orange. very clear liquid besides some dirt-like flakiness i think.","[""No""]","","","","","","","","","","","","","","","","","","","","","","","","","","","","","","","","A2","8/26/2026 2:52:48 PM","832ee130-9207-11f1-a0ac-03e2707c61cb","a8d592ce-c3eb-441e-b8f4-7dc16675a3ac","A2","8/26/2026 2:52:50 PM"
"26","[""No""]","0","26","[""Yes""]","[""Yes""]","14","14","#69632f","[""Yellow""]","","greyish dirt-like specks dispersed in liquid, pretty yellow","[""No""]","","","","","","","","","","","","","","","","","","","","","","","","","","","","","","","","D2","8/26/2026 5:14:40 PM","58fce0b0-9207-11f1-aadd-df4879ec2771","a93f2dc5-56bd-4da0-8e67-dcb073e51e5a","D2","8/26/2026 5:14:57 PM"
"40","[""No""]","0","40","[""Yes""]","[""No""]","","","","["" Orange""]","","","[""No""]","","","","","","","","","","","","","","","","","","","","","","","","","","","","","","","","C2","8/29/2026 7:04:24 PM","1adbaf60-9206-11f1-9518-87ccf2fafc79","a95583e7-9c87-43f0-9c8b-a2541bc7a273","C2","8/29/2026 7:04:42 PM"
"7","[""Yes""]","12","19","[""Yes""]","[""No""]","","","","[""Green""]","","media","[""Yes""]","","","","","","","","","","","","","","","","","","","","","","","","","","","","","","","","D4","8/29/2026 7:09:34 PM","d76eca50-9205-11f1-ba5f-319f359841fc","a995a4fa-daa6-4e8d-b230-37e683270d0a","D4","8/29/2026 7:10:07 PM"
"54","[""No""]","0","54","[""No""]","[""No""]","","","","[]","","","[""No""]","","","","","","","","","","","","","","","","","","","","","","","","","","","","","","","","A1","8/26/2026 5:42:07 PM","25278790-9207-11f1-9186-31d4e5d7aabc","a9d4a490-5ad0-4ab1-a5ef-73662f01d18e","A1","8/26/2026 5:42:08 PM"
"2","[""Yes""]","2","58","[""Yes""]","[""Yes""]","14","23.5","","[""Green""]","","Very diluted green coloration, probably water leaking through the filters or jars cuts.","[""Yes""]","https://five.epicollect.net/api/media/mycoponics-porterfield?type=photo&format=entry_original&name=aa45107c-f0eb-4d68-adbd-5c473f734b45_1788715002.jpg&v=1788715039","https://five.epicollect.net/api/media/mycoponics-porterfield?type=photo&format=entry_original&name=aa45107c-f0eb-4d68-adbd-5c473f734b45_1788715009.jpg&v=1788715039","https://five.epicollect.net/api/media/mycoponics-porterfield?type=photo&format=entry_original&name=aa45107c-f0eb-4d68-adbd-5c473f734b45_1788715015.jpg&v=1788715039","https://five.epicollect.net/api/media/mycoponics-porterfield?type=photo&format=entry_original&name=aa45107c-f0eb-4d68-adbd-5c473f734b45_1788715019.jpg&v=1788715039","https://five.epicollect.net/api/media/mycoponics-porterfield?type=photo&format=entry_original&name=aa45107c-f0eb-4d68-adbd-5c473f734b45_1788715023.jpg&v=1788715039","https://five.epicollect.net/api/media/mycoponics-porterfield?type=photo&format=entry_original&name=aa45107c-f0eb-4d68-adbd-5c473f734b45_1788715027.jpg&v=1788715039","","","","","","","","","","","","","","","","","","","","","","","","","There are very fuzzy structures around the tip of the growth edges of the mycelia. The dripping area thing is looking very dark, like the pit of the bullet-like hole. There seem to be 2-3 areas of where the exudophore structures/growth is happening, and it is at the very bottom. There is minimal growth at the side edges. Contamination: Confirmed. Colonization: Fully colonized (over 90%). Surface density: Dense, thick mycelial tissue. Edge activity: Moderate active growth. Exudophore formation: Visible localized exudates, no branches. Exudate localization: Evenly distributed. Localization density: sparse.","A1","8/29/2026 9:08:18 PM","8b5a78d0-9205-11f1-bc95-0954c57f36fb","aa45107c-f0eb-4d68-adbd-5c473f734b45","A1","9/6/2026 5:17:19 PM"
"18","[""No""]","2","16","[""Yes""]","[""No""]","","","","[""Clear""]","","clear but with mycelial chunk, left in syringe","[""No""]","","","","","","","","","","","","","","","","","","","","","","","","","","","","","","","","A1","8/26/2026 5:14:40 PM","58fce0b0-9207-11f1-aadd-df4879ec2771","ab032bc9-c0c7-49a4-9e36-4de60501b966","A1","8/26/2026 5:14:41 PM"
"8","[""Yes""]","3","40","[""No""]","[""No""]","","","","[]","","","[""No""]","","","","","","","","","","","","","","","","","","","","","","","","","","","","","","","","C3","8/28/2026 12:52:41 PM","212ef2a0-9206-11f1-9518-87ccf2fafc79","ab91f2d4-747b-4f97-be1c-92bde82c5aed","C3","8/28/2026 12:52:58 PM"
"50.5","[""No""]","11.5","38","[""Yes""]","[""Yes""]","5.4","5.4","","[""Amber""]","","a good amount of exudate was stuck in thr parafilm, and dripped out or just stayed stuck. we should fix this today (new jar)","[""Yes""]","https://five.epicollect.net/api/media/mycoponics-porterfield?type=photo&format=entry_original&name=abb65957-8dad-40a7-bb9f-944050f8d63c_1788724349.jpg&v=1788724446","https://five.epicollect.net/api/media/mycoponics-porterfield?type=photo&format=entry_original&name=abb65957-8dad-40a7-bb9f-944050f8d63c_1788724363.jpg&v=1788724446","https://five.epicollect.net/api/media/mycoponics-porterfield?type=photo&format=entry_original&name=abb65957-8dad-40a7-bb9f-944050f8d63c_1788724366.jpg&v=1788724446","https://five.epicollect.net/api/media/mycoponics-porterfield?type=photo&format=entry_original&name=abb65957-8dad-40a7-bb9f-944050f8d63c_1788724369.jpg&v=1788724446","https://five.epicollect.net/api/media/mycoponics-porterfield?type=photo&format=entry_original&name=abb65957-8dad-40a7-bb9f-944050f8d63c_1788724374.jpg&v=1788724446","https://five.epicollect.net/api/media/mycoponics-porterfield?type=photo&format=entry_original&name=abb65957-8dad-40a7-bb9f-944050f8d63c_1788724376.jpg&v=1788724446","https://five.epicollect.net/api/media/mycoponics-porterfield?type=photo&format=entry_original&name=abb65957-8dad-40a7-bb9f-944050f8d63c_1788724379.jpg&v=1788724446","https://five.epicollect.net/api/media/mycoponics-porterfield?type=photo&format=entry_original&name=abb65957-8dad-40a7-bb9f-944050f8d63c_1788724381.jpg&v=1788724446","https://five.epicollect.net/api/media/mycoponics-porterfield?type=photo&format=entry_original&name=abb65957-8dad-40a7-bb9f-944050f8d63c_1788724383.jpg&v=1788724446","https://five.epicollect.net/api/media/mycoponics-porterfield?type=photo&format=entry_original&name=abb65957-8dad-40a7-bb9f-944050f8d63c_1788724386.jpg&v=1788724446","https://five.epicollect.net/api/media/mycoponics-porterfield?type=photo&format=entry_original&name=abb65957-8dad-40a7-bb9f-944050f8d63c_1788724388.jpg&v=1788724446","https://five.epicollect.net/api/media/mycoponics-porterfield?type=photo&format=entry_original&name=abb65957-8dad-40a7-bb9f-944050f8d63c_1788724391.jpg&v=1788724446","https://five.epicollect.net/api/media/mycoponics-porterfield?type=photo&format=entry_original&name=abb65957-8dad-40a7-bb9f-944050f8d63c_1788724394.jpg&v=1788724446","https://five.epicollect.net/api/media/mycoponics-porterfield?type=photo&format=entry_original&name=abb65957-8dad-40a7-bb9f-944050f8d63c_1788724397.jpg&v=1788724446","https://five.epicollect.net/api/media/mycoponics-porterfield?type=photo&format=entry_original&name=abb65957-8dad-40a7-bb9f-944050f8d63c_1788724399.jpg&v=1788724446","https://five.epicollect.net/api/media/mycoponics-porterfield?type=photo&format=entry_original&name=abb65957-8dad-40a7-bb9f-944050f8d63c_1788724402.jpg&v=1788724446","https://five.epicollect.net/api/media/mycoponics-porterfield?type=photo&format=entry_original&name=abb65957-8dad-40a7-bb9f-944050f8d63c_1788724404.jpg&v=1788724446","https://five.epicollect.net/api/media/mycoponics-porterfield?type=photo&format=entry_original&name=abb65957-8dad-40a7-bb9f-944050f8d63c_1788724407.jpg&v=1788724446","https://five.epicollect.net/api/media/mycoponics-porterfield?type=photo&format=entry_original&name=abb65957-8dad-40a7-bb9f-944050f8d63c_1788724410.jpg&v=1788724446","https://five.epicollect.net/api/media/mycoponics-porterfield?type=photo&format=entry_original&name=abb65957-8dad-40a7-bb9f-944050f8d63c_1788724413.jpg&v=1788724446","https://five.epicollect.net/api/media/mycoponics-porterfield?type=photo&format=entry_original&name=abb65957-8dad-40a7-bb9f-944050f8d63c_1788724417.jpg&v=1788724446","https://five.epicollect.net/api/media/mycoponics-porterfield?type=photo&format=entry_original&name=abb65957-8dad-40a7-bb9f-944050f8d63c_1788724420.jpg&v=1788724446","https://five.epicollect.net/api/media/mycoponics-porterfield?type=photo&format=entry_original&name=abb65957-8dad-40a7-bb9f-944050f8d63c_1788724422.jpg&v=1788724446","https://five.epicollect.net/api/media/mycoponics-porterfield?type=photo&format=entry_original&name=abb65957-8dad-40a7-bb9f-944050f8d63c_1788724425.jpg&v=1788724446","https://five.epicollect.net/api/media/mycoponics-porterfield?type=photo&format=entry_original&name=abb65957-8dad-40a7-bb9f-944050f8d63c_1788724429.jpg&v=1788724446","https://five.epicollect.net/api/media/mycoponics-porterfield?type=photo&format=entry_original&name=abb65957-8dad-40a7-bb9f-944050f8d63c_1788724432.jpg&v=1788724446","https://five.epicollect.net/api/media/mycoponics-porterfield?type=photo&format=entry_original&name=abb65957-8dad-40a7-bb9f-944050f8d63c_1788724435.jpg&v=1788724446","https://five.epicollect.net/api/media/mycoponics-porterfield?type=photo&format=entry_original&name=abb65957-8dad-40a7-bb9f-944050f8d63c_1788724437.jpg&v=1788724446","https://five.epicollect.net/api/media/mycoponics-porterfield?type=photo&format=entry_original&name=abb65957-8dad-40a7-bb9f-944050f8d63c_1788724439.jpg&v=1788724446","https://five.epicollect.net/api/media/mycoponics-porterfield?type=photo&format=entry_original&name=abb65957-8dad-40a7-bb9f-944050f8d63c_1788724442.jpg&v=1788724446","","B2","8/29/2026 7:21:20 PM","ac1d01f0-9205-11f1-bca9-83b388c0a0a4","abb65957-8dad-40a7-bb9f-944050f8d63c","B2","9/6/2026 7:54:06 PM"
"16","[""No""]","4","12","[""No""]","[""No""]","","","","[]","","","[""No""]","","","","","","","","","","","","","","","","","","","","","","","","","","","","","","","","D1","8/26/2026 6:11:41 PM","acdfe750-9206-11f1-b07c-23192f0e7dfa","abb7ed27-fc41-40e8-87d8-b108d77f716d","D1","8/26/2026 6:11:58 PM"
"18","[""No""]","0","18","[""Yes""]","[""No""]","","","","[""Yellow""]","","left 3.8mL in syringe","[""No""]","","","","","","","","","","","","","","","","","","","","","","","","","","","","","","","","A1","8/26/2026 3:02:22 PM","72b6b940-9207-11f1-ba24-e7a1a5a09e42","ac4b8a16-eeb9-4b2a-beee-5f66a75d5d2b","A1","8/26/2026 3:02:23 PM"
"30","[""No""]","0","30","[""Yes""]","[""Yes""]","13.5","21","#7e703f","[""Pale""]","","like 2 small black specks at the bottom, but otherwise pretty clear besides Sprite-like bubbles.","[""No""]","","","","","","","","","","","","","","","","","","","","","","","","","","","","","","","","C1","8/26/2026 5:14:40 PM","58fce0b0-9207-11f1-aadd-df4879ec2771","ac6f5d04-11ed-4cbf-b91d-851a9a151d8a","C1","8/26/2026 5:14:51 PM"
"10","[""No""]","0","10","[""Yes""]","[""Yes""]","14","15","#593B00","[""Brown""]","","","[""No""]","","","","","","","","","","","","","","","","","","","","","","","","","","","","","","","","D2","8/26/2026 5:12:55 PM","5e7888a0-9207-11f1-aadd-df4879ec2771","acb6e898-eea7-4cf8-9e01-2af6db9bd417","D2","8/26/2026 5:13:12 PM"
"50","[""No""]","0","47","[""Yes""]","[""Yes""]","3.5","3.5","#997c21","[""Yellow""]","","","[""Yes""]","https://five.epicollect.net/api/media/mycoponics-porterfield?type=photo&format=entry_original&name=ace957cb-e994-4c91-9ef2-bc904ce10214_1788734131.jpg&v=1788734213","https://five.epicollect.net/api/media/mycoponics-porterfield?type=photo&format=entry_original&name=ace957cb-e994-4c91-9ef2-bc904ce10214_1788734135.jpg&v=1788734213","https://five.epicollect.net/api/media/mycoponics-porterfield?type=photo&format=entry_original&name=ace957cb-e994-4c91-9ef2-bc904ce10214_1788734137.jpg&v=1788734213","https://five.epicollect.net/api/media/mycoponics-porterfield?type=photo&format=entry_original&name=ace957cb-e994-4c91-9ef2-bc904ce10214_1788734140.jpg&v=1788734213","https://five.epicollect.net/api/media/mycoponics-porterfield?type=photo&format=entry_original&name=ace957cb-e994-4c91-9ef2-bc904ce10214_1788734142.jpg&v=1788734213","https://five.epicollect.net/api/media/mycoponics-porterfield?type=photo&format=entry_original&name=ace957cb-e994-4c91-9ef2-bc904ce10214_1788734144.jpg&v=1788734213","https://five.epicollect.net/api/media/mycoponics-porterfield?type=photo&format=entry_original&name=ace957cb-e994-4c91-9ef2-bc904ce10214_1788734147.jpg&v=1788734213","https://five.epicollect.net/api/media/mycoponics-porterfield?type=photo&format=entry_original&name=ace957cb-e994-4c91-9ef2-bc904ce10214_1788734151.jpg&v=1788734213","https://five.epicollect.net/api/media/mycoponics-porterfield?type=photo&format=entry_original&name=ace957cb-e994-4c91-9ef2-bc904ce10214_1788734153.jpg&v=1788734213","https://five.epicollect.net/api/media/mycoponics-porterfield?type=photo&format=entry_original&name=ace957cb-e994-4c91-9ef2-bc904ce10214_1788734156.jpg&v=1788734213","https://five.epicollect.net/api/media/mycoponics-porterfield?type=photo&format=entry_original&name=ace957cb-e994-4c91-9ef2-bc904ce10214_1788734159.jpg&v=1788734213","https://five.epicollect.net/api/media/mycoponics-porterfield?type=photo&format=entry_original&name=ace957cb-e994-4c91-9ef2-bc904ce10214_1788734162.jpg&v=1788734213","https://five.epicollect.net/api/media/mycoponics-porterfield?type=photo&format=entry_original&name=ace957cb-e994-4c91-9ef2-bc904ce10214_1788734164.jpg&v=1788734213","https://five.epicollect.net/api/media/mycoponics-porterfield?type=photo&format=entry_original&name=ace957cb-e994-4c91-9ef2-bc904ce10214_1788734167.jpg&v=1788734213","https://five.epicollect.net/api/media/mycoponics-porterfield?type=photo&format=entry_original&name=ace957cb-e994-4c91-9ef2-bc904ce10214_1788734170.jpg&v=1788734213","https://five.epicollect.net/api/media/mycoponics-porterfield?type=photo&format=entry_original&name=ace957cb-e994-4c91-9ef2-bc904ce10214_1788734172.jpg&v=1788734213","https://five.epicollect.net/api/media/mycoponics-porterfield?type=photo&format=entry_original&name=ace957cb-e994-4c91-9ef2-bc904ce10214_1788734174.jpg&v=1788734213","https://five.epicollect.net/api/media/mycoponics-porterfield?type=photo&format=entry_original&name=ace957cb-e994-4c91-9ef2-bc904ce10214_1788734177.jpg&v=1788734213","https://five.epicollect.net/api/media/mycoponics-porterfield?type=photo&format=entry_original&name=ace957cb-e994-4c91-9ef2-bc904ce10214_1788734180.jpg&v=1788734213","https://five.epicollect.net/api/media/mycoponics-porterfield?type=photo&format=entry_original&name=ace957cb-e994-4c91-9ef2-bc904ce10214_1788734183.jpg&v=1788734213","https://five.epicollect.net/api/media/mycoponics-porterfield?type=photo&format=entry_original&name=ace957cb-e994-4c91-9ef2-bc904ce10214_1788734185.jpg&v=1788734213","https://five.epicollect.net/api/media/mycoponics-porterfield?type=photo&format=entry_original&name=ace957cb-e994-4c91-9ef2-bc904ce10214_1788734189.jpg&v=1788734213","https://five.epicollect.net/api/media/mycoponics-porterfield?type=photo&format=entry_original&name=ace957cb-e994-4c91-9ef2-bc904ce10214_1788734192.jpg&v=1788734213","https://five.epicollect.net/api/media/mycoponics-porterfield?type=photo&format=entry_original&name=ace957cb-e994-4c91-9ef2-bc904ce10214_1788734194.jpg&v=1788734213","https://five.epicollect.net/api/media/mycoponics-porterfield?type=photo&format=entry_original&name=ace957cb-e994-4c91-9ef2-bc904ce10214_1788734197.jpg&v=1788734213","https://five.epicollect.net/api/media/mycoponics-porterfield?type=photo&format=entry_original&name=ace957cb-e994-4c91-9ef2-bc904ce10214_1788734199.jpg&v=1788734213","https://five.epicollect.net/api/media/mycoponics-porterfield?type=photo&format=entry_original&name=ace957cb-e994-4c91-9ef2-bc904ce10214_1788734202.jpg&v=1788734213","https://five.epicollect.net/api/media/mycoponics-porterfield?type=photo&format=entry_original&name=ace957cb-e994-4c91-9ef2-bc904ce10214_1788734204.jpg&v=1788734213","https://five.epicollect.net/api/media/mycoponics-porterfield?type=photo&format=entry_original&name=ace957cb-e994-4c91-9ef2-bc904ce10214_1788734207.jpg&v=1788734213","https://five.epicollect.net/api/media/mycoponics-porterfield?type=photo&format=entry_original&name=ace957cb-e994-4c91-9ef2-bc904ce10214_1788734209.jpg&v=1788734213","","B2","8/29/2026 7:17:32 PM","c3bb9ba0-9205-11f1-9bf5-b15c7c68ff3f","ace957cb-e994-4c91-9ef2-bc904ce10214","B2","9/6/2026 10:36:53 PM"
"18","[""No""]","2","16","[""Yes""]","[""Yes""]","4","4","#A98448","[""Yellow""]","","","[""No""]","","","","","","","","","","","","","","","","","","","","","","","","","","","","","","","","C4","8/26/2026 5:42:07 PM","25278790-9207-11f1-9186-31d4e5d7aabc","adb513c8-51a1-4842-a962-28ad0261c700","C4","8/26/2026 5:42:21 PM"
"28","[""No""]","3","25","[""Yes""]","[""No""]","","","","[""Green""]","","media","[""Yes""]","","","","","","","","","","","","","","","","","","","","","","","","","","","","","","","","C4","8/29/2026 7:05:38 PM","104e6bf0-9206-11f1-9518-87ccf2fafc79","adf07723-e269-483b-8fcf-ef4402dc7c89","C4","8/29/2026 7:06:03 PM"
"6","[""Yes""]","5","45","[""Yes""]","[""Yes""]","4.5","","#91692E","[""Yellow""]","","","[""No""]","","","","","","","","","","","","","","","","","","","","","","","","","","","","","","","","B2","8/26/2026 5:33:34 PM","29a87bd0-9207-11f1-9186-31d4e5d7aabc","adf913bb-a24d-4614-a59e-989dbf61f046","B2","8/26/2026 5:33:42 PM"
"16","[""No""]","7","9","[""Yes""]","[""Yes""]","15","27","#826c11","[""Yellow""]","","","[""Yes""]","","","","","","","","","","","","","","","","","","","","","","","","","","","","","","","","B2","8/29/2026 7:08:22 PM","dac34c80-9205-11f1-ba5f-319f359841fc","adfd118a-f2d0-40ae-8f2d-7d3c5d50f8a9","B2","8/29/2026 7:08:33 PM"
"15","[""No""]","0","15","[""Yes""]","[""Yes""]","15.3","18","#874514","[""Red orangish""]","","","[""No""]","","","","","","","","","","","","","","","","","","","","","","","","","","","","","","","","A2","8/28/2026 12:54:14 PM","212ef2a0-9206-11f1-9518-87ccf2fafc79","ae53cde8-a445-4753-a65e-868268a40f1c","A2","8/28/2026 12:54:14 PM"
"8","[""No""]","0","8","[""No""]","[""No""]","","","","[""Clear""]","","","[""Yes""]","https://five.epicollect.net/api/media/mycoponics-porterfield?type=photo&format=entry_original&name=aee077a8-76d5-4ece-9e38-b32bc2f49ece_1788752656.jpg&v=1788752660","","","","","","","","","","","","","","","","","","","","","","","","","","","","","","","A4","8/26/2026 5:53:40 PM","1a80a1a0-9207-11f1-a488-057d0ae059c0","aee077a8-76d5-4ece-9e38-b32bc2f49ece","A4","9/7/2026 3:44:20 AM"
"35","[""No""]","5","30","[""Yes""]","[""Yes""]","15","21","#3D180B","[""Red""]","","","[""No""]","","","","","","","","","","","","","","","","","","","","","","","","","","","","","","","","A2","8/26/2026 5:33:34 PM","29a87bd0-9207-11f1-9186-31d4e5d7aabc","aef7b369-03be-4045-940a-c500cbc09ba0","A2","8/26/2026 5:33:37 PM"
"23","[""Yes""]","7","50","[""Yes""]","[""No""]","","","","[]","","too little to collect","[""No""]","","","","","","","","","","","","","","","","","","","","","","","","","","","","","","","","D4","8/26/2026 12:32:51 PM","3a1d2be0-9208-11f1-9ae6-cbe624cafba5","af78a2ab-1a60-46b8-beac-db9b4704e6c8","D4","8/26/2026 12:33:10 PM"
"20","[""No""]","0","20","[""No""]","[""No""]","","","","[""Green""]","","media","[""No""]","","","","","","","","","","","","","","","","","","","","","","","","","","","","","","","","C4","8/28/2026 12:52:41 PM","212ef2a0-9206-11f1-9518-87ccf2fafc79","af93ad2d-6649-4e99-a010-0f2a34f529d8","C4","8/28/2026 12:52:59 PM"
"50","[""No""]","3","47","[""Yes""]","[""Yes""]","3.5","3.5","#545505","[""Green""]","","","[""No""]","","","","","","","","","","","","","","","","","","","","","","","","","","","","","","","","D2","8/26/2026 5:42:07 PM","25278790-9207-11f1-9186-31d4e5d7aabc","afb78c2a-d38d-4555-9eed-b6704138dd14","D2","8/26/2026 5:42:24 PM"
"47","[""No""]","4","43","[""Yes""]","[""Yes""]","9.5","9.5","#5D6035","[""Green""]","","MEDIA - 2.5 from yesterday Media, chunks","[""No""]","","","","","","","","","","","","","","","","","","","","","","","","","","","","","","","","B4","8/26/2026 3:02:22 PM","72b6b940-9207-11f1-ba24-e7a1a5a09e42","b065a557-ed49-4274-9fe0-3ce074175e0e","B4","8/26/2026 3:02:34 PM"
"24","[""No""]","4","20","[""No""]","[""No""]","","","","[""Clear""]","","No exudates!","[""No""]","","","","","","","","","","","","","","","","","","","","","","","","","","","","","","","","C1","8/28/2026 12:46:31 PM","4ed1fe00-9206-11f1-b91a-4736f6a951ba","b08a6fb1-8b62-4844-84f9-3b8c318553c5","C1","8/28/2026 12:46:42 PM"
"5","[""Yes""]","5","50","[""Yes""]","[""No""]","","","","[""Brown""]","","Not enough exudate to recollect","[""Yes""]","https://five.epicollect.net/api/media/mycoponics-porterfield?type=photo&format=entry_original&name=b139dbf5-0836-43be-a0bd-07db0c9920dd_1788752932.jpg&v=1788752946","https://five.epicollect.net/api/media/mycoponics-porterfield?type=photo&format=entry_original&name=b139dbf5-0836-43be-a0bd-07db0c9920dd_1788752934.jpg&v=1788752946","https://five.epicollect.net/api/media/mycoponics-porterfield?type=photo&format=entry_original&name=b139dbf5-0836-43be-a0bd-07db0c9920dd_1788752936.jpg&v=1788752946","https://five.epicollect.net/api/media/mycoponics-porterfield?type=photo&format=entry_original&name=b139dbf5-0836-43be-a0bd-07db0c9920dd_1788752938.jpg&v=1788752946","https://five.epicollect.net/api/media/mycoponics-porterfield?type=photo&format=entry_original&name=b139dbf5-0836-43be-a0bd-07db0c9920dd_1788752940.jpg&v=1788752946","","","","","","","","","","","","","","","","","","","","","","","","","","","D2","8/26/2026 5:53:40 PM","1a80a1a0-9207-11f1-a488-057d0ae059c0","b139dbf5-0836-43be-a0bd-07db0c9920dd","D2","9/7/2026 3:49:06 AM"
"","[""Yes""]","","60","[""No""]","[""No""]","","","","[]","","*ADDED TO CHAMBER TODAY*","[""Yes""]","https://five.epicollect.net/api/media/mycoponics-porterfield?type=photo&format=entry_original&name=b1d23f83-ebe7-4076-8977-6a914de76a8b_1788711640.jpg&v=1788711647","https://five.epicollect.net/api/media/mycoponics-porterfield?type=photo&format=entry_original&name=b1d23f83-ebe7-4076-8977-6a914de76a8b_1788711643.jpg&v=1788711647","","","","","","","","","","","","","","","","","","","","","","","","","","","","","","A3","8/29/2026 7:34:06 PM","780c9ba0-9205-11f1-bc95-0954c57f36fb","b1d23f83-ebe7-4076-8977-6a914de76a8b","A3","9/6/2026 4:20:47 PM"
"","[""Yes""]","5","55","[""Yes""]","[""Yes""]","10.5","10.5","#9e7001","[""Amber""]","","Very intense coloration. There is bigh droplets stuck on some part of the mycelium that are golden yellow. The mycelial mass is big. There is structures coming out of the main mycelium but they do not have branches.","[""Yes""]","https://five.epicollect.net/api/media/mycoponics-porterfield?type=photo&format=entry_original&name=b2227f7e-f2f9-4f9e-9490-52a358e59066_1788731841.jpg&v=1788731908","https://five.epicollect.net/api/media/mycoponics-porterfield?type=photo&format=entry_original&name=b2227f7e-f2f9-4f9e-9490-52a358e59066_1788731848.jpg&v=1788731908","https://five.epicollect.net/api/media/mycoponics-porterfield?type=photo&format=entry_original&name=b2227f7e-f2f9-4f9e-9490-52a358e59066_1788731853.jpg&v=1788731908","https://five.epicollect.net/api/media/mycoponics-porterfield?type=photo&format=entry_original&name=b2227f7e-f2f9-4f9e-9490-52a358e59066_1788731861.jpg&v=1788731908","https://five.epicollect.net/api/media/mycoponics-porterfield?type=photo&format=entry_original&name=b2227f7e-f2f9-4f9e-9490-52a358e59066_1788731868.jpg&v=1788731908","https://five.epicollect.net/api/media/mycoponics-porterfield?type=photo&format=entry_original&name=b2227f7e-f2f9-4f9e-9490-52a358e59066_1788731875.jpg&v=1788731908","https://five.epicollect.net/api/media/mycoponics-porterfield?type=photo&format=entry_original&name=b2227f7e-f2f9-4f9e-9490-52a358e59066_1788731881.jpg&v=1788731908","https://five.epicollect.net/api/media/mycoponics-porterfield?type=photo&format=entry_original&name=b2227f7e-f2f9-4f9e-9490-52a358e59066_1788731886.jpg&v=1788731908","https://five.epicollect.net/api/media/mycoponics-porterfield?type=photo&format=entry_original&name=b2227f7e-f2f9-4f9e-9490-52a358e59066_1788731892.jpg&v=1788731908","https://five.epicollect.net/api/media/mycoponics-porterfield?type=photo&format=entry_original&name=b2227f7e-f2f9-4f9e-9490-52a358e59066_1788731896.jpg&v=1788731908","https://five.epicollect.net/api/media/mycoponics-porterfield?type=photo&format=entry_original&name=b2227f7e-f2f9-4f9e-9490-52a358e59066_1788731902.jpg&v=1788731908","","","","","","","","","","","","","","","","","","","","Mycelium is growing on the walls. There is a lot of humidity inside the jar which creates the conditions to grow on the walls.","D2","8/29/2026 7:19:59 PM","bb647210-9205-11f1-9bf5-b15c7c68ff3f","b2227f7e-f2f9-4f9e-9490-52a358e59066","D2","9/6/2026 9:58:28 PM"
"5","[""Yes""]","5","45","[""Yes""]","[""Yes""]","8.5","8.5","#5D3201","["" Orange""]","","","[""No""]","","","","","","","","","","","","","","","","","","","","","","","","","","","","","","","","C2","8/26/2026 6:11:41 PM","acdfe750-9206-11f1-b07c-23192f0e7dfa","b25cc97c-2fbd-4143-9d54-637ec8af46b6","C2","8/26/2026 6:11:54 PM"
"7","[""Yes""]","2","57","[""Yes""]","[""No""]","","","","[""Green""]","","left in syringe","[""No""]","","","","","","","","","","","","","","","","","","","","","","","","","","","","","","","contamination looks sandy like charcoal","D1","8/26/2026 5:14:40 PM","58fce0b0-9207-11f1-aadd-df4879ec2771","b27d75a0-0229-4ed6-900d-cac13d9ad6d7","D1","8/26/2026 5:14:56 PM"
"8","[""No""]","2","6","[""No""]","[""No""]","","","","[]","","","[""No""]","","","","","","","","","","","","","","","","","","","","","","","","","","","","","","","","A3","8/26/2026 6:11:41 PM","acdfe750-9206-11f1-b07c-23192f0e7dfa","b2b61474-1a27-435a-9e11-c6ac750a4f1b","A3","8/26/2026 6:11:44 PM"
"10","[""Yes""]","10","49","[""Yes""]","[""Yes""]","14.4","46","#787037","[""Yellow Brownish (cardboard)""]","","a larger black speck at the bottom, clear-ish liquid besides dark dots widely dispersed","[""No""]","","","","","","","","","","","","","","","","","","","","","","","","","","","","","","","","D1","8/26/2026 12:50:07 PM","9dd3dd10-9207-11f1-b651-5d6fce51deb5","b2e9d8af-936a-4067-b69f-9d892af52467","D1","8/26/2026 12:50:22 PM"
"26","[""No""]","6","20","[""No""]","[""No""]","","","","[]","","","[""No""]","","","","","","","","","","","","","","","","","","","","","","","","","","","","","","","","C3","8/26/2026 6:11:41 PM","acdfe750-9206-11f1-b07c-23192f0e7dfa","b31159fb-a54e-4cb2-9b2b-3538808f37ca","C3","8/26/2026 6:11:55 PM"
"6","[""No""]","-6","6","[""No""]","[""No""]","","","","[""Green""]","","it just looked like filtered media so i threw it out","[""Yes""]","https://five.epicollect.net/api/media/mycoponics-porterfield?type=photo&format=entry_original&name=b3bc0577-5f71-41fb-a067-95d830666e76_1788724712.jpg&v=1788727680","https://five.epicollect.net/api/media/mycoponics-porterfield?type=photo&format=entry_original&name=b3bc0577-5f71-41fb-a067-95d830666e76_1788724716.jpg&v=1788727680","https://five.epicollect.net/api/media/mycoponics-porterfield?type=photo&format=entry_original&name=b3bc0577-5f71-41fb-a067-95d830666e76_1788724719.jpg&v=1788727680","https://five.epicollect.net/api/media/mycoponics-porterfield?type=photo&format=entry_original&name=b3bc0577-5f71-41fb-a067-95d830666e76_1788727522.jpg&v=1788727680","https://five.epicollect.net/api/media/mycoponics-porterfield?type=photo&format=entry_original&name=b3bc0577-5f71-41fb-a067-95d830666e76_1788727525.jpg&v=1788727680","https://five.epicollect.net/api/media/mycoponics-porterfield?type=photo&format=entry_original&name=b3bc0577-5f71-41fb-a067-95d830666e76_1788727528.jpg&v=1788727680","https://five.epicollect.net/api/media/mycoponics-porterfield?type=photo&format=entry_original&name=b3bc0577-5f71-41fb-a067-95d830666e76_1788727532.jpg&v=1788727680","https://five.epicollect.net/api/media/mycoponics-porterfield?type=photo&format=entry_original&name=b3bc0577-5f71-41fb-a067-95d830666e76_1788724744.jpg&v=1788727680","https://five.epicollect.net/api/media/mycoponics-porterfield?type=photo&format=entry_original&name=b3bc0577-5f71-41fb-a067-95d830666e76_1788727538.jpg&v=1788727680","https://five.epicollect.net/api/media/mycoponics-porterfield?type=photo&format=entry_original&name=b3bc0577-5f71-41fb-a067-95d830666e76_1788727541.jpg&v=1788727680","https://five.epicollect.net/api/media/mycoponics-porterfield?type=photo&format=entry_original&name=b3bc0577-5f71-41fb-a067-95d830666e76_1788727544.jpg&v=1788727680","https://five.epicollect.net/api/media/mycoponics-porterfield?type=photo&format=entry_original&name=b3bc0577-5f71-41fb-a067-95d830666e76_1788727547.jpg&v=1788727680","https://five.epicollect.net/api/media/mycoponics-porterfield?type=photo&format=entry_original&name=b3bc0577-5f71-41fb-a067-95d830666e76_1788727550.jpg&v=1788727680","https://five.epicollect.net/api/media/mycoponics-porterfield?type=photo&format=entry_original&name=b3bc0577-5f71-41fb-a067-95d830666e76_1788724765.jpg&v=1788727680","https://five.epicollect.net/api/media/mycoponics-porterfield?type=photo&format=entry_original&name=b3bc0577-5f71-41fb-a067-95d830666e76_1788727556.jpg&v=1788727680","https://five.epicollect.net/api/media/mycoponics-porterfield?type=photo&format=entry_original&name=b3bc0577-5f71-41fb-a067-95d830666e76_1788727559.jpg&v=1788727680","https://five.epicollect.net/api/media/mycoponics-porterfield?type=photo&format=entry_original&name=b3bc0577-5f71-41fb-a067-95d830666e76_1788727562.jpg&v=1788727680","https://five.epicollect.net/api/media/mycoponics-porterfield?type=photo&format=entry_original&name=b3bc0577-5f71-41fb-a067-95d830666e76_1788727565.jpg&v=1788727680","https://five.epicollect.net/api/media/mycoponics-porterfield?type=photo&format=entry_original&name=b3bc0577-5f71-41fb-a067-95d830666e76_1788727569.jpg&v=1788727680","https://five.epicollect.net/api/media/mycoponics-porterfield?type=photo&format=entry_original&name=b3bc0577-5f71-41fb-a067-95d830666e76_1788727572.jpg&v=1788727680","https://five.epicollect.net/api/media/mycoponics-porterfield?type=photo&format=entry_original&name=b3bc0577-5f71-41fb-a067-95d830666e76_1788727574.jpg&v=1788727680","https://five.epicollect.net/api/media/mycoponics-porterfield?type=photo&format=entry_original&name=b3bc0577-5f71-41fb-a067-95d830666e76_1788727591.jpg&v=1788727680","https://five.epicollect.net/api/media/mycoponics-porterfield?type=photo&format=entry_original&name=b3bc0577-5f71-41fb-a067-95d830666e76_1788727595.jpg&v=1788727680","https://five.epicollect.net/api/media/mycoponics-porterfield?type=photo&format=entry_original&name=b3bc0577-5f71-41fb-a067-95d830666e76_1788727598.jpg&v=1788727680","https://five.epicollect.net/api/media/mycoponics-porterfield?type=photo&format=entry_original&name=b3bc0577-5f71-41fb-a067-95d830666e76_1788727603.jpg&v=1788727680","https://five.epicollect.net/api/media/mycoponics-porterfield?type=photo&format=entry_original&name=b3bc0577-5f71-41fb-a067-95d830666e76_1788727607.jpg&v=1788727680","https://five.epicollect.net/api/media/mycoponics-porterfield?type=photo&format=entry_original&name=b3bc0577-5f71-41fb-a067-95d830666e76_1788727609.jpg&v=1788727680","https://five.epicollect.net/api/media/mycoponics-porterfield?type=photo&format=entry_original&name=b3bc0577-5f71-41fb-a067-95d830666e76_1788727613.jpg&v=1788727680","https://five.epicollect.net/api/media/mycoponics-porterfield?type=photo&format=entry_original&name=b3bc0577-5f71-41fb-a067-95d830666e76_1788727617.jpg&v=1788727680","https://five.epicollect.net/api/media/mycoponics-porterfield?type=photo&format=entry_original&name=b3bc0577-5f71-41fb-a067-95d830666e76_1788727620.jpg&v=1788727680","","B4","8/29/2026 7:21:20 PM","ac1d01f0-9205-11f1-bca9-83b388c0a0a4","b3bc0577-5f71-41fb-a067-95d830666e76","B4","9/6/2026 8:48:00 PM"
"0","[""Yes""]","2","48","[""No""]","[""No""]","","","","[]","","","[""No""]","","","","","","","","","","","","","","","","","","","","","","","","","","","","","","","","B4","8/26/2026 5:33:34 PM","29a87bd0-9207-11f1-9186-31d4e5d7aabc","b3dcabb4-98ff-4ecd-adee-8ba50330449e","B4","8/26/2026 5:33:44 PM"
"34","[""Yes""]","10","50","[""Yes""]","[""Yes""]","8.5","8.5","","[""Amber""]","","Dark, most of the drops are coming from the contaminated part. This is the one we suspect to be symbiotic","[""Yes""]","https://five.epicollect.net/api/media/mycoponics-porterfield?type=photo&format=entry_original&name=b3e18606-d56b-44b3-9db3-296b089e3418_1788711673.jpg&v=1788711729","https://five.epicollect.net/api/media/mycoponics-porterfield?type=photo&format=entry_original&name=b3e18606-d56b-44b3-9db3-296b089e3418_1788711677.jpg&v=1788711729","https://five.epicollect.net/api/media/mycoponics-porterfield?type=photo&format=entry_original&name=b3e18606-d56b-44b3-9db3-296b089e3418_1788711679.jpg&v=1788711729","https://five.epicollect.net/api/media/mycoponics-porterfield?type=photo&format=entry_original&name=b3e18606-d56b-44b3-9db3-296b089e3418_1788711682.jpg&v=1788711729","https://five.epicollect.net/api/media/mycoponics-porterfield?type=photo&format=entry_original&name=b3e18606-d56b-44b3-9db3-296b089e3418_1788711685.jpg&v=1788711729","https://five.epicollect.net/api/media/mycoponics-porterfield?type=photo&format=entry_original&name=b3e18606-d56b-44b3-9db3-296b089e3418_1788711688.jpg&v=1788711729","","","","","","","","","","","","","","","","","","","","","","","","","","B1","8/29/2026 7:34:06 PM","780c9ba0-9205-11f1-bc95-0954c57f36fb","b3e18606-d56b-44b3-9db3-296b089e3418","B1","9/6/2026 4:22:09 PM"
"41","[""No""]","9","41","[""Yes""]","[""Yes""]","13.7","15","#6D6c49","[""Green""]","","small black dots, only a few in there. pretty viscous/clear-ish media. not put in freezer I don't think.","[""No""]","","","","","","","","","","","","","","","","","","","","","","","","","","","","","","","","A4","8/26/2026 12:50:07 PM","9dd3dd10-9207-11f1-b651-5d6fce51deb5","b40484ea-0968-4fa7-82f0-7fecfd3c6cfe","A4","8/26/2026 12:50:12 PM"
"6","[""Yes""]","7","48","[""Yes""]","[""Yes""]","15","30","#924e3c","[]","","","[""Yes""]","","","","","","","","","","","","","","","","","","","","","","","","","","","","","","","","C2","8/29/2026 7:05:38 PM","104e6bf0-9206-11f1-9518-87ccf2fafc79","b4b1ab90-3600-4458-97ef-1206ee13ea38","C2","8/29/2026 7:05:58 PM"
"3","[""Yes""]","9","50","[""Yes""]","[""No""]","","","","[""Yellow""]","","","[""No""]","","","","","","","","","","","","","","","","","","","","","","","","","","","","","","","","B2","8/26/2026 4:07:05 PM","6e4c3330-9207-11f1-ba24-e7a1a5a09e42","b4c386f7-0e3f-4ea9-a7f0-6f145faaf02b","B2","8/26/2026 4:07:12 PM"
"20","[""No""]","2","18","[""No""]","[""No""]","","","","[""Clear""]","","","[""No""]","","","","","","","","","","","","","","","","","","","","","","","","","","","","","","","","D4","8/26/2026 6:18:45 PM","a1eeb1f0-9206-11f1-b07c-23192f0e7dfa","b50c68da-49b4-42d3-86d2-360c2968e632","D4","8/26/2026 6:19:11 PM"
"10","[""No""]","2","8","[""Yes""]","[""Yes""]","15","34","#8E6000","[""Yellow""]","","","[""No""]","","","","","","","","","","","","","","","","","","","","","","","","","","","","","","","","B2","8/26/2026 5:27:01 PM","309c1dc0-9207-11f1-9186-31d4e5d7aabc","b511aa90-cda7-4b40-b9c5-9309de147d0f","B2","8/26/2026 5:27:10 PM"
"5","[""Yes""]","4","56","[""Yes""]","[""Yes""]","14","17","#7A6C2D","[""Yellow""]","Fibrous/shredded material","tan, sand-like shredded material","[""Yes""]","https://five.epicollect.net/api/media/mycoponics-porterfield?type=photo&format=entry_original&name=b5460153-fe37-47f9-9fa8-ca7970fe80d1_1786119435.jpg&v=1786127848","https://five.epicollect.net/api/media/mycoponics-porterfield?type=photo&format=entry_original&name=b5460153-fe37-47f9-9fa8-ca7970fe80d1_1786119452.jpg&v=1786127848","https://five.epicollect.net/api/media/mycoponics-porterfield?type=photo&format=entry_original&name=b5460153-fe37-47f9-9fa8-ca7970fe80d1_1786119469.jpg&v=1786127848","https://five.epicollect.net/api/media/mycoponics-porterfield?type=photo&format=entry_original&name=b5460153-fe37-47f9-9fa8-ca7970fe80d1_1786119482.jpg&v=1786127848","https://five.epicollect.net/api/media/mycoponics-porterfield?type=photo&format=entry_original&name=b5460153-fe37-47f9-9fa8-ca7970fe80d1_1786119509.jpg&v=1786127848","https://five.epicollect.net/api/media/mycoponics-porterfield?type=photo&format=entry_original&name=b5460153-fe37-47f9-9fa8-ca7970fe80d1_1786119523.jpg&v=1786127848","https://five.epicollect.net/api/media/mycoponics-porterfield?type=photo&format=entry_original&name=b5460153-fe37-47f9-9fa8-ca7970fe80d1_1786119540.jpg&v=1786127848","https://five.epicollect.net/api/media/mycoponics-porterfield?type=photo&format=entry_original&name=b5460153-fe37-47f9-9fa8-ca7970fe80d1_1786119561.jpg&v=1786127848","https://five.epicollect.net/api/media/mycoponics-porterfield?type=photo&format=entry_original&name=b5460153-fe37-47f9-9fa8-ca7970fe80d1_1786119585.jpg&v=1786127848","https://five.epicollect.net/api/media/mycoponics-porterfield?type=photo&format=entry_original&name=b5460153-fe37-47f9-9fa8-ca7970fe80d1_1786119599.jpg&v=1786127848","https://five.epicollect.net/api/media/mycoponics-porterfield?type=photo&format=entry_original&name=b5460153-fe37-47f9-9fa8-ca7970fe80d1_1786119612.jpg&v=1786127848","https://five.epicollect.net/api/media/mycoponics-porterfield?type=photo&format=entry_original&name=b5460153-fe37-47f9-9fa8-ca7970fe80d1_1786119629.jpg&v=1786127848","https://five.epicollect.net/api/media/mycoponics-porterfield?type=photo&format=entry_original&name=b5460153-fe37-47f9-9fa8-ca7970fe80d1_1786119653.jpg&v=1786127848","https://five.epicollect.net/api/media/mycoponics-porterfield?type=photo&format=entry_original&name=b5460153-fe37-47f9-9fa8-ca7970fe80d1_1786119669.jpg&v=1786127848","https://five.epicollect.net/api/media/mycoponics-porterfield?type=photo&format=entry_original&name=b5460153-fe37-47f9-9fa8-ca7970fe80d1_1786119679.jpg&v=1786127848","","","","","","","","","","","","","","","","","C4","8/7/2026 4:21:30 PM","351d1278-fe80-48d4-99b7-5df11d522f8d","b5460153-fe37-47f9-9fa8-ca7970fe80d1","C4","8/7/2026 6:37:28 PM"
"3","[""Yes""]","10","38","[""Yes""]","[""Yes""]","13.1","24","#9a8536","[""Yellow""]","","","[""Yes""]","https://five.epicollect.net/api/media/mycoponics-porterfield?type=photo&format=entry_original&name=b55cdc28-05ad-4df6-b522-a31409f5cccc_1788747263.jpg&v=1788747368","https://five.epicollect.net/api/media/mycoponics-porterfield?type=photo&format=entry_original&name=b55cdc28-05ad-4df6-b522-a31409f5cccc_1788747266.jpg&v=1788747368","https://five.epicollect.net/api/media/mycoponics-porterfield?type=photo&format=entry_original&name=b55cdc28-05ad-4df6-b522-a31409f5cccc_1788747269.jpg&v=1788747368","https://five.epicollect.net/api/media/mycoponics-porterfield?type=photo&format=entry_original&name=b55cdc28-05ad-4df6-b522-a31409f5cccc_1788747271.jpg&v=1788747368","https://five.epicollect.net/api/media/mycoponics-porterfield?type=photo&format=entry_original&name=b55cdc28-05ad-4df6-b522-a31409f5cccc_1788747273.jpg&v=1788747368","https://five.epicollect.net/api/media/mycoponics-porterfield?type=photo&format=entry_original&name=b55cdc28-05ad-4df6-b522-a31409f5cccc_1788747275.jpg&v=1788747368","https://five.epicollect.net/api/media/mycoponics-porterfield?type=photo&format=entry_original&name=b55cdc28-05ad-4df6-b522-a31409f5cccc_1788747278.jpg&v=1788747368","https://five.epicollect.net/api/media/mycoponics-porterfield?type=photo&format=entry_original&name=b55cdc28-05ad-4df6-b522-a31409f5cccc_1788747280.jpg&v=1788747368","https://five.epicollect.net/api/media/mycoponics-porterfield?type=photo&format=entry_original&name=b55cdc28-05ad-4df6-b522-a31409f5cccc_1788747288.jpg&v=1788747368","https://five.epicollect.net/api/media/mycoponics-porterfield?type=photo&format=entry_original&name=b55cdc28-05ad-4df6-b522-a31409f5cccc_1788747295.jpg&v=1788747368","https://five.epicollect.net/api/media/mycoponics-porterfield?type=photo&format=entry_original&name=b55cdc28-05ad-4df6-b522-a31409f5cccc_1788747300.jpg&v=1788747368","https://five.epicollect.net/api/media/mycoponics-porterfield?type=photo&format=entry_original&name=b55cdc28-05ad-4df6-b522-a31409f5cccc_1788747305.jpg&v=1788747368","https://five.epicollect.net/api/media/mycoponics-porterfield?type=photo&format=entry_original&name=b55cdc28-05ad-4df6-b522-a31409f5cccc_1788747310.jpg&v=1788747368","https://five.epicollect.net/api/media/mycoponics-porterfield?type=photo&format=entry_original&name=b55cdc28-05ad-4df6-b522-a31409f5cccc_1788747316.jpg&v=1788747368","https://five.epicollect.net/api/media/mycoponics-porterfield?type=photo&format=entry_original&name=b55cdc28-05ad-4df6-b522-a31409f5cccc_1788747322.jpg&v=1788747368","https://five.epicollect.net/api/media/mycoponics-porterfield?type=photo&format=entry_original&name=b55cdc28-05ad-4df6-b522-a31409f5cccc_1788747326.jpg&v=1788747368","https://five.epicollect.net/api/media/mycoponics-porterfield?type=photo&format=entry_original&name=b55cdc28-05ad-4df6-b522-a31409f5cccc_1788747331.jpg&v=1788747368","https://five.epicollect.net/api/media/mycoponics-porterfield?type=photo&format=entry_original&name=b55cdc28-05ad-4df6-b522-a31409f5cccc_1788747334.jpg&v=1788747368","https://five.epicollect.net/api/media/mycoponics-porterfield?type=photo&format=entry_original&name=b55cdc28-05ad-4df6-b522-a31409f5cccc_1788747337.jpg&v=1788747368","https://five.epicollect.net/api/media/mycoponics-porterfield?type=photo&format=entry_original&name=b55cdc28-05ad-4df6-b522-a31409f5cccc_1788747339.jpg&v=1788747368","https://five.epicollect.net/api/media/mycoponics-porterfield?type=photo&format=entry_original&name=b55cdc28-05ad-4df6-b522-a31409f5cccc_1788747342.jpg&v=1788747368","https://five.epicollect.net/api/media/mycoponics-porterfield?type=photo&format=entry_original&name=b55cdc28-05ad-4df6-b522-a31409f5cccc_1788747345.jpg&v=1788747368","https://five.epicollect.net/api/media/mycoponics-porterfield?type=photo&format=entry_original&name=b55cdc28-05ad-4df6-b522-a31409f5cccc_1788747347.jpg&v=1788747368","https://five.epicollect.net/api/media/mycoponics-porterfield?type=photo&format=entry_original&name=b55cdc28-05ad-4df6-b522-a31409f5cccc_1788747350.jpg&v=1788747368","https://five.epicollect.net/api/media/mycoponics-porterfield?type=photo&format=entry_original&name=b55cdc28-05ad-4df6-b522-a31409f5cccc_1788747352.jpg&v=1788747368","https://five.epicollect.net/api/media/mycoponics-porterfield?type=photo&format=entry_original&name=b55cdc28-05ad-4df6-b522-a31409f5cccc_1788747355.jpg&v=1788747368","https://five.epicollect.net/api/media/mycoponics-porterfield?type=photo&format=entry_original&name=b55cdc28-05ad-4df6-b522-a31409f5cccc_1788747357.jpg&v=1788747368","https://five.epicollect.net/api/media/mycoponics-porterfield?type=photo&format=entry_original&name=b55cdc28-05ad-4df6-b522-a31409f5cccc_1788747360.jpg&v=1788747368","https://five.epicollect.net/api/media/mycoponics-porterfield?type=photo&format=entry_original&name=b55cdc28-05ad-4df6-b522-a31409f5cccc_1788747362.jpg&v=1788747368","https://five.epicollect.net/api/media/mycoponics-porterfield?type=photo&format=entry_original&name=b55cdc28-05ad-4df6-b522-a31409f5cccc_1788747365.jpg&v=1788747368","","B2","8/29/2026 7:09:34 PM","d76eca50-9205-11f1-ba5f-319f359841fc","b55cdc28-05ad-4df6-b522-a31409f5cccc","B2","9/7/2026 2:16:08 AM"
"7","[""No""]","3","4","[""No""]","[""No""]","","","","[]","","","[""No""]","","","","","","","","","","","","","","","","","","","","","","","","","","","","","","","","D4","8/26/2026 5:42:07 PM","25278790-9207-11f1-9186-31d4e5d7aabc","b5a13783-a9c6-4e7c-bce7-6cb5ccf45d6d","D4","8/26/2026 5:42:26 PM"
"9","[""Yes""]","10","46","[""Yes""]","[""Yes""]","14","32","#897237","[""Amber""]","","amber orange-ish color. dirt-like very thin/flaky specks around in the liquid.","[""No""]","","","","","","","","","","","","","","","","","","","","","","","","","","","","","","","","B3","8/26/2026 12:50:07 PM","9dd3dd10-9207-11f1-b651-5d6fce51deb5","b5fb85fb-fcab-4931-9125-2c565101cbc5","B3","8/26/2026 12:50:15 PM"
"15","[""No""]","5","10","[""Yes""]","[""No""]","","","","[""Green""]","","media","[""No""]","","","","","","","","","","","","","","","","","","","","","","","","","","","","","","","","D4","8/26/2026 4:41:09 PM","68feee40-9207-11f1-ba24-e7a1a5a09e42","b6b49bd8-148a-49b7-87eb-de332d3f7bbd","D4","8/26/2026 4:41:29 PM"
"38","[""No""]","4","34","[""Yes""]","[""No""]","","","","[""Yellow""]","","","[""No""]","","","","","","","","","","","","","","","","","","","","","","","","","","","","","","","","A1","8/26/2026 6:18:45 PM","a1eeb1f0-9206-11f1-b07c-23192f0e7dfa","b6c075c1-177a-46c1-940c-3ffd9e8e4475","A1","8/26/2026 6:18:46 PM"
"1","[""Yes""]","9","38","[""Yes""]","[""Yes""]","13","20","#6b5921","[""Yellow""]","","very viscous appearance. because there were many tiny white dots in the exudates (looked like fly embryos), we made 2 vials - one with 13 mL and one with 2","[""Yes""]","https://five.epicollect.net/api/media/mycoponics-porterfield?type=photo&format=entry_original&name=b6c44d97-188e-4505-9aa1-98b632464dba_1788731661.jpg&v=1788731791","https://five.epicollect.net/api/media/mycoponics-porterfield?type=photo&format=entry_original&name=b6c44d97-188e-4505-9aa1-98b632464dba_1788731664.jpg&v=1788731791","https://five.epicollect.net/api/media/mycoponics-porterfield?type=photo&format=entry_original&name=b6c44d97-188e-4505-9aa1-98b632464dba_1788731666.jpg&v=1788731791","https://five.epicollect.net/api/media/mycoponics-porterfield?type=photo&format=entry_original&name=b6c44d97-188e-4505-9aa1-98b632464dba_1788731669.jpg&v=1788731791","https://five.epicollect.net/api/media/mycoponics-porterfield?type=photo&format=entry_original&name=b6c44d97-188e-4505-9aa1-98b632464dba_1788731671.jpg&v=1788731791","https://five.epicollect.net/api/media/mycoponics-porterfield?type=photo&format=entry_original&name=b6c44d97-188e-4505-9aa1-98b632464dba_1788731674.jpg&v=1788731791","https://five.epicollect.net/api/media/mycoponics-porterfield?type=photo&format=entry_original&name=b6c44d97-188e-4505-9aa1-98b632464dba_1788731677.jpg&v=1788731791","https://five.epicollect.net/api/media/mycoponics-porterfield?type=photo&format=entry_original&name=b6c44d97-188e-4505-9aa1-98b632464dba_1788731679.jpg&v=1788731791","https://five.epicollect.net/api/media/mycoponics-porterfield?type=photo&format=entry_original&name=b6c44d97-188e-4505-9aa1-98b632464dba_1788731682.jpg&v=1788731791","https://five.epicollect.net/api/media/mycoponics-porterfield?type=photo&format=entry_original&name=b6c44d97-188e-4505-9aa1-98b632464dba_1788731684.jpg&v=1788731791","https://five.epicollect.net/api/media/mycoponics-porterfield?type=photo&format=entry_original&name=b6c44d97-188e-4505-9aa1-98b632464dba_1788731686.jpg&v=1788731791","https://five.epicollect.net/api/media/mycoponics-porterfield?type=photo&format=entry_original&name=b6c44d97-188e-4505-9aa1-98b632464dba_1788731689.jpg&v=1788731791","https://five.epicollect.net/api/media/mycoponics-porterfield?type=photo&format=entry_original&name=b6c44d97-188e-4505-9aa1-98b632464dba_1788731694.jpg&v=1788731791","https://five.epicollect.net/api/media/mycoponics-porterfield?type=photo&format=entry_original&name=b6c44d97-188e-4505-9aa1-98b632464dba_1788731703.jpg&v=1788731791","https://five.epicollect.net/api/media/mycoponics-porterfield?type=photo&format=entry_original&name=b6c44d97-188e-4505-9aa1-98b632464dba_1788731712.jpg&v=1788731791","https://five.epicollect.net/api/media/mycoponics-porterfield?type=photo&format=entry_original&name=b6c44d97-188e-4505-9aa1-98b632464dba_1788731716.jpg&v=1788731791","https://five.epicollect.net/api/media/mycoponics-porterfield?type=photo&format=entry_original&name=b6c44d97-188e-4505-9aa1-98b632464dba_1788731721.jpg&v=1788731791","https://five.epicollect.net/api/media/mycoponics-porterfield?type=photo&format=entry_original&name=b6c44d97-188e-4505-9aa1-98b632464dba_1788731724.jpg&v=1788731791","https://five.epicollect.net/api/media/mycoponics-porterfield?type=photo&format=entry_original&name=b6c44d97-188e-4505-9aa1-98b632464dba_1788731728.jpg&v=1788731791","https://five.epicollect.net/api/media/mycoponics-porterfield?type=photo&format=entry_original&name=b6c44d97-188e-4505-9aa1-98b632464dba_1788731730.jpg&v=1788731791","https://five.epicollect.net/api/media/mycoponics-porterfield?type=photo&format=entry_original&name=b6c44d97-188e-4505-9aa1-98b632464dba_1788731732.jpg&v=1788731791","https://five.epicollect.net/api/media/mycoponics-porterfield?type=photo&format=entry_original&name=b6c44d97-188e-4505-9aa1-98b632464dba_1788731735.jpg&v=1788731791","https://five.epicollect.net/api/media/mycoponics-porterfield?type=photo&format=entry_original&name=b6c44d97-188e-4505-9aa1-98b632464dba_1788731738.jpg&v=1788731791","https://five.epicollect.net/api/media/mycoponics-porterfield?type=photo&format=entry_original&name=b6c44d97-188e-4505-9aa1-98b632464dba_1788731740.jpg&v=1788731791","https://five.epicollect.net/api/media/mycoponics-porterfield?type=photo&format=entry_original&name=b6c44d97-188e-4505-9aa1-98b632464dba_1788731743.jpg&v=1788731791","https://five.epicollect.net/api/media/mycoponics-porterfield?type=photo&format=entry_original&name=b6c44d97-188e-4505-9aa1-98b632464dba_1788731747.jpg&v=1788731791","https://five.epicollect.net/api/media/mycoponics-porterfield?type=photo&format=entry_original&name=b6c44d97-188e-4505-9aa1-98b632464dba_1788731749.jpg&v=1788731791","https://five.epicollect.net/api/media/mycoponics-porterfield?type=photo&format=entry_original&name=b6c44d97-188e-4505-9aa1-98b632464dba_1788731752.jpg&v=1788731791","https://five.epicollect.net/api/media/mycoponics-porterfield?type=photo&format=entry_original&name=b6c44d97-188e-4505-9aa1-98b632464dba_1788731754.jpg&v=1788731791","https://five.epicollect.net/api/media/mycoponics-porterfield?type=photo&format=entry_original&name=b6c44d97-188e-4505-9aa1-98b632464dba_1788731756.jpg&v=1788731791","pink stuff grew on more sides - looks like icing. in some places, it is red, like near the middle top ridge thing. the pink is going evverywhere- on the air filter, around the parafilm ring at the bottom, EVERywhere. no clue what it represents.","D1","8/29/2026 7:19:59 PM","bb647210-9205-11f1-9bf5-b15c7c68ff3f","b6c44d97-188e-4505-9aa1-98b632464dba","D1","9/6/2026 9:56:31 PM"
"18","[""No""]","2","16","[""No""]","[""No""]","","","","[]","","","[""No""]","","","","","","","","","","","","","","","","","","","","","","","","","","","","","","","","A3","8/26/2026 5:14:40 PM","58fce0b0-9207-11f1-aadd-df4879ec2771","b6f393fc-370d-4654-81e0-0c543e027751","A3","8/26/2026 5:14:44 PM"
"20","[""No""]","5","15","[""Yes""]","[""Yes""]","13","13","#964B00","["" Orange""]","","","[""No""]","","","","","","","","","","","","","","","","","","","","","","","","","","","","","","","","C2","8/26/2026 5:42:07 PM","25278790-9207-11f1-9186-31d4e5d7aabc","b7432965-560d-4067-a73f-e78083cf8fa6","C2","8/26/2026 5:42:19 PM"
"10","[""No""]","2","8","[""Yes""]","[""Yes""]","14","20","#845400","[""Amber""]","","","[""No""]","","","","","","","","","","","","","","","","","","","","","","","","","","","","","","","","D1","8/26/2026 4:41:09 PM","68feee40-9207-11f1-ba24-e7a1a5a09e42","b7514e8a-401b-4778-99e6-6ad41ce57879","D1","8/26/2026 4:41:25 PM"
"39","[""No""]","5","34","[""Yes""]","[""Yes""]","14.2","18.6","#88865A","[""Green""]","Mycelial fragments (small)","small white chunks / specks around in liquid ","[""No""]","","","","","","","","","","","","","","","","","","","","","","","","","","","","","","","","B4","8/9/2026 3:44:46 PM","ab4d77d5-a552-43b2-abfb-821172faf6ad","b7814939-79ab-40df-bed5-419d42e01402","B4","8/9/2026 5:26:52 PM"
"41","[""No""]","4","37","[""Yes""]","[""No""]","","","","[""Green""]","","","[""No""]","","","","","","","","","","","","","","","","","","","","","","","","","","","","","","","","D3","8/26/2026 4:07:05 PM","6e4c3330-9207-11f1-ba24-e7a1a5a09e42","b789842c-665f-4726-8454-94eecf90e387","D3","8/26/2026 4:07:31 PM"
"28","[""No""]","4","16","[""Yes""]","[""Yes""]","11","11","#bc9934","[""Yellow""]","","","[""No""]","","","","","","","","","","","","","","","","","","","","","","","","","","","","","","","","A1","8/29/2026 7:04:24 PM","1adbaf60-9206-11f1-9518-87ccf2fafc79","b7a378ab-191f-447f-8c44-c2336f1fbae8","A1","8/29/2026 7:04:26 PM"
"20","[""No""]","5","15","[""No""]","[""No""]","","","","[]","","","[""Yes""]","https://five.epicollect.net/api/media/mycoponics-porterfield?type=photo&format=entry_original&name=b8179b61-4a31-49fc-80a2-12aa58a29994_1788747655.jpg&v=1788747669","https://five.epicollect.net/api/media/mycoponics-porterfield?type=photo&format=entry_original&name=b8179b61-4a31-49fc-80a2-12aa58a29994_1788747659.jpg&v=1788747669","https://five.epicollect.net/api/media/mycoponics-porterfield?type=photo&format=entry_original&name=b8179b61-4a31-49fc-80a2-12aa58a29994_1788747663.jpg&v=1788747669","","","","","","","","","","","","","","","","","","","","","","","","","","","","","C4","8/29/2026 7:09:34 PM","d76eca50-9205-11f1-ba5f-319f359841fc","b8179b61-4a31-49fc-80a2-12aa58a29994","C4","9/7/2026 2:21:09 AM"
"18","[""Yes""]","6","54","[""Yes""]","[""Yes""]","14","17","#4e5628","[""Green""]","","media","[""No""]","","","","","","","","","","","","","","","","","","","","","","","","","","","","","","","","C4","8/26/2026 1:52:33 AM","4901bb80-9208-11f1-9ae6-cbe624cafba5","b85f62ad-1a94-4d72-891c-fd78ba6c45f8","C4","8/26/2026 1:52:47 AM"
"0","[""Yes""]","7","53","[""Yes""]","[""Yes""]","13.5","13.5","#765724","["" Orange""]","","","[""Yes""]","https://five.epicollect.net/api/media/mycoponics-porterfield?type=photo&format=entry_original&name=b8a60bfb-741c-43a6-9aa2-012424e4bc5b_1788043639.jpg&v=1788043714","https://five.epicollect.net/api/media/mycoponics-porterfield?type=photo&format=entry_original&name=b8a60bfb-741c-43a6-9aa2-012424e4bc5b_1788043645.jpg&v=1788043714","https://five.epicollect.net/api/media/mycoponics-porterfield?type=photo&format=entry_original&name=b8a60bfb-741c-43a6-9aa2-012424e4bc5b_1788043650.jpg&v=1788043714","https://five.epicollect.net/api/media/mycoponics-porterfield?type=photo&format=entry_original&name=b8a60bfb-741c-43a6-9aa2-012424e4bc5b_1788043653.jpg&v=1788043714","https://five.epicollect.net/api/media/mycoponics-porterfield?type=photo&format=entry_original&name=b8a60bfb-741c-43a6-9aa2-012424e4bc5b_1788043656.jpg&v=1788043714","https://five.epicollect.net/api/media/mycoponics-porterfield?type=photo&format=entry_original&name=b8a60bfb-741c-43a6-9aa2-012424e4bc5b_1788043660.jpg&v=1788043714","https://five.epicollect.net/api/media/mycoponics-porterfield?type=photo&format=entry_original&name=b8a60bfb-741c-43a6-9aa2-012424e4bc5b_1788043663.jpg&v=1788043714","https://five.epicollect.net/api/media/mycoponics-porterfield?type=photo&format=entry_original&name=b8a60bfb-741c-43a6-9aa2-012424e4bc5b_1788043666.jpg&v=1788043714","https://five.epicollect.net/api/media/mycoponics-porterfield?type=photo&format=entry_original&name=b8a60bfb-741c-43a6-9aa2-012424e4bc5b_1788043669.jpg&v=1788043714","https://five.epicollect.net/api/media/mycoponics-porterfield?type=photo&format=entry_original&name=b8a60bfb-741c-43a6-9aa2-012424e4bc5b_1788043671.jpg&v=1788043714","https://five.epicollect.net/api/media/mycoponics-porterfield?type=photo&format=entry_original&name=b8a60bfb-741c-43a6-9aa2-012424e4bc5b_1788043676.jpg&v=1788043714","https://five.epicollect.net/api/media/mycoponics-porterfield?type=photo&format=entry_original&name=b8a60bfb-741c-43a6-9aa2-012424e4bc5b_1788043679.jpg&v=1788043714","https://five.epicollect.net/api/media/mycoponics-porterfield?type=photo&format=entry_original&name=b8a60bfb-741c-43a6-9aa2-012424e4bc5b_1788043682.jpg&v=1788043714","https://five.epicollect.net/api/media/mycoponics-porterfield?type=photo&format=entry_original&name=b8a60bfb-741c-43a6-9aa2-012424e4bc5b_1788043684.jpg&v=1788043714","https://five.epicollect.net/api/media/mycoponics-porterfield?type=photo&format=entry_original&name=b8a60bfb-741c-43a6-9aa2-012424e4bc5b_1788043688.jpg&v=1788043714","https://five.epicollect.net/api/media/mycoponics-porterfield?type=photo&format=entry_original&name=b8a60bfb-741c-43a6-9aa2-012424e4bc5b_1788043692.jpg&v=1788043714","https://five.epicollect.net/api/media/mycoponics-porterfield?type=photo&format=entry_original&name=b8a60bfb-741c-43a6-9aa2-012424e4bc5b_1788043696.jpg&v=1788043714","https://five.epicollect.net/api/media/mycoponics-porterfield?type=photo&format=entry_original&name=b8a60bfb-741c-43a6-9aa2-012424e4bc5b_1788043701.jpg&v=1788043714","https://five.epicollect.net/api/media/mycoponics-porterfield?type=photo&format=entry_original&name=b8a60bfb-741c-43a6-9aa2-012424e4bc5b_1788043705.jpg&v=1788043714","https://five.epicollect.net/api/media/mycoponics-porterfield?type=photo&format=entry_original&name=b8a60bfb-741c-43a6-9aa2-012424e4bc5b_1788043708.jpg&v=1788043714","","","","","","","","","","","","C2","8/26/2026 2:33:03 PM","992fd070-9207-11f1-b651-5d6fce51deb5","b8a60bfb-741c-43a6-9aa2-012424e4bc5b","C2","8/29/2026 10:48:34 PM"
"13","[""No""]","8","5","[""Yes""]","[""Yes""]","14","17.1","","[]","","Intense Gold coloration. It looks pretty concentrated. The fungi is creating many exuding structures that are dripping a intense yellow.","[""Yes""]","https://five.epicollect.net/api/media/mycoponics-porterfield?type=photo&format=entry_original&name=b8bc3c1d-45fd-4e7a-baf3-f2f58237aa9d_1788713478.jpg&v=1788713708","https://five.epicollect.net/api/media/mycoponics-porterfield?type=photo&format=entry_original&name=b8bc3c1d-45fd-4e7a-baf3-f2f58237aa9d_1788713486.jpg&v=1788713708","https://five.epicollect.net/api/media/mycoponics-porterfield?type=photo&format=entry_original&name=b8bc3c1d-45fd-4e7a-baf3-f2f58237aa9d_1788713492.jpg&v=1788713708","https://five.epicollect.net/api/media/mycoponics-porterfield?type=photo&format=entry_original&name=b8bc3c1d-45fd-4e7a-baf3-f2f58237aa9d_1788713498.jpg&v=1788713708","https://five.epicollect.net/api/media/mycoponics-porterfield?type=photo&format=entry_original&name=b8bc3c1d-45fd-4e7a-baf3-f2f58237aa9d_1788713505.jpg&v=1788713708","https://five.epicollect.net/api/media/mycoponics-porterfield?type=photo&format=entry_original&name=b8bc3c1d-45fd-4e7a-baf3-f2f58237aa9d_1788713515.jpg&v=1788713708","https://five.epicollect.net/api/media/mycoponics-porterfield?type=photo&format=entry_original&name=b8bc3c1d-45fd-4e7a-baf3-f2f58237aa9d_1788713521.jpg&v=1788713708","https://five.epicollect.net/api/media/mycoponics-porterfield?type=photo&format=entry_original&name=b8bc3c1d-45fd-4e7a-baf3-f2f58237aa9d_1788713528.jpg&v=1788713708","https://five.epicollect.net/api/media/mycoponics-porterfield?type=photo&format=entry_original&name=b8bc3c1d-45fd-4e7a-baf3-f2f58237aa9d_1788713554.jpg&v=1788713708","https://five.epicollect.net/api/media/mycoponics-porterfield?type=photo&format=entry_original&name=b8bc3c1d-45fd-4e7a-baf3-f2f58237aa9d_1788713560.jpg&v=1788713708","https://five.epicollect.net/api/media/mycoponics-porterfield?type=photo&format=entry_original&name=b8bc3c1d-45fd-4e7a-baf3-f2f58237aa9d_1788713567.jpg&v=1788713708","https://five.epicollect.net/api/media/mycoponics-porterfield?type=photo&format=entry_original&name=b8bc3c1d-45fd-4e7a-baf3-f2f58237aa9d_1788713580.jpg&v=1788713708","https://five.epicollect.net/api/media/mycoponics-porterfield?type=photo&format=entry_original&name=b8bc3c1d-45fd-4e7a-baf3-f2f58237aa9d_1788713603.jpg&v=1788713708","https://five.epicollect.net/api/media/mycoponics-porterfield?type=photo&format=entry_original&name=b8bc3c1d-45fd-4e7a-baf3-f2f58237aa9d_1788713609.jpg&v=1788713708","https://five.epicollect.net/api/media/mycoponics-porterfield?type=photo&format=entry_original&name=b8bc3c1d-45fd-4e7a-baf3-f2f58237aa9d_1788713615.jpg&v=1788713708","https://five.epicollect.net/api/media/mycoponics-porterfield?type=photo&format=entry_original&name=b8bc3c1d-45fd-4e7a-baf3-f2f58237aa9d_1788713621.jpg&v=1788713708","https://five.epicollect.net/api/media/mycoponics-porterfield?type=photo&format=entry_original&name=b8bc3c1d-45fd-4e7a-baf3-f2f58237aa9d_1788713627.jpg&v=1788713708","https://five.epicollect.net/api/media/mycoponics-porterfield?type=photo&format=entry_original&name=b8bc3c1d-45fd-4e7a-baf3-f2f58237aa9d_1788713635.jpg&v=1788713708","https://five.epicollect.net/api/media/mycoponics-porterfield?type=photo&format=entry_original&name=b8bc3c1d-45fd-4e7a-baf3-f2f58237aa9d_1788713646.jpg&v=1788713708","https://five.epicollect.net/api/media/mycoponics-porterfield?type=photo&format=entry_original&name=b8bc3c1d-45fd-4e7a-baf3-f2f58237aa9d_1788713685.jpg&v=1788713708","https://five.epicollect.net/api/media/mycoponics-porterfield?type=photo&format=entry_original&name=b8bc3c1d-45fd-4e7a-baf3-f2f58237aa9d_1788713690.jpg&v=1788713708","","","","","","","","","","It presents a lot of mycelial mass. There are no visible branching structures; it is mostly cotton-like tissue growing uniformly all around the tube. However, golden exudates are being secreted from different areas and even accumulating in big droplets.","D2","8/29/2026 7:27:41 PM","856cfc40-9205-11f1-bc95-0954c57f36fb","b8bc3c1d-45fd-4e7a-baf3-f2f58237aa9d","D2","9/6/2026 4:55:08 PM"
"0","[""Yes""]","2","57","[""Yes""]","[""Yes""]","5.3","5.3","#4c290d","[""Red""]","","viscous juice-like red (looks like Kool-aid mixed with dirt)- brown stuff at bottom I think. also, I forgot to put the syringe in there after the procedure we did yesterday, so that's why the media consumption was 0","[""No""]","","","","","","","","","","","","","","","","","","","","","","","","","","","","","","","","A1","8/26/2026 2:52:48 PM","832ee130-9207-11f1-a0ac-03e2707c61cb","b991bb27-dc07-4887-babb-3694f21c636d","A1","8/26/2026 2:52:49 PM"
"25","[""No""]","5","20","[""No""]","[""No""]","","","","[]","","","[""No""]","","","","","","","","","","","","","","","","","","","","","","","","","","","","","","","","D4","8/28/2026 12:52:41 PM","212ef2a0-9206-11f1-9518-87ccf2fafc79","b9adeff0-7953-407d-9cc8-00472ea5b5d0","D4","8/28/2026 12:53:07 PM"
"0","[""Yes""]","0","60","[""Yes""]","[""Yes""]","13","13","#bfb08c","[""Clear""]","","","[""Yes""]","https://five.epicollect.net/api/media/mycoponics-porterfield?type=photo&format=entry_original&name=ba262556-7e94-46cf-8122-58387d95d05a_1788709036.jpg&v=1788709160","https://five.epicollect.net/api/media/mycoponics-porterfield?type=photo&format=entry_original&name=ba262556-7e94-46cf-8122-58387d95d05a_1788709068.jpg&v=1788709160","https://five.epicollect.net/api/media/mycoponics-porterfield?type=photo&format=entry_original&name=ba262556-7e94-46cf-8122-58387d95d05a_1788709076.jpg&v=1788709160","https://five.epicollect.net/api/media/mycoponics-porterfield?type=photo&format=entry_original&name=ba262556-7e94-46cf-8122-58387d95d05a_1788709085.jpg&v=1788709160","https://five.epicollect.net/api/media/mycoponics-porterfield?type=photo&format=entry_original&name=ba262556-7e94-46cf-8122-58387d95d05a_1788709108.jpg&v=1788709160","https://five.epicollect.net/api/media/mycoponics-porterfield?type=photo&format=entry_original&name=ba262556-7e94-46cf-8122-58387d95d05a_1788709116.jpg&v=1788709160","https://five.epicollect.net/api/media/mycoponics-porterfield?type=photo&format=entry_original&name=ba262556-7e94-46cf-8122-58387d95d05a_1788709126.jpg&v=1788709160","https://five.epicollect.net/api/media/mycoponics-porterfield?type=photo&format=entry_original&name=ba262556-7e94-46cf-8122-58387d95d05a_1788709136.jpg&v=1788709160","https://five.epicollect.net/api/media/mycoponics-porterfield?type=photo&format=entry_original&name=ba262556-7e94-46cf-8122-58387d95d05a_1788709143.jpg&v=1788709160","https://five.epicollect.net/api/media/mycoponics-porterfield?type=photo&format=entry_original&name=ba262556-7e94-46cf-8122-58387d95d05a_1788709150.jpg&v=1788709160","","","","","","","","","","","","","","","","","","","","","Droplets on the wall are bigger shaped, less sparse, but definitely there and interfering with photos lol The structure has many branchings and looks like popcorn at the ends. There is some goldish and blackish looking mold? The gold is most likely the liquid exudates that are being produced, very beautifully seen from below (slideshow). Also, we added 60mL because it spilled before. Contamination: Possible. Colonization: Fully colonized (90%). Surface density: Very dense/overgrown/3D structures. Edge activity: Highly active expanding front. Exudophore formation: Tiny droplets beginning. Exudate localization: Isolated droplets. Localization density: sparse.","A1","8/29/2026 8:52:48 PM","12d43e60-9204-11f1-9262-61c43e67bcf5","ba262556-7e94-46cf-8122-58387d95d05a","A1","9/6/2026 3:39:20 PM"
"2","[""Yes""]","5","53","[""Yes""]","[""Yes""]","13","17","#a89251","[""Yellow""]","","At first, I thought it was just filtered media since the mycelium is not fully covering the tube; it has colonized only about a quarter of the ceramic. However, I saw two golden droplets on the mycelium, so it is definitely exudate! This is the first of the new tubes to exude","[""Yes""]","https://five.epicollect.net/api/media/mycoponics-porterfield?type=photo&format=entry_original&name=ba6a93ae-9d72-4b44-89dd-c1be236d4a99_1788732740.jpg&v=1788732794","https://five.epicollect.net/api/media/mycoponics-porterfield?type=photo&format=entry_original&name=ba6a93ae-9d72-4b44-89dd-c1be236d4a99_1788732749.jpg&v=1788732794","https://five.epicollect.net/api/media/mycoponics-porterfield?type=photo&format=entry_original&name=ba6a93ae-9d72-4b44-89dd-c1be236d4a99_1788732756.jpg&v=1788732794","","","","","","","","","","","","","","","","","","","","","","","","","","","","","B3","8/29/2026 7:18:35 PM","beee3510-9205-11f1-9bf5-b15c7c68ff3f","ba6a93ae-9d72-4b44-89dd-c1be236d4a99","B3","9/6/2026 10:13:14 PM"
"16","[""No""]","2","14","[""No""]","[""No""]","","","","[]","","No exudate drops","[""No""]","","","","","","","","","","","","","","","","","","","","","","","","","","","","","","","","A3","8/28/2026 12:46:31 PM","4ed1fe00-9206-11f1-b91a-4736f6a951ba","ba758bb0-3bd8-40cc-9671-886c9dfc31c3","A3","8/28/2026 12:46:33 PM"
"5","[""Yes""]","5","40","[""Yes""]","[""Yes""]","13","20","#d19d53","["" Orange""]","","","[""Yes""]","https://five.epicollect.net/api/media/mycoponics-porterfield?type=photo&format=entry_original&name=bbc4eb0f-66ea-4d65-adf0-f91ad4a08e6e_1788735930.jpg&v=1788736018","https://five.epicollect.net/api/media/mycoponics-porterfield?type=photo&format=entry_original&name=bbc4eb0f-66ea-4d65-adf0-f91ad4a08e6e_1788735933.jpg&v=1788736018","https://five.epicollect.net/api/media/mycoponics-porterfield?type=photo&format=entry_original&name=bbc4eb0f-66ea-4d65-adf0-f91ad4a08e6e_1788735935.jpg&v=1788736018","https://five.epicollect.net/api/media/mycoponics-porterfield?type=photo&format=entry_original&name=bbc4eb0f-66ea-4d65-adf0-f91ad4a08e6e_1788735938.jpg&v=1788736018","https://five.epicollect.net/api/media/mycoponics-porterfield?type=photo&format=entry_original&name=bbc4eb0f-66ea-4d65-adf0-f91ad4a08e6e_1788735940.jpg&v=1788736018","https://five.epicollect.net/api/media/mycoponics-porterfield?type=photo&format=entry_original&name=bbc4eb0f-66ea-4d65-adf0-f91ad4a08e6e_1788735942.jpg&v=1788736018","https://five.epicollect.net/api/media/mycoponics-porterfield?type=photo&format=entry_original&name=bbc4eb0f-66ea-4d65-adf0-f91ad4a08e6e_1788735945.jpg&v=1788736018","https://five.epicollect.net/api/media/mycoponics-porterfield?type=photo&format=entry_original&name=bbc4eb0f-66ea-4d65-adf0-f91ad4a08e6e_1788735950.jpg&v=1788736018","https://five.epicollect.net/api/media/mycoponics-porterfield?type=photo&format=entry_original&name=bbc4eb0f-66ea-4d65-adf0-f91ad4a08e6e_1788735953.jpg&v=1788736018","https://five.epicollect.net/api/media/mycoponics-porterfield?type=photo&format=entry_original&name=bbc4eb0f-66ea-4d65-adf0-f91ad4a08e6e_1788735957.jpg&v=1788736018","https://five.epicollect.net/api/media/mycoponics-porterfield?type=photo&format=entry_original&name=bbc4eb0f-66ea-4d65-adf0-f91ad4a08e6e_1788735960.jpg&v=1788736018","https://five.epicollect.net/api/media/mycoponics-porterfield?type=photo&format=entry_original&name=bbc4eb0f-66ea-4d65-adf0-f91ad4a08e6e_1788735962.jpg&v=1788736018","https://five.epicollect.net/api/media/mycoponics-porterfield?type=photo&format=entry_original&name=bbc4eb0f-66ea-4d65-adf0-f91ad4a08e6e_1788735965.jpg&v=1788736018","https://five.epicollect.net/api/media/mycoponics-porterfield?type=photo&format=entry_original&name=bbc4eb0f-66ea-4d65-adf0-f91ad4a08e6e_1788735968.jpg&v=1788736018","https://five.epicollect.net/api/media/mycoponics-porterfield?type=photo&format=entry_original&name=bbc4eb0f-66ea-4d65-adf0-f91ad4a08e6e_1788735972.jpg&v=1788736018","https://five.epicollect.net/api/media/mycoponics-porterfield?type=photo&format=entry_original&name=bbc4eb0f-66ea-4d65-adf0-f91ad4a08e6e_1788735975.jpg&v=1788736018","https://five.epicollect.net/api/media/mycoponics-porterfield?type=photo&format=entry_original&name=bbc4eb0f-66ea-4d65-adf0-f91ad4a08e6e_1788735980.jpg&v=1788736018","https://five.epicollect.net/api/media/mycoponics-porterfield?type=photo&format=entry_original&name=bbc4eb0f-66ea-4d65-adf0-f91ad4a08e6e_1788735984.jpg&v=1788736018","https://five.epicollect.net/api/media/mycoponics-porterfield?type=photo&format=entry_original&name=bbc4eb0f-66ea-4d65-adf0-f91ad4a08e6e_1788735987.jpg&v=1788736018","https://five.epicollect.net/api/media/mycoponics-porterfield?type=photo&format=entry_original&name=bbc4eb0f-66ea-4d65-adf0-f91ad4a08e6e_1788735990.jpg&v=1788736018","https://five.epicollect.net/api/media/mycoponics-porterfield?type=photo&format=entry_original&name=bbc4eb0f-66ea-4d65-adf0-f91ad4a08e6e_1788735992.jpg&v=1788736018","https://five.epicollect.net/api/media/mycoponics-porterfield?type=photo&format=entry_original&name=bbc4eb0f-66ea-4d65-adf0-f91ad4a08e6e_1788735995.jpg&v=1788736018","https://five.epicollect.net/api/media/mycoponics-porterfield?type=photo&format=entry_original&name=bbc4eb0f-66ea-4d65-adf0-f91ad4a08e6e_1788735998.jpg&v=1788736018","https://five.epicollect.net/api/media/mycoponics-porterfield?type=photo&format=entry_original&name=bbc4eb0f-66ea-4d65-adf0-f91ad4a08e6e_1788736001.jpg&v=1788736018","https://five.epicollect.net/api/media/mycoponics-porterfield?type=photo&format=entry_original&name=bbc4eb0f-66ea-4d65-adf0-f91ad4a08e6e_1788736003.jpg&v=1788736018","https://five.epicollect.net/api/media/mycoponics-porterfield?type=photo&format=entry_original&name=bbc4eb0f-66ea-4d65-adf0-f91ad4a08e6e_1788736006.jpg&v=1788736018","https://five.epicollect.net/api/media/mycoponics-porterfield?type=photo&format=entry_original&name=bbc4eb0f-66ea-4d65-adf0-f91ad4a08e6e_1788736008.jpg&v=1788736018","https://five.epicollect.net/api/media/mycoponics-porterfield?type=photo&format=entry_original&name=bbc4eb0f-66ea-4d65-adf0-f91ad4a08e6e_1788736011.jpg&v=1788736018","https://five.epicollect.net/api/media/mycoponics-porterfield?type=photo&format=entry_original&name=bbc4eb0f-66ea-4d65-adf0-f91ad4a08e6e_1788736013.jpg&v=1788736018","","Media notes: old media smelled bad.","A2","8/29/2026 7:16:29 PM","d2645ac0-9205-11f1-ba5f-319f359841fc","bbc4eb0f-66ea-4d65-adf0-f91ad4a08e6e","A2","9/6/2026 11:06:58 PM"
"27","[""No""]","","","[""Yes""]","[""Yes""]","14.3","14.3","#6E581C","[""Amber""]","","Very beautiful amber color! Very tiny tiny brown specks sparsely distributed.","[""No""]","","","","","","","","","","","","","","","","","","","","","","","","","","","","","","","","B3","8/26/2026 4:07:05 PM","6e4c3330-9207-11f1-ba24-e7a1a5a09e42","bbed61bb-8cb3-48ed-8fb2-675e8ee3b119","B3","8/26/2026 4:07:14 PM"
"","[""No""]","","60","[""No""]","[""No""]","","","","[]","","","[""Yes""]","https://five.epicollect.net/api/media/mycoponics-porterfield?type=photo&format=entry_original&name=bc08e173-fe8f-406c-8c1e-378f81c139fb_1788709955.jpg&v=1788709986","https://five.epicollect.net/api/media/mycoponics-porterfield?type=photo&format=entry_original&name=bc08e173-fe8f-406c-8c1e-378f81c139fb_1788709958.jpg&v=1788709986","https://five.epicollect.net/api/media/mycoponics-porterfield?type=photo&format=entry_original&name=bc08e173-fe8f-406c-8c1e-378f81c139fb_1788709960.jpg&v=1788709986","https://five.epicollect.net/api/media/mycoponics-porterfield?type=photo&format=entry_original&name=bc08e173-fe8f-406c-8c1e-378f81c139fb_1788709964.jpg&v=1788709986","https://five.epicollect.net/api/media/mycoponics-porterfield?type=photo&format=entry_original&name=bc08e173-fe8f-406c-8c1e-378f81c139fb_1788709969.jpg&v=1788709986","https://five.epicollect.net/api/media/mycoponics-porterfield?type=photo&format=entry_original&name=bc08e173-fe8f-406c-8c1e-378f81c139fb_1788709971.jpg&v=1788709986","https://five.epicollect.net/api/media/mycoponics-porterfield?type=photo&format=entry_original&name=bc08e173-fe8f-406c-8c1e-378f81c139fb_1788709974.jpg&v=1788709986","https://five.epicollect.net/api/media/mycoponics-porterfield?type=photo&format=entry_original&name=bc08e173-fe8f-406c-8c1e-378f81c139fb_1788709978.jpg&v=1788709986","","","","","","","","","","","","","","","","","","","","","","","","C2","8/29/2026 7:35:41 PM","196bdda0-9204-11f1-9262-61c43e67bcf5","bc08e173-fe8f-406c-8c1e-378f81c139fb","C2","9/6/2026 3:53:06 PM"
"35","[""No""]","5","30","[""Yes""]","[""Yes""]","15","18","#855400","[""Amber""]","","","[""No""]","","","","","","","","","","","","","","","","","","","","","","","","","","","","","","","","D2","8/26/2026 5:33:34 PM","29a87bd0-9207-11f1-9186-31d4e5d7aabc","bc549ba6-cc2b-4d1b-a965-5b4e0afd1d31","D2","8/26/2026 5:33:53 PM"
"19","[""Yes""]","5","50","[""Yes""]","[""Yes""]","13","13","#7c6f2d","[""Yellow""]","","","[""No""]","","","","","","","","","","","","","","","","","","","","","","","","","","","","","","","","D2","8/26/2026 1:52:33 AM","4901bb80-9208-11f1-9ae6-cbe624cafba5","bcb80ce9-b261-4a98-a918-dda40873b074","D2","8/26/2026 1:52:50 AM"
"0.5","[""Yes""]","6","48","[""Yes""]","[""Yes""]","8.5","8.5","#94733F","[""Yellow""]","","could be media long finger structures dripping at bottom!","[""No""]","","","","","","","","","","","","","","","","","","","","","","","","","","","","","","","long finger strucryees dripping","C4","8/26/2026 5:24:48 PM","3cb0c480-9207-11f1-8555-b77c5e5555d6","be7d94ea-9b81-457a-b0e1-f24cfc967436","C4","8/26/2026 5:24:50 PM"
"16","[""Yes""]","16","44","[""Yes""]","[""Yes""]","13.6","23.6","#8f6b0c","[""Amber""]","","","[""Yes""]","https://five.epicollect.net/api/media/mycoponics-porterfield?type=photo&format=entry_original&name=bea2ab67-3a82-4735-a445-da2578765258_1788040442.jpg&v=1788040579","https://five.epicollect.net/api/media/mycoponics-porterfield?type=photo&format=entry_original&name=bea2ab67-3a82-4735-a445-da2578765258_1788040447.jpg&v=1788040579","https://five.epicollect.net/api/media/mycoponics-porterfield?type=photo&format=entry_original&name=bea2ab67-3a82-4735-a445-da2578765258_1788040452.jpg&v=1788040579","https://five.epicollect.net/api/media/mycoponics-porterfield?type=photo&format=entry_original&name=bea2ab67-3a82-4735-a445-da2578765258_1788040458.jpg&v=1788040579","https://five.epicollect.net/api/media/mycoponics-porterfield?type=photo&format=entry_original&name=bea2ab67-3a82-4735-a445-da2578765258_1788040465.jpg&v=1788040579","https://five.epicollect.net/api/media/mycoponics-porterfield?type=photo&format=entry_original&name=bea2ab67-3a82-4735-a445-da2578765258_1788040474.jpg&v=1788040579","https://five.epicollect.net/api/media/mycoponics-porterfield?type=photo&format=entry_original&name=bea2ab67-3a82-4735-a445-da2578765258_1788040479.jpg&v=1788040579","https://five.epicollect.net/api/media/mycoponics-porterfield?type=photo&format=entry_original&name=bea2ab67-3a82-4735-a445-da2578765258_1788040484.jpg&v=1788040579","https://five.epicollect.net/api/media/mycoponics-porterfield?type=photo&format=entry_original&name=bea2ab67-3a82-4735-a445-da2578765258_1788040496.jpg&v=1788040579","https://five.epicollect.net/api/media/mycoponics-porterfield?type=photo&format=entry_original&name=bea2ab67-3a82-4735-a445-da2578765258_1788040504.jpg&v=1788040579","https://five.epicollect.net/api/media/mycoponics-porterfield?type=photo&format=entry_original&name=bea2ab67-3a82-4735-a445-da2578765258_1788040510.jpg&v=1788040579","https://five.epicollect.net/api/media/mycoponics-porterfield?type=photo&format=entry_original&name=bea2ab67-3a82-4735-a445-da2578765258_1788040522.jpg&v=1788040579","https://five.epicollect.net/api/media/mycoponics-porterfield?type=photo&format=entry_original&name=bea2ab67-3a82-4735-a445-da2578765258_1788040530.jpg&v=1788040579","https://five.epicollect.net/api/media/mycoponics-porterfield?type=photo&format=entry_original&name=bea2ab67-3a82-4735-a445-da2578765258_1788040539.jpg&v=1788040579","https://five.epicollect.net/api/media/mycoponics-porterfield?type=photo&format=entry_original&name=bea2ab67-3a82-4735-a445-da2578765258_1788040555.jpg&v=1788040579","https://five.epicollect.net/api/media/mycoponics-porterfield?type=photo&format=entry_original&name=bea2ab67-3a82-4735-a445-da2578765258_1788040561.jpg&v=1788040579","https://five.epicollect.net/api/media/mycoponics-porterfield?type=photo&format=entry_original&name=bea2ab67-3a82-4735-a445-da2578765258_1788040567.jpg&v=1788040579","","","","","","","","","","","","","","","B3","8/26/2026 2:33:03 PM","992fd070-9207-11f1-b651-5d6fce51deb5","bea2ab67-3a82-4735-a445-da2578765258","B3","8/29/2026 9:56:19 PM"
"20","[""No""]","8","12","[""No""]","[""No""]","","","","[]","","","[""No""]","","","","","","","","","","","","","","","","","","","","","","","","","","","","","","","","A4","8/26/2026 6:08:11 PM","af959170-9206-11f1-b07c-23192f0e7dfa","bf04a36d-7a93-466a-b0e2-d4584dc676f8","A4","8/26/2026 6:08:17 PM"
"32","[""No""]","4","28","[""Yes""]","[""Yes""]","10","10","#806731","[""Yellow""]","","White particles present in the media.","[""Yes""]","","","","","","","","","","","","","","","","","","","","","","","","","","","","","","","","D1","8/29/2026 7:18:35 PM","beee3510-9205-11f1-9bf5-b15c7c68ff3f","bf1db6fd-2c54-4e22-be72-285d0f9d9b37","D1","8/29/2026 7:19:03 PM"
"15","[""No""]","5","13","[""No""]","[""No""]","","","","[]","","","[""No""]","","","","","","","","","","","","","","","","","","","","","","","","","","","","","","","","D3","8/28/2026 12:52:41 PM","212ef2a0-9206-11f1-9518-87ccf2fafc79","bf696b00-b3ba-4900-8455-166715021621","D3","8/28/2026 12:53:05 PM"
"7","[""No""]","0","7","[""No""]","[""No""]","","","","[]","","","[""Yes""]","","","","","","","","","","","","","","","","","","","","","","","","","","","","","","","","C4","8/29/2026 7:22:26 PM","a727c810-9205-11f1-bca9-83b388c0a0a4","bfa3c9c9-af4c-4509-81ad-820ec4baaee8","C4","8/29/2026 7:22:50 PM"
"0","[""Yes""]","10","43","[""No""]","[""No""]","","","","[]","","","[""No""]","","","","","","","","","","","","","","","","","","","","","","","","","","","","","","","","D4","8/26/2026 5:33:34 PM","29a87bd0-9207-11f1-9186-31d4e5d7aabc","bfa93553-4a5a-445f-af8f-b1f54522f10f","D4","8/26/2026 5:33:57 PM"
"24","[""Yes""]","7","41","[""Yes""]","[""Yes""]","10.4","18","#8f7e49","[""Yellow""]","","very chunky (i took a photo)- looks like parts of fungus fell or smth. very sticky bottom. i predict fungus will start growing on the floor of it","[""Yes""]","https://five.epicollect.net/api/media/mycoponics-porterfield?type=photo&format=entry_original&name=bfb1a11f-6341-4497-b36d-01688bb0ecb0_1788727834.jpg&v=1788727929","https://five.epicollect.net/api/media/mycoponics-porterfield?type=photo&format=entry_original&name=bfb1a11f-6341-4497-b36d-01688bb0ecb0_1788727836.jpg&v=1788727929","https://five.epicollect.net/api/media/mycoponics-porterfield?type=photo&format=entry_original&name=bfb1a11f-6341-4497-b36d-01688bb0ecb0_1788727839.jpg&v=1788727929","https://five.epicollect.net/api/media/mycoponics-porterfield?type=photo&format=entry_original&name=bfb1a11f-6341-4497-b36d-01688bb0ecb0_1788727841.jpg&v=1788727929","https://five.epicollect.net/api/media/mycoponics-porterfield?type=photo&format=entry_original&name=bfb1a11f-6341-4497-b36d-01688bb0ecb0_1788727844.jpg&v=1788727929","https://five.epicollect.net/api/media/mycoponics-porterfield?type=photo&format=entry_original&name=bfb1a11f-6341-4497-b36d-01688bb0ecb0_1788727847.jpg&v=1788727929","https://five.epicollect.net/api/media/mycoponics-porterfield?type=photo&format=entry_original&name=bfb1a11f-6341-4497-b36d-01688bb0ecb0_1788727850.jpg&v=1788727929","https://five.epicollect.net/api/media/mycoponics-porterfield?type=photo&format=entry_original&name=bfb1a11f-6341-4497-b36d-01688bb0ecb0_1788727854.jpg&v=1788727929","https://five.epicollect.net/api/media/mycoponics-porterfield?type=photo&format=entry_original&name=bfb1a11f-6341-4497-b36d-01688bb0ecb0_1788727856.jpg&v=1788727929","https://five.epicollect.net/api/media/mycoponics-porterfield?type=photo&format=entry_original&name=bfb1a11f-6341-4497-b36d-01688bb0ecb0_1788727859.jpg&v=1788727929","https://five.epicollect.net/api/media/mycoponics-porterfield?type=photo&format=entry_original&name=bfb1a11f-6341-4497-b36d-01688bb0ecb0_1788727861.jpg&v=1788727929","https://five.epicollect.net/api/media/mycoponics-porterfield?type=photo&format=entry_original&name=bfb1a11f-6341-4497-b36d-01688bb0ecb0_1788727865.jpg&v=1788727929","https://five.epicollect.net/api/media/mycoponics-porterfield?type=photo&format=entry_original&name=bfb1a11f-6341-4497-b36d-01688bb0ecb0_1788727867.jpg&v=1788727929","https://five.epicollect.net/api/media/mycoponics-porterfield?type=photo&format=entry_original&name=bfb1a11f-6341-4497-b36d-01688bb0ecb0_1788727870.jpg&v=1788727929","https://five.epicollect.net/api/media/mycoponics-porterfield?type=photo&format=entry_original&name=bfb1a11f-6341-4497-b36d-01688bb0ecb0_1788727873.jpg&v=1788727929","https://five.epicollect.net/api/media/mycoponics-porterfield?type=photo&format=entry_original&name=bfb1a11f-6341-4497-b36d-01688bb0ecb0_1788727876.jpg&v=1788727929","https://five.epicollect.net/api/media/mycoponics-porterfield?type=photo&format=entry_original&name=bfb1a11f-6341-4497-b36d-01688bb0ecb0_1788727879.jpg&v=1788727929","https://five.epicollect.net/api/media/mycoponics-porterfield?type=photo&format=entry_original&name=bfb1a11f-6341-4497-b36d-01688bb0ecb0_1788727882.jpg&v=1788727929","https://five.epicollect.net/api/media/mycoponics-porterfield?type=photo&format=entry_original&name=bfb1a11f-6341-4497-b36d-01688bb0ecb0_1788727886.jpg&v=1788727929","https://five.epicollect.net/api/media/mycoponics-porterfield?type=photo&format=entry_original&name=bfb1a11f-6341-4497-b36d-01688bb0ecb0_1788727892.jpg&v=1788727929","https://five.epicollect.net/api/media/mycoponics-porterfield?type=photo&format=entry_original&name=bfb1a11f-6341-4497-b36d-01688bb0ecb0_1788727895.jpg&v=1788727929","https://five.epicollect.net/api/media/mycoponics-porterfield?type=photo&format=entry_original&name=bfb1a11f-6341-4497-b36d-01688bb0ecb0_1788727897.jpg&v=1788727929","https://five.epicollect.net/api/media/mycoponics-porterfield?type=photo&format=entry_original&name=bfb1a11f-6341-4497-b36d-01688bb0ecb0_1788727900.jpg&v=1788727929","https://five.epicollect.net/api/media/mycoponics-porterfield?type=photo&format=entry_original&name=bfb1a11f-6341-4497-b36d-01688bb0ecb0_1788727903.jpg&v=1788727929","https://five.epicollect.net/api/media/mycoponics-porterfield?type=photo&format=entry_original&name=bfb1a11f-6341-4497-b36d-01688bb0ecb0_1788727906.jpg&v=1788727929","https://five.epicollect.net/api/media/mycoponics-porterfield?type=photo&format=entry_original&name=bfb1a11f-6341-4497-b36d-01688bb0ecb0_1788727908.jpg&v=1788727929","https://five.epicollect.net/api/media/mycoponics-porterfield?type=photo&format=entry_original&name=bfb1a11f-6341-4497-b36d-01688bb0ecb0_1788727911.jpg&v=1788727929","https://five.epicollect.net/api/media/mycoponics-porterfield?type=photo&format=entry_original&name=bfb1a11f-6341-4497-b36d-01688bb0ecb0_1788727914.jpg&v=1788727929","https://five.epicollect.net/api/media/mycoponics-porterfield?type=photo&format=entry_original&name=bfb1a11f-6341-4497-b36d-01688bb0ecb0_1788727917.jpg&v=1788727929","https://five.epicollect.net/api/media/mycoponics-porterfield?type=photo&format=entry_original&name=bfb1a11f-6341-4497-b36d-01688bb0ecb0_1788727919.jpg&v=1788727929","","C1","8/29/2026 7:21:20 PM","ac1d01f0-9205-11f1-bca9-83b388c0a0a4","bfb1a11f-6341-4497-b36d-01688bb0ecb0","C1","9/6/2026 8:52:09 PM"
"15","[""Yes""]","7","31","[""Yes""]","[""Yes""]","14.7","31","#c6a44a","[""Yellow""]","","smells bad","[""Yes""]","","","","","","","","","","","","","","","","","","","","","","","","","","","","","","","","A1","8/29/2026 7:16:29 PM","d2645ac0-9205-11f1-ba5f-319f359841fc","bfe03cfa-974e-4585-93ef-2158ec8b54d1","A1","8/29/2026 7:16:31 PM"
"9","[""Yes""]","10","50","[""Yes""]","[""Yes""]","14","46","#704B06","["" Orange""]","","dirt-like mycelial chunks in liquid, otherwise pretty clear","[""No""]","","","","","","","","","","","","","","","","","","","","","","","","","","","","","","","","B1","8/26/2026 12:32:51 PM","3a1d2be0-9208-11f1-9ae6-cbe624cafba5","bffab778-ec6f-49bd-accd-73f29092d2ae","B1","8/26/2026 12:32:57 PM"
"20","[""Yes""]","11","42","[""Yes""]","[""Yes""]","13.5","26","#aa4b01","["" Orange""]","","","[""Yes""]","https://five.epicollect.net/api/media/mycoponics-porterfield?type=photo&format=entry_original&name=c0784972-c450-4ecd-b88e-fc5dc1caca62_1788731320.jpg&v=1788731488","https://five.epicollect.net/api/media/mycoponics-porterfield?type=photo&format=entry_original&name=c0784972-c450-4ecd-b88e-fc5dc1caca62_1788731323.jpg&v=1788731488","https://five.epicollect.net/api/media/mycoponics-porterfield?type=photo&format=entry_original&name=c0784972-c450-4ecd-b88e-fc5dc1caca62_1788731326.jpg&v=1788731488","https://five.epicollect.net/api/media/mycoponics-porterfield?type=photo&format=entry_original&name=c0784972-c450-4ecd-b88e-fc5dc1caca62_1788731329.jpg&v=1788731488","https://five.epicollect.net/api/media/mycoponics-porterfield?type=photo&format=entry_original&name=c0784972-c450-4ecd-b88e-fc5dc1caca62_1788731332.jpg&v=1788731488","https://five.epicollect.net/api/media/mycoponics-porterfield?type=photo&format=entry_original&name=c0784972-c450-4ecd-b88e-fc5dc1caca62_1788731336.jpg&v=1788731488","https://five.epicollect.net/api/media/mycoponics-porterfield?type=photo&format=entry_original&name=c0784972-c450-4ecd-b88e-fc5dc1caca62_1788731339.jpg&v=1788731488","https://five.epicollect.net/api/media/mycoponics-porterfield?type=photo&format=entry_original&name=c0784972-c450-4ecd-b88e-fc5dc1caca62_1788731343.jpg&v=1788731488","https://five.epicollect.net/api/media/mycoponics-porterfield?type=photo&format=entry_original&name=c0784972-c450-4ecd-b88e-fc5dc1caca62_1788731346.jpg&v=1788731488","https://five.epicollect.net/api/media/mycoponics-porterfield?type=photo&format=entry_original&name=c0784972-c450-4ecd-b88e-fc5dc1caca62_1788731349.jpg&v=1788731488","https://five.epicollect.net/api/media/mycoponics-porterfield?type=photo&format=entry_original&name=c0784972-c450-4ecd-b88e-fc5dc1caca62_1788731352.jpg&v=1788731488","https://five.epicollect.net/api/media/mycoponics-porterfield?type=photo&format=entry_original&name=c0784972-c450-4ecd-b88e-fc5dc1caca62_1788731355.jpg&v=1788731488","https://five.epicollect.net/api/media/mycoponics-porterfield?type=photo&format=entry_original&name=c0784972-c450-4ecd-b88e-fc5dc1caca62_1788731357.jpg&v=1788731488","https://five.epicollect.net/api/media/mycoponics-porterfield?type=photo&format=entry_original&name=c0784972-c450-4ecd-b88e-fc5dc1caca62_1788731360.jpg&v=1788731488","https://five.epicollect.net/api/media/mycoponics-porterfield?type=photo&format=entry_original&name=c0784972-c450-4ecd-b88e-fc5dc1caca62_1788731362.jpg&v=1788731488","https://five.epicollect.net/api/media/mycoponics-porterfield?type=photo&format=entry_original&name=c0784972-c450-4ecd-b88e-fc5dc1caca62_1788731366.jpg&v=1788731488","https://five.epicollect.net/api/media/mycoponics-porterfield?type=photo&format=entry_original&name=c0784972-c450-4ecd-b88e-fc5dc1caca62_1788731376.jpg&v=1788731488","https://five.epicollect.net/api/media/mycoponics-porterfield?type=photo&format=entry_original&name=c0784972-c450-4ecd-b88e-fc5dc1caca62_1788731389.jpg&v=1788731488","https://five.epicollect.net/api/media/mycoponics-porterfield?type=photo&format=entry_original&name=c0784972-c450-4ecd-b88e-fc5dc1caca62_1788731393.jpg&v=1788731488","https://five.epicollect.net/api/media/mycoponics-porterfield?type=photo&format=entry_original&name=c0784972-c450-4ecd-b88e-fc5dc1caca62_1788731397.jpg&v=1788731488","https://five.epicollect.net/api/media/mycoponics-porterfield?type=photo&format=entry_original&name=c0784972-c450-4ecd-b88e-fc5dc1caca62_1788731403.jpg&v=1788731488","https://five.epicollect.net/api/media/mycoponics-porterfield?type=photo&format=entry_original&name=c0784972-c450-4ecd-b88e-fc5dc1caca62_1788731406.jpg&v=1788731488","https://five.epicollect.net/api/media/mycoponics-porterfield?type=photo&format=entry_original&name=c0784972-c450-4ecd-b88e-fc5dc1caca62_1788731409.jpg&v=1788731488","https://five.epicollect.net/api/media/mycoponics-porterfield?type=photo&format=entry_original&name=c0784972-c450-4ecd-b88e-fc5dc1caca62_1788731412.jpg&v=1788731488","https://five.epicollect.net/api/media/mycoponics-porterfield?type=photo&format=entry_original&name=c0784972-c450-4ecd-b88e-fc5dc1caca62_1788731414.jpg&v=1788731488","https://five.epicollect.net/api/media/mycoponics-porterfield?type=photo&format=entry_original&name=c0784972-c450-4ecd-b88e-fc5dc1caca62_1788731416.jpg&v=1788731488","https://five.epicollect.net/api/media/mycoponics-porterfield?type=photo&format=entry_original&name=c0784972-c450-4ecd-b88e-fc5dc1caca62_1788731419.jpg&v=1788731488","","","","","C2","8/29/2026 7:19:59 PM","bb647210-9205-11f1-9bf5-b15c7c68ff3f","c0784972-c450-4ecd-b88e-fc5dc1caca62","C2","9/6/2026 9:51:28 PM"
"3","[""Yes""]","11","32","[""Yes""]","[""Yes""]","6","6","#886639","[""Yellow""]","","chunky","[""No""]","","","","","","","","","","","","","","","","","","","","","","","","","","","","","","","","C3","8/26/2026 5:22:58 PM","3cb0c480-9207-11f1-8555-b77c5e5555d6","c0bbd91e-e710-4105-8f9c-ec3320142b74","C3","8/26/2026 5:23:12 PM"
"48","[""No""]","3","45","[""Yes""]","[""Yes""]","6.8","6.8","#807b5a","[""Yellow""]","","Very clear liquid, 1-2 very thin film thingies Yellow color,  very clear","[""No""]","","","","","","","","","","","","","","","","","","","","","","","","","","","","","","","","D1","8/26/2026 3:02:22 PM","72b6b940-9207-11f1-ba24-e7a1a5a09e42","c12c31ed-dea7-4630-b56f-b3d8f5ec80ad","D1","8/26/2026 3:02:44 PM"
"10","[""No""]","4","6","[""No""]","[""No""]","","","","[""Clear""]","","No liquid in the bottom","[""No""]","","","","","","","","","","","","","","","","","","","","","","","","","","","","","","","","D3","8/27/2026 12:26:11 PM","70c56600-9206-11f1-a57e-abc999418cec","c132d4e9-4ac5-41c9-af93-e10bdff6729e","D3","8/27/2026 12:26:29 PM"
"14","[""No""]","2","12","[""Yes""]","[""Yes""]","10","10","#A17E44","[]","","","[""No""]","","","","","","","","","","","","","","","","","","","","","","","","","","","","","","","","A1","8/26/2026 6:04:58 PM","b3b1f780-9206-11f1-b07c-23192f0e7dfa","c13dc3c9-06b5-4efa-99a4-573347bbbbef","A1","8/26/2026 6:04:59 PM"
"3","[""Yes""]","5","50","[""No""]","[""No""]","","","","[""Clear""]","","","[""No""]","","","","","","","","","","","","","","","","","","","","","","","","","","","","","","","","A4","8/26/2026 4:41:09 PM","68feee40-9207-11f1-ba24-e7a1a5a09e42","c17f5948-fcac-409e-9178-3f9488e60353","A4","8/26/2026 4:41:13 PM"
"40","[""No""]","5","35","[""No""]","[""No""]","","","","[]","","","[""No""]","","","","","","","","","","","","","","","","","","","","","","","","","","","","","","","","A4","8/26/2026 6:21:45 PM","75fb7970-9206-11f1-a57e-abc999418cec","c1beb786-2554-450a-af72-8bfb1803ba50","A4","8/26/2026 6:21:51 PM"
"35","[""No""]","10","20","[""Yes""]","[""Yes""]","15","17","#E79F4c","["" Orange""]","","Many guttation droplets are observed (red, yellow and orange)","[""Yes""]","https://five.epicollect.net/api/media/mycoponics-porterfield?type=photo&format=entry_original&name=c2548345-788b-4ff7-bf78-258e50bb4bb7_1788746323.jpg&v=1788746399","https://five.epicollect.net/api/media/mycoponics-porterfield?type=photo&format=entry_original&name=c2548345-788b-4ff7-bf78-258e50bb4bb7_1788746332.jpg&v=1788746399","https://five.epicollect.net/api/media/mycoponics-porterfield?type=photo&format=entry_original&name=c2548345-788b-4ff7-bf78-258e50bb4bb7_1788746336.jpg&v=1788746399","https://five.epicollect.net/api/media/mycoponics-porterfield?type=photo&format=entry_original&name=c2548345-788b-4ff7-bf78-258e50bb4bb7_1788746341.jpg&v=1788746399","https://five.epicollect.net/api/media/mycoponics-porterfield?type=photo&format=entry_original&name=c2548345-788b-4ff7-bf78-258e50bb4bb7_1788746345.jpg&v=1788746399","https://five.epicollect.net/api/media/mycoponics-porterfield?type=photo&format=entry_original&name=c2548345-788b-4ff7-bf78-258e50bb4bb7_1788746352.jpg&v=1788746399","https://five.epicollect.net/api/media/mycoponics-porterfield?type=photo&format=entry_original&name=c2548345-788b-4ff7-bf78-258e50bb4bb7_1788746357.jpg&v=1788746399","","","","","","","","","","","","","","","","","","","","","","","","contamination took over the whole tube. mycelium seems to be having a hard time surviving and exuding. Red droplets are everywhere where the mold oclonized. I would argue that we are seeing aspergillus guttation. Contamination: Confirmed. Colonization: Fully colonized (over 90%). Surface density: Moderate fluffy coverage. Exudophore formation: Visible localized exudates, no branches. Localization density: moderate.","A2","8/29/2026 9:10:17 PM","d76eca50-9205-11f1-ba5f-319f359841fc","c2548345-788b-4ff7-bf78-258e50bb4bb7","A2","9/7/2026 1:59:59 AM"
"0","[""Yes""]","0","60","[""Yes""]","[""Yes""]","14","20","#a67d50","[""Amber""]","","Exudate & fungus has a bad smell...","[""Yes""]","https://five.epicollect.net/api/media/mycoponics-porterfield?type=photo&format=entry_original&name=c275ccf4-3f92-4dbd-95e9-0ac5ca9ad6bf_1788709267.jpg&v=1788709288","https://five.epicollect.net/api/media/mycoponics-porterfield?type=photo&format=entry_original&name=c275ccf4-3f92-4dbd-95e9-0ac5ca9ad6bf_1788709270.jpg&v=1788709288","https://five.epicollect.net/api/media/mycoponics-porterfield?type=photo&format=entry_original&name=c275ccf4-3f92-4dbd-95e9-0ac5ca9ad6bf_1788709273.jpg&v=1788709288","https://five.epicollect.net/api/media/mycoponics-porterfield?type=photo&format=entry_original&name=c275ccf4-3f92-4dbd-95e9-0ac5ca9ad6bf_1788709276.jpg&v=1788709288","https://five.epicollect.net/api/media/mycoponics-porterfield?type=photo&format=entry_original&name=c275ccf4-3f92-4dbd-95e9-0ac5ca9ad6bf_1788709279.jpg&v=1788709288","https://five.epicollect.net/api/media/mycoponics-porterfield?type=photo&format=entry_original&name=c275ccf4-3f92-4dbd-95e9-0ac5ca9ad6bf_1788709282.jpg&v=1788709288","https://five.epicollect.net/api/media/mycoponics-porterfield?type=photo&format=entry_original&name=c275ccf4-3f92-4dbd-95e9-0ac5ca9ad6bf_1788709284.jpg&v=1788709288","","","","","","","","","","","","","","","","","","","","","","","","Foggy-like humidity all around the jar, medium-sized droplets amidst the fog, one area with various sized droplets Fuzzier structures. Not too much branching, but very thick, bush-like growth downward. Contamination right at the top of the jar, covered in the same black contamination as A2. Notably, there are red, orange, and yellow exudate drippings along the thicker mycelia in the middle. Contamination: Confirmed.","B1","8/29/2026 7:38:36 PM","12d43e60-9204-11f1-9262-61c43e67bcf5","c275ccf4-3f92-4dbd-95e9-0ac5ca9ad6bf","B1","9/6/2026 3:41:28 PM"
"10","[""No""]","2","8","[""Yes""]","[""Yes""]","9.5","9.5","#cba242","[]","","","[""Yes""]","https://five.epicollect.net/api/media/mycoponics-porterfield?type=photo&format=entry_original&name=c2801532-8dad-4a27-9e14-65b8a8ccd99c_1788747582.jpg&v=1788747597","https://five.epicollect.net/api/media/mycoponics-porterfield?type=photo&format=entry_original&name=c2801532-8dad-4a27-9e14-65b8a8ccd99c_1788747586.jpg&v=1788747597","","","","","","","","","","","","","","","","","","","","","","","","","","","","","","C1","8/29/2026 7:09:34 PM","d76eca50-9205-11f1-ba5f-319f359841fc","c2801532-8dad-4a27-9e14-65b8a8ccd99c","C1","9/7/2026 2:19:57 AM"
"19","[""No""]","4","15","[""Yes""]","[""Yes""]","6","6","#5B0400","[""Red""]","","","[""Yes""]","https://five.epicollect.net/api/media/mycoponics-porterfield?type=photo&format=entry_original&name=c2aea9a7-6843-43e6-93b5-4ef0e1b58e0e_1788752173.jpg&v=1788752194","https://five.epicollect.net/api/media/mycoponics-porterfield?type=photo&format=entry_original&name=c2aea9a7-6843-43e6-93b5-4ef0e1b58e0e_1788752177.jpg&v=1788752194","https://five.epicollect.net/api/media/mycoponics-porterfield?type=photo&format=entry_original&name=c2aea9a7-6843-43e6-93b5-4ef0e1b58e0e_1788752180.jpg&v=1788752194","https://five.epicollect.net/api/media/mycoponics-porterfield?type=photo&format=entry_original&name=c2aea9a7-6843-43e6-93b5-4ef0e1b58e0e_1788752182.jpg&v=1788752194","","","","","","","","","","","","","","","","","","","","","","","","","","","","A2","8/26/2026 6:16:02 PM","a6148de0-9206-11f1-b07c-23192f0e7dfa","c2aea9a7-6843-43e6-93b5-4ef0e1b58e0e","A2","9/7/2026 3:36:34 AM"
"10","[""No""]","0","10","[""Yes""]","[""Yes""]","15","38","#988F5c","[""Yellow""]","","","[""Yes""]","","","","","","","","","","","","","","","","","","","","","","","","","","","","","","","","C3","8/29/2026 7:05:38 PM","104e6bf0-9206-11f1-9518-87ccf2fafc79","c2f1f18c-a79c-40b6-8f23-f626fc54119a","C3","8/29/2026 7:06:00 PM"
"40","[""No""]","8","32","[""Yes""]","[""Yes""]","14","18.5","#765a16","["" Orange""]","None (clear liquid)","Clear liquid! perhaps like a few (like literally not many) tiny tiny specks but nothing more than that","[""No""]","","","","","","","","","","","","","","","","","","","","","","","","","","","","","","","","C1","8/9/2026 3:46:59 PM","ab4d77d5-a552-43b2-abfb-821172faf6ad","c3045245-706c-41f4-98a0-50dccfe37d1a","C1","8/9/2026 5:21:45 PM"
"40","[""No""]","5","35","[""Yes""]","[""Yes""]","13","","","[""Green""]","","Not stored","[""No""]","","","","","","","","","","","","","","","","","","","","","","","","","","","","","","","","D4","8/26/2026 5:12:55 PM","5e7888a0-9207-11f1-aadd-df4879ec2771","c39c127e-22ab-4e85-a337-125c4f2fabd6","D4","8/26/2026 5:13:14 PM"
"10","[""Yes""]","10","46","[""Yes""]","[""Yes""]","14.2","35.2","#6D6315","[""Brown""]","","many small/medium-sized dispersed dots","[""No""]","","","","","","","","","","","","","","","","","","","","","","","","","","","","","","","","B2","8/26/2026 12:32:51 PM","3a1d2be0-9208-11f1-9ae6-cbe624cafba5","c3c2d5bc-97b4-452c-aefb-46dca1e14f9f","B2","8/26/2026 12:32:58 PM"
"34","[""No""]","0","34","[""Yes""]","[""Yes""]","14.5","16.5","#c1b584","[""Yellow""]","","smells bad","[""Yes""]","https://five.epicollect.net/api/media/mycoponics-porterfield?type=photo&format=entry_original&name=c4d22148-9a88-429d-8b3e-22fb803a0670_1788745755.jpg&v=1788745856","https://five.epicollect.net/api/media/mycoponics-porterfield?type=photo&format=entry_original&name=c4d22148-9a88-429d-8b3e-22fb803a0670_1788745792.jpg&v=1788745856","https://five.epicollect.net/api/media/mycoponics-porterfield?type=photo&format=entry_original&name=c4d22148-9a88-429d-8b3e-22fb803a0670_1788745789.jpg&v=1788745856","https://five.epicollect.net/api/media/mycoponics-porterfield?type=photo&format=entry_original&name=c4d22148-9a88-429d-8b3e-22fb803a0670_1788745803.jpg&v=1788745856","https://five.epicollect.net/api/media/mycoponics-porterfield?type=photo&format=entry_original&name=c4d22148-9a88-429d-8b3e-22fb803a0670_1788745806.jpg&v=1788745856","https://five.epicollect.net/api/media/mycoponics-porterfield?type=photo&format=entry_original&name=c4d22148-9a88-429d-8b3e-22fb803a0670_1788745815.jpg&v=1788745856","https://five.epicollect.net/api/media/mycoponics-porterfield?type=photo&format=entry_original&name=c4d22148-9a88-429d-8b3e-22fb803a0670_1788745818.jpg&v=1788745856","https://five.epicollect.net/api/media/mycoponics-porterfield?type=photo&format=entry_original&name=c4d22148-9a88-429d-8b3e-22fb803a0670_1788745820.jpg&v=1788745856","https://five.epicollect.net/api/media/mycoponics-porterfield?type=photo&format=entry_original&name=c4d22148-9a88-429d-8b3e-22fb803a0670_1788745824.jpg&v=1788745856","https://five.epicollect.net/api/media/mycoponics-porterfield?type=photo&format=entry_original&name=c4d22148-9a88-429d-8b3e-22fb803a0670_1788745826.jpg&v=1788745856","https://five.epicollect.net/api/media/mycoponics-porterfield?type=photo&format=entry_original&name=c4d22148-9a88-429d-8b3e-22fb803a0670_1788745829.jpg&v=1788745856","https://five.epicollect.net/api/media/mycoponics-porterfield?type=photo&format=entry_original&name=c4d22148-9a88-429d-8b3e-22fb803a0670_1788745838.jpg&v=1788745856","https://five.epicollect.net/api/media/mycoponics-porterfield?type=photo&format=entry_original&name=c4d22148-9a88-429d-8b3e-22fb803a0670_1788745845.jpg&v=1788745856","","","","","","","","","","","","","","","","","","","C3","8/29/2026 7:16:29 PM","d2645ac0-9205-11f1-ba5f-319f359841fc","c4d22148-9a88-429d-8b3e-22fb803a0670","C3","9/7/2026 1:50:56 AM"
"42","[""Yes""]","2","40","[""No""]","[""No""]","","","","[]","","No liquid in the bottom","[""No""]","","","","","","","","","","","","","","","","","","","","","","","","","","","","","","","","D1","8/27/2026 12:26:11 PM","70c56600-9206-11f1-a57e-abc999418cec","c4e35bfa-b5df-4fe7-97a1-c5d2c074bfa8","D1","8/27/2026 12:26:25 PM"
"36","[""No""]","8","26","[""Yes""]","[""No""]","14","40","","[]","Other","Since the tube burst yesterday, it is just charcoal and mycelial chunks in the tube today.i still collected it since there was a bit of mycelia in there,but it is 90 percent charcoal","[""Yes""]","https://five.epicollect.net/api/media/mycoponics-porterfield?type=photo&format=entry_original&name=c53562bb-bc81-444a-8b87-1e2dd9016d3e_1786112603.jpg&v=1786135401","https://five.epicollect.net/api/media/mycoponics-porterfield?type=photo&format=entry_original&name=c53562bb-bc81-444a-8b87-1e2dd9016d3e_1786112642.jpg&v=1786135401","https://five.epicollect.net/api/media/mycoponics-porterfield?type=photo&format=entry_original&name=c53562bb-bc81-444a-8b87-1e2dd9016d3e_1786112654.jpg&v=1786135401","https://five.epicollect.net/api/media/mycoponics-porterfield?type=photo&format=entry_original&name=c53562bb-bc81-444a-8b87-1e2dd9016d3e_1786112668.jpg&v=1786135401","https://five.epicollect.net/api/media/mycoponics-porterfield?type=photo&format=entry_original&name=c53562bb-bc81-444a-8b87-1e2dd9016d3e_1786112685.jpg&v=1786135401","https://five.epicollect.net/api/media/mycoponics-porterfield?type=photo&format=entry_original&name=c53562bb-bc81-444a-8b87-1e2dd9016d3e_1786112736.jpg&v=1786135401","","","","","","","","","","","","","","","","","","","","","","","","","Tube burst, today is the first day that we cannot take data from this tube really","A3","8/7/2026 2:26:11 PM","351d1278-fe80-48d4-99b7-5df11d522f8d","c53562bb-bc81-444a-8b87-1e2dd9016d3e","A3","8/7/2026 8:43:21 PM"
"2","[""Yes""]","1","54","[""Yes""]","[""Yes""]","2","2","#8F6F36","[""Yellow""]","","d smells so badddddd","[""No""]","","","","","","","","","","","","","","","","","","","","","","","","","","","","","","","","D1","8/26/2026 5:22:58 PM","3cb0c480-9207-11f1-8555-b77c5e5555d6","c5aee8c6-fdc6-4cf1-ab7b-7260ce84c2b1","D1","8/26/2026 5:23:14 PM"
"10","[""No""]","2","8","[""Yes""]","[""Yes""]","15","35","#6F3100","["" Orange""]","","","[""No""]","","","","","","","","","","","","","","","","","","","","","","","","","","","","","","","","C2","8/26/2026 5:27:01 PM","309c1dc0-9207-11f1-9186-31d4e5d7aabc","c5bb096c-8eca-41a7-84ff-212cb07e2535","C2","8/26/2026 5:27:15 PM"
"12","[""No""]","2","10","[""No""]","[""No""]","","","","[""Green""]","","Discarded","[""Yes""]","https://five.epicollect.net/api/media/mycoponics-porterfield?type=photo&format=entry_original&name=c60fdd39-6a47-4938-84ad-a84b71937ba5_1788752979.jpg&v=1788752988","https://five.epicollect.net/api/media/mycoponics-porterfield?type=photo&format=entry_original&name=c60fdd39-6a47-4938-84ad-a84b71937ba5_1788752982.jpg&v=1788752988","https://five.epicollect.net/api/media/mycoponics-porterfield?type=photo&format=entry_original&name=c60fdd39-6a47-4938-84ad-a84b71937ba5_1788752984.jpg&v=1788752988","https://five.epicollect.net/api/media/mycoponics-porterfield?type=photo&format=entry_original&name=c60fdd39-6a47-4938-84ad-a84b71937ba5_1788752986.jpg&v=1788752988","","","","","","","","","","","","","","","","","","","","","","","","","","","","D4","8/26/2026 5:53:40 PM","1a80a1a0-9207-11f1-a488-057d0ae059c0","c60fdd39-6a47-4938-84ad-a84b71937ba5","D4","9/7/2026 3:49:48 AM"
"28","[""No""]","0","26","[""No""]","[""No""]","","","","[""Green""]","","","[""Yes""]","https://five.epicollect.net/api/media/mycoponics-porterfield?type=photo&format=entry_original&name=c619397f-3241-4c58-a9d2-7680222877c5_1788730687.jpg&v=1788730811","https://five.epicollect.net/api/media/mycoponics-porterfield?type=photo&format=entry_original&name=c619397f-3241-4c58-a9d2-7680222877c5_1788730690.jpg&v=1788730811","https://five.epicollect.net/api/media/mycoponics-porterfield?type=photo&format=entry_original&name=c619397f-3241-4c58-a9d2-7680222877c5_1788730692.jpg&v=1788730811","https://five.epicollect.net/api/media/mycoponics-porterfield?type=photo&format=entry_original&name=c619397f-3241-4c58-a9d2-7680222877c5_1788730695.jpg&v=1788730811","https://five.epicollect.net/api/media/mycoponics-porterfield?type=photo&format=entry_original&name=c619397f-3241-4c58-a9d2-7680222877c5_1788730698.jpg&v=1788730811","https://five.epicollect.net/api/media/mycoponics-porterfield?type=photo&format=entry_original&name=c619397f-3241-4c58-a9d2-7680222877c5_1788730701.jpg&v=1788730811","https://five.epicollect.net/api/media/mycoponics-porterfield?type=photo&format=entry_original&name=c619397f-3241-4c58-a9d2-7680222877c5_1788730704.jpg&v=1788730811","https://five.epicollect.net/api/media/mycoponics-porterfield?type=photo&format=entry_original&name=c619397f-3241-4c58-a9d2-7680222877c5_1788730706.jpg&v=1788730811","https://five.epicollect.net/api/media/mycoponics-porterfield?type=photo&format=entry_original&name=c619397f-3241-4c58-a9d2-7680222877c5_1788730709.jpg&v=1788730811","https://five.epicollect.net/api/media/mycoponics-porterfield?type=photo&format=entry_original&name=c619397f-3241-4c58-a9d2-7680222877c5_1788730712.jpg&v=1788730811","https://five.epicollect.net/api/media/mycoponics-porterfield?type=photo&format=entry_original&name=c619397f-3241-4c58-a9d2-7680222877c5_1788730715.jpg&v=1788730811","https://five.epicollect.net/api/media/mycoponics-porterfield?type=photo&format=entry_original&name=c619397f-3241-4c58-a9d2-7680222877c5_1788730718.jpg&v=1788730811","https://five.epicollect.net/api/media/mycoponics-porterfield?type=photo&format=entry_original&name=c619397f-3241-4c58-a9d2-7680222877c5_1788730722.jpg&v=1788730811","https://five.epicollect.net/api/media/mycoponics-porterfield?type=photo&format=entry_original&name=c619397f-3241-4c58-a9d2-7680222877c5_1788730725.jpg&v=1788730811","https://five.epicollect.net/api/media/mycoponics-porterfield?type=photo&format=entry_original&name=c619397f-3241-4c58-a9d2-7680222877c5_1788730751.jpg&v=1788730811","https://five.epicollect.net/api/media/mycoponics-porterfield?type=photo&format=entry_original&name=c619397f-3241-4c58-a9d2-7680222877c5_1788730755.jpg&v=1788730811","https://five.epicollect.net/api/media/mycoponics-porterfield?type=photo&format=entry_original&name=c619397f-3241-4c58-a9d2-7680222877c5_1788730762.jpg&v=1788730811","https://five.epicollect.net/api/media/mycoponics-porterfield?type=photo&format=entry_original&name=c619397f-3241-4c58-a9d2-7680222877c5_1788730765.jpg&v=1788730811","https://five.epicollect.net/api/media/mycoponics-porterfield?type=photo&format=entry_original&name=c619397f-3241-4c58-a9d2-7680222877c5_1788730768.jpg&v=1788730811","https://five.epicollect.net/api/media/mycoponics-porterfield?type=photo&format=entry_original&name=c619397f-3241-4c58-a9d2-7680222877c5_1788730770.jpg&v=1788730811","https://five.epicollect.net/api/media/mycoponics-porterfield?type=photo&format=entry_original&name=c619397f-3241-4c58-a9d2-7680222877c5_1788730773.jpg&v=1788730811","https://five.epicollect.net/api/media/mycoponics-porterfield?type=photo&format=entry_original&name=c619397f-3241-4c58-a9d2-7680222877c5_1788730776.jpg&v=1788730811","https://five.epicollect.net/api/media/mycoponics-porterfield?type=photo&format=entry_original&name=c619397f-3241-4c58-a9d2-7680222877c5_1788730779.jpg&v=1788730811","https://five.epicollect.net/api/media/mycoponics-porterfield?type=photo&format=entry_original&name=c619397f-3241-4c58-a9d2-7680222877c5_1788730783.jpg&v=1788730811","https://five.epicollect.net/api/media/mycoponics-porterfield?type=photo&format=entry_original&name=c619397f-3241-4c58-a9d2-7680222877c5_1788730786.jpg&v=1788730811","https://five.epicollect.net/api/media/mycoponics-porterfield?type=photo&format=entry_original&name=c619397f-3241-4c58-a9d2-7680222877c5_1788730790.jpg&v=1788730811","https://five.epicollect.net/api/media/mycoponics-porterfield?type=photo&format=entry_original&name=c619397f-3241-4c58-a9d2-7680222877c5_1788730792.jpg&v=1788730811","https://five.epicollect.net/api/media/mycoponics-porterfield?type=photo&format=entry_original&name=c619397f-3241-4c58-a9d2-7680222877c5_1788730795.jpg&v=1788730811","https://five.epicollect.net/api/media/mycoponics-porterfield?type=photo&format=entry_original&name=c619397f-3241-4c58-a9d2-7680222877c5_1788730797.jpg&v=1788730811","https://five.epicollect.net/api/media/mycoponics-porterfield?type=photo&format=entry_original&name=c619397f-3241-4c58-a9d2-7680222877c5_1788730800.jpg&v=1788730811","","A3","8/29/2026 7:19:59 PM","bb647210-9205-11f1-9bf5-b15c7c68ff3f","c619397f-3241-4c58-a9d2-7680222877c5","A3","9/6/2026 9:40:11 PM"
"23","[""No""]","15","9","[""Yes""]","[""Yes""]","13.8","29","#75511b","["" Orange""]","","viscous orange with brown/black precipitates","[""No""]","","","","","","","","","","","","","","","","","","","","","","","","","","","","","","","","C2","8/26/2026 2:52:48 PM","832ee130-9207-11f1-a0ac-03e2707c61cb","c623edc0-e92c-4326-a7e3-3e6cbe294f9f","C2","8/26/2026 2:53:02 PM"
"10","[""No""]","0","10","[""Yes""]","[""Yes""]","5","5","#AB8754","[""Clear""]","","","[""No""]","","","","","","","","","","","","","","","","","","","","","","","","","","","","","","","","C4","8/26/2026 4:41:09 PM","68feee40-9207-11f1-ba24-e7a1a5a09e42","c64e05b8-8945-4e95-a6d2-0102abc589a9","C4","8/26/2026 4:41:24 PM"
"37","[""No""]","17","20","[""No""]","[""No""]","","","","[""Amber""]","","","[""Yes""]","","","","","","","","","","","","","","","","","","","","","","","","","","","","","","","Growing healthy","C4","8/29/2026 7:27:41 PM","856cfc40-9205-11f1-bc95-0954c57f36fb","c686f24d-1b6f-481d-8dc7-482308943ea8","C4","8/29/2026 7:27:55 PM"
"16","[""No""]","2","14","[""No""]","[""No""]","","","","[]","","","[""Yes""]","https://five.epicollect.net/api/media/mycoponics-porterfield?type=photo&format=entry_original&name=c6a94cca-3815-45c8-939a-34da4c1f1465_1788752530.jpg&v=1788752537","https://five.epicollect.net/api/media/mycoponics-porterfield?type=photo&format=entry_original&name=c6a94cca-3815-45c8-939a-34da4c1f1465_1788752532.jpg&v=1788752537","https://five.epicollect.net/api/media/mycoponics-porterfield?type=photo&format=entry_original&name=c6a94cca-3815-45c8-939a-34da4c1f1465_1788752535.jpg&v=1788752537","","","","","","","","","","","","","","","","","","","","","","","","","","","","","D4","8/26/2026 6:16:02 PM","a6148de0-9206-11f1-b07c-23192f0e7dfa","c6a94cca-3815-45c8-939a-34da4c1f1465","D4","9/7/2026 3:42:17 AM"
"24","[""No""]","19","7","[""Yes""]","[""Yes""]","13","47","#806d35","[""Yellow""]","","Mostly guesstimating","[""Yes""]","https://five.epicollect.net/api/media/mycoponics-porterfield?type=photo&format=entry_original&name=c6f9695f-fafb-4b83-a863-ac30e4e32992_1788729678.jpg&v=1788730066","https://five.epicollect.net/api/media/mycoponics-porterfield?type=photo&format=entry_original&name=c6f9695f-fafb-4b83-a863-ac30e4e32992_1788729830.jpg&v=1788730066","https://five.epicollect.net/api/media/mycoponics-porterfield?type=photo&format=entry_original&name=c6f9695f-fafb-4b83-a863-ac30e4e32992_1788729833.jpg&v=1788730066","https://five.epicollect.net/api/media/mycoponics-porterfield?type=photo&format=entry_original&name=c6f9695f-fafb-4b83-a863-ac30e4e32992_1788729836.jpg&v=1788730066","https://five.epicollect.net/api/media/mycoponics-porterfield?type=photo&format=entry_original&name=c6f9695f-fafb-4b83-a863-ac30e4e32992_1788729839.jpg&v=1788730066","https://five.epicollect.net/api/media/mycoponics-porterfield?type=photo&format=entry_original&name=c6f9695f-fafb-4b83-a863-ac30e4e32992_1788729842.jpg&v=1788730066","https://five.epicollect.net/api/media/mycoponics-porterfield?type=photo&format=entry_original&name=c6f9695f-fafb-4b83-a863-ac30e4e32992_1788729844.jpg&v=1788730066","https://five.epicollect.net/api/media/mycoponics-porterfield?type=photo&format=entry_original&name=c6f9695f-fafb-4b83-a863-ac30e4e32992_1788729847.jpg&v=1788730066","https://five.epicollect.net/api/media/mycoponics-porterfield?type=photo&format=entry_original&name=c6f9695f-fafb-4b83-a863-ac30e4e32992_1788729849.jpg&v=1788730066","https://five.epicollect.net/api/media/mycoponics-porterfield?type=photo&format=entry_original&name=c6f9695f-fafb-4b83-a863-ac30e4e32992_1788729852.jpg&v=1788730066","https://five.epicollect.net/api/media/mycoponics-porterfield?type=photo&format=entry_original&name=c6f9695f-fafb-4b83-a863-ac30e4e32992_1788729854.jpg&v=1788730066","https://five.epicollect.net/api/media/mycoponics-porterfield?type=photo&format=entry_original&name=c6f9695f-fafb-4b83-a863-ac30e4e32992_1788729857.jpg&v=1788730066","https://five.epicollect.net/api/media/mycoponics-porterfield?type=photo&format=entry_original&name=c6f9695f-fafb-4b83-a863-ac30e4e32992_1788729860.jpg&v=1788730066","https://five.epicollect.net/api/media/mycoponics-porterfield?type=photo&format=entry_original&name=c6f9695f-fafb-4b83-a863-ac30e4e32992_1788729863.jpg&v=1788730066","https://five.epicollect.net/api/media/mycoponics-porterfield?type=photo&format=entry_original&name=c6f9695f-fafb-4b83-a863-ac30e4e32992_1788729865.jpg&v=1788730066","https://five.epicollect.net/api/media/mycoponics-porterfield?type=photo&format=entry_original&name=c6f9695f-fafb-4b83-a863-ac30e4e32992_1788729867.jpg&v=1788730066","https://five.epicollect.net/api/media/mycoponics-porterfield?type=photo&format=entry_original&name=c6f9695f-fafb-4b83-a863-ac30e4e32992_1788729870.jpg&v=1788730066","https://five.epicollect.net/api/media/mycoponics-porterfield?type=photo&format=entry_original&name=c6f9695f-fafb-4b83-a863-ac30e4e32992_1788729872.jpg&v=1788730066","https://five.epicollect.net/api/media/mycoponics-porterfield?type=photo&format=entry_original&name=c6f9695f-fafb-4b83-a863-ac30e4e32992_1788729998.jpg&v=1788730066","https://five.epicollect.net/api/media/mycoponics-porterfield?type=photo&format=entry_original&name=c6f9695f-fafb-4b83-a863-ac30e4e32992_1788730004.jpg&v=1788730066","https://five.epicollect.net/api/media/mycoponics-porterfield?type=photo&format=entry_original&name=c6f9695f-fafb-4b83-a863-ac30e4e32992_1788730011.jpg&v=1788730066","https://five.epicollect.net/api/media/mycoponics-porterfield?type=photo&format=entry_original&name=c6f9695f-fafb-4b83-a863-ac30e4e32992_1788730016.jpg&v=1788730066","https://five.epicollect.net/api/media/mycoponics-porterfield?type=photo&format=entry_original&name=c6f9695f-fafb-4b83-a863-ac30e4e32992_1788730023.jpg&v=1788730066","https://five.epicollect.net/api/media/mycoponics-porterfield?type=photo&format=entry_original&name=c6f9695f-fafb-4b83-a863-ac30e4e32992_1788730028.jpg&v=1788730066","https://five.epicollect.net/api/media/mycoponics-porterfield?type=photo&format=entry_original&name=c6f9695f-fafb-4b83-a863-ac30e4e32992_1788730035.jpg&v=1788730066","https://five.epicollect.net/api/media/mycoponics-porterfield?type=photo&format=entry_original&name=c6f9695f-fafb-4b83-a863-ac30e4e32992_1788730042.jpg&v=1788730066","https://five.epicollect.net/api/media/mycoponics-porterfield?type=photo&format=entry_original&name=c6f9695f-fafb-4b83-a863-ac30e4e32992_1788730049.jpg&v=1788730066","https://five.epicollect.net/api/media/mycoponics-porterfield?type=photo&format=entry_original&name=c6f9695f-fafb-4b83-a863-ac30e4e32992_1788730053.jpg&v=1788730066","https://five.epicollect.net/api/media/mycoponics-porterfield?type=photo&format=entry_original&name=c6f9695f-fafb-4b83-a863-ac30e4e32992_1788730059.jpg&v=1788730066","https://five.epicollect.net/api/media/mycoponics-porterfield?type=photo&format=entry_original&name=c6f9695f-fafb-4b83-a863-ac30e4e32992_1788730062.jpg&v=1788730066","","D1","8/29/2026 7:21:20 PM","ac1d01f0-9205-11f1-bca9-83b388c0a0a4","c6f9695f-fafb-4b83-a863-ac30e4e32992","D1","9/6/2026 9:27:46 PM"
"3","[""Yes""]","5","30","[""Yes""]","[""Yes""]","7.5","","","[""Green""]","","(not putting it in the freezer - it is too green)","[""No""]","","","","","","","","","","","","","","","","","","","","","","","","","","","","","","","","D4","8/26/2026 4:07:05 PM","6e4c3330-9207-11f1-ba24-e7a1a5a09e42","c78fbb72-98ac-4a43-aded-d860a144439d","D4","8/26/2026 4:07:33 PM"
"13","[""Yes""]","10","49","[""Yes""]","[""Yes""]","13.5","42.5","#9C9348","[""Yellow Brownish (cardboard)""]","","thick dirt-like line of much flake in the liquid,  clear otherwise.","[""No""]","","","","","","","","","","","","","","","","","","","","","","","","","","","","","","","","D2","8/26/2026 12:50:07 PM","9dd3dd10-9207-11f1-b651-5d6fce51deb5","c7a48c25-3b4e-48c3-9412-eed50fda2f3a","D2","8/26/2026 12:50:24 PM"
"12","[""No""]","10","12","[""Yes""]","[""No""]","","","","[""Yellow""]","","Not enough exudate to be recollected.","[""No""]","","","","","","","","","","","","","","","","","","","","","","","","","","","","","","","Contamination: None.","B1","8/28/2026 12:49:19 PM","42238840-9206-11f1-b91a-4736f6a951ba","c7bd3f70-9ddb-4842-973b-c34814150624","B1","8/28/2026 12:49:24 PM"
"16","[""No""]","","16","[""Yes""]","[""No""]","","","","[""Green""]","","media","[""No""]","","","","","","","","","","","","","","","","","","","","","","","","","","","","","","","","B4","8/26/2026 5:21:42 PM","415bd600-9207-11f1-8555-b77c5e5555d6","c7d883be-eca4-4a9e-91bd-70d7972daad5","B4","8/26/2026 5:21:53 PM"
"26","[""No""]","2","24","[""Yes""]","[""Yes""]","14","25","#9B7222","[""Yellow""]","","lime-ish yellow with very very tiny microscopic black dots all around the liquid","[""No""]","","","","","","","","","","","","","","","","","","","","","","","","","","","","","","","","C4","8/26/2026 5:17:32 PM","54fc4000-9207-11f1-aadd-df4879ec2771","c7ea4573-1bb4-420c-8aba-9324b5a200ca","C4","8/26/2026 5:17:48 PM"
"11","[""Yes""]","10","48","[""Yes""]","[""Yes""]","14.4","35.4","#988637","[""Amber""]","","viscous, dispersed flakes of dirt-like specks/chunk areas","[""No""]","","","","","","","","","","","","","","","","","","","","","","","","","","","","","","","","D3","8/26/2026 12:50:07 PM","9dd3dd10-9207-11f1-b651-5d6fce51deb5","c8929469-1eb1-4c4e-8f2c-9768a62e3841","D3","8/26/2026 12:50:25 PM"
"40","[""No""]","10","30","[""Yes""]","[""Yes""]","11","11","#847424","[""Viscous""]","","Very dark orange/reddish/brownish","[""Yes""]","https://five.epicollect.net/api/media/mycoponics-porterfield?type=photo&format=entry_original&name=c916049e-1632-416b-8554-8c72a6ad7a03_1788712400.jpg&v=1788712449","https://five.epicollect.net/api/media/mycoponics-porterfield?type=photo&format=entry_original&name=c916049e-1632-416b-8554-8c72a6ad7a03_1788712409.jpg&v=1788712449","https://five.epicollect.net/api/media/mycoponics-porterfield?type=photo&format=entry_original&name=c916049e-1632-416b-8554-8c72a6ad7a03_1788712413.jpg&v=1788712449","https://five.epicollect.net/api/media/mycoponics-porterfield?type=photo&format=entry_original&name=c916049e-1632-416b-8554-8c72a6ad7a03_1788712419.jpg&v=1788712449","https://five.epicollect.net/api/media/mycoponics-porterfield?type=photo&format=entry_original&name=c916049e-1632-416b-8554-8c72a6ad7a03_1788712423.jpg&v=1788712449","https://five.epicollect.net/api/media/mycoponics-porterfield?type=photo&format=entry_original&name=c916049e-1632-416b-8554-8c72a6ad7a03_1788712428.jpg&v=1788712449","https://five.epicollect.net/api/media/mycoponics-porterfield?type=photo&format=entry_original&name=c916049e-1632-416b-8554-8c72a6ad7a03_1788712434.jpg&v=1788712449","https://five.epicollect.net/api/media/mycoponics-porterfield?type=photo&format=entry_original&name=c916049e-1632-416b-8554-8c72a6ad7a03_1788712439.jpg&v=1788712449","https://five.epicollect.net/api/media/mycoponics-porterfield?type=photo&format=entry_original&name=c916049e-1632-416b-8554-8c72a6ad7a03_1788712443.jpg&v=1788712449","","","","","","","","","","","","","","","","","","","","","","Colonization: Fully colonized (over 90%).","B1","8/29/2026 9:03:36 PM","7e15b680-9205-11f1-bc95-0954c57f36fb","c916049e-1632-416b-8554-8c72a6ad7a03","B1","9/6/2026 4:34:09 PM"
"26","[""No""]","6","20","[""Yes""]","[""Yes""]","14","16","#665d18","[""Yellow""]","","dirt-like specks in Sprite-like liquid Viscous and cloudy, brownish orange","[""No""]","","","","","","","","","","","","","","","","","","","","","","","","","","","","","","","","D2","8/26/2026 3:02:22 PM","72b6b940-9207-11f1-ba24-e7a1a5a09e42","c94f3604-a039-453a-a5b0-5f5d6db69a3f","D2","8/26/2026 3:02:46 PM"
"8","[""Yes""]","5","32","[""No""]","[""No""]","","","","[""Clear""]","","","[""Yes""]","https://five.epicollect.net/api/media/mycoponics-porterfield?type=photo&format=entry_original&name=c9bda4b2-7297-4e40-b1a3-859deb6e2ee1_1788751321.jpg&v=1788751447","https://five.epicollect.net/api/media/mycoponics-porterfield?type=photo&format=entry_original&name=c9bda4b2-7297-4e40-b1a3-859deb6e2ee1_1788751326.jpg&v=1788751447","https://five.epicollect.net/api/media/mycoponics-porterfield?type=photo&format=entry_original&name=c9bda4b2-7297-4e40-b1a3-859deb6e2ee1_1788751332.jpg&v=1788751447","https://five.epicollect.net/api/media/mycoponics-porterfield?type=photo&format=entry_original&name=c9bda4b2-7297-4e40-b1a3-859deb6e2ee1_1788751338.jpg&v=1788751447","https://five.epicollect.net/api/media/mycoponics-porterfield?type=photo&format=entry_original&name=c9bda4b2-7297-4e40-b1a3-859deb6e2ee1_1788751344.jpg&v=1788751447","https://five.epicollect.net/api/media/mycoponics-porterfield?type=photo&format=entry_original&name=c9bda4b2-7297-4e40-b1a3-859deb6e2ee1_1788751350.jpg&v=1788751447","https://five.epicollect.net/api/media/mycoponics-porterfield?type=photo&format=entry_original&name=c9bda4b2-7297-4e40-b1a3-859deb6e2ee1_1788751356.jpg&v=1788751447","https://five.epicollect.net/api/media/mycoponics-porterfield?type=photo&format=entry_original&name=c9bda4b2-7297-4e40-b1a3-859deb6e2ee1_1788751362.jpg&v=1788751447","","","","","","","","","","","","","","","","","","","","","","","","D4","8/28/2026 3:25:09 AM","559b5ba0-9206-11f1-b91a-4736f6a951ba","c9bda4b2-7297-4e40-b1a3-859deb6e2ee1","D4","9/7/2026 3:24:07 AM"
"","[""Yes""]","","60","[""Yes""]","[""Yes""]","14","29","#b48e53","[""Amber""]","","Light yellow-ish, like apple juice color exudates","[""Yes""]","https://five.epicollect.net/api/media/mycoponics-porterfield?type=photo&format=entry_original&name=ca0a8161-b9a7-49ca-8358-9041c0e6c878_1788709717.jpg&v=1788709725","https://five.epicollect.net/api/media/mycoponics-porterfield?type=photo&format=entry_original&name=ca0a8161-b9a7-49ca-8358-9041c0e6c878_1788709720.jpg&v=1788709725","https://five.epicollect.net/api/media/mycoponics-porterfield?type=photo&format=entry_original&name=ca0a8161-b9a7-49ca-8358-9041c0e6c878_1788709722.jpg&v=1788709725","","","","","","","","","","","","","","","","","","","","","","","","","","","","Very humid walls, it is hard to see. The walls are foggy- there is consistent fog and some small-medium water droplets. Multiple spots of contamination, especially as a ring around the bottom. This contamination around the bottom is mostly black/brownish with those holes, but there are a few spots of white (is that the mycelia growing inside/on the contamination?), and a few spots of red (what reasons could there be for the contamination  to be red/a dif color in cerain areas?). Many localized yellow exudates around the fungus, ESPECIALLY at the very bottom tip thing of the fungus- there are probably symbiotic reasons for this? Contamination: Confirmed. Colonization: Fully colonized (90%). Surface density: Dense, thick mycelial mat. Edge activity: Minimal edge growth. Exudophore formation: Visible localized exudates. Exudate localization: Dripping downward. Localization density: abundant.","A2","8/29/2026 8:58:14 PM","196bdda0-9204-11f1-9262-61c43e67bcf5","ca0a8161-b9a7-49ca-8358-9041c0e6c878","A2","9/6/2026 3:48:45 PM"
"19","[""No""]","1","18","[""No""]","[""No""]","","","","[]","","","[""No""]","","","","","","","","","","","","","","","","","","","","","","","","","","","","","","","","C4","8/26/2026 6:00:31 PM","16818790-9207-11f1-a488-057d0ae059c0","cb0bce47-1274-4ef1-8da4-33109cf4812a","C4","8/26/2026 6:00:46 PM"
"17","[""No""]","","17","[""Yes""]","[""No""]","","","","[""Yellow""]","","too little","[""No""]","","","","","","","","","","","","","","","","","","","","","","","","","","","","","","","","A4","8/26/2026 5:21:42 PM","415bd600-9207-11f1-8555-b77c5e5555d6","cb557906-8672-4b04-a969-7ebcb653c3e8","A4","8/26/2026 5:21:47 PM"
"30","[""No""]","22","8","[""No""]","[""No""]","","","","[]","","","[""Yes""]","https://five.epicollect.net/api/media/mycoponics-porterfield?type=photo&format=entry_original&name=cbb80317-710b-45c0-a1f6-66625bb5eae9_1788745312.jpg&v=1788745325","https://five.epicollect.net/api/media/mycoponics-porterfield?type=photo&format=entry_original&name=cbb80317-710b-45c0-a1f6-66625bb5eae9_1788745316.jpg&v=1788745325","https://five.epicollect.net/api/media/mycoponics-porterfield?type=photo&format=entry_original&name=cbb80317-710b-45c0-a1f6-66625bb5eae9_1788745321.jpg&v=1788745325","","","","","","","","","","","","","","","","","","","","","","","","","","","","","B4","8/29/2026 7:16:29 PM","d2645ac0-9205-11f1-ba5f-319f359841fc","cbb80317-710b-45c0-a1f6-66625bb5eae9","B4","9/7/2026 1:42:05 AM"
"49","[""No""]","","46","[""Yes""]","[""No""]","","","","[""Yellow""]","","","[""No""]","","","","","","","","","","","","","","","","","","","","","","","","","","","","","","","smells bad","A4","8/26/2026 4:07:05 PM","6e4c3330-9207-11f1-ba24-e7a1a5a09e42","cbca6667-02d7-4416-b01a-aee721f6b14e","A4","8/26/2026 4:07:10 PM"
"28","[""No""]","4","24","[""Yes""]","[""Yes""]","15","19","#7C4B2A","[""Red""]","","Not as diluted as other days. I changed the humidity from 95% to 85% hoping to see more concentrated exudates. seems to have yellow areas but liquid in the bottom still very green/blue","[""No""]","","","","","","","","","","","","","","","","","","","","","","","","","","","","","","","","A2","8/26/2026 6:21:45 PM","75fb7970-9206-11f1-a57e-abc999418cec","cc02b8b9-8989-41d9-b6d0-dc01b6948ccd","A2","8/26/2026 6:21:48 PM"
"35","[""Yes""]","3","55","[""Yes""]","[""No""]","","","","[""Clear""]","","Too watery","[""Yes""]","https://five.epicollect.net/api/media/mycoponics-porterfield?type=photo&format=entry_original&name=ccafc690-5e9e-4a16-b8e9-590f4661441a_1788711743.jpg&v=1788711785","https://five.epicollect.net/api/media/mycoponics-porterfield?type=photo&format=entry_original&name=ccafc690-5e9e-4a16-b8e9-590f4661441a_1788711746.jpg&v=1788711785","https://five.epicollect.net/api/media/mycoponics-porterfield?type=photo&format=entry_original&name=ccafc690-5e9e-4a16-b8e9-590f4661441a_1788711749.jpg&v=1788711785","https://five.epicollect.net/api/media/mycoponics-porterfield?type=photo&format=entry_original&name=ccafc690-5e9e-4a16-b8e9-590f4661441a_1788711752.jpg&v=1788711785","https://five.epicollect.net/api/media/mycoponics-porterfield?type=photo&format=entry_original&name=ccafc690-5e9e-4a16-b8e9-590f4661441a_1788711754.jpg&v=1788711785","https://five.epicollect.net/api/media/mycoponics-porterfield?type=photo&format=entry_original&name=ccafc690-5e9e-4a16-b8e9-590f4661441a_1788711757.jpg&v=1788711785","https://five.epicollect.net/api/media/mycoponics-porterfield?type=photo&format=entry_original&name=ccafc690-5e9e-4a16-b8e9-590f4661441a_1788711760.jpg&v=1788711785","https://five.epicollect.net/api/media/mycoponics-porterfield?type=photo&format=entry_original&name=ccafc690-5e9e-4a16-b8e9-590f4661441a_1788711762.jpg&v=1788711785","https://five.epicollect.net/api/media/mycoponics-porterfield?type=photo&format=entry_original&name=ccafc690-5e9e-4a16-b8e9-590f4661441a_1788711765.jpg&v=1788711785","https://five.epicollect.net/api/media/mycoponics-porterfield?type=photo&format=entry_original&name=ccafc690-5e9e-4a16-b8e9-590f4661441a_1788711768.jpg&v=1788711785","https://five.epicollect.net/api/media/mycoponics-porterfield?type=photo&format=entry_original&name=ccafc690-5e9e-4a16-b8e9-590f4661441a_1788711771.jpg&v=1788711785","https://five.epicollect.net/api/media/mycoponics-porterfield?type=photo&format=entry_original&name=ccafc690-5e9e-4a16-b8e9-590f4661441a_1788711773.jpg&v=1788711785","https://five.epicollect.net/api/media/mycoponics-porterfield?type=photo&format=entry_original&name=ccafc690-5e9e-4a16-b8e9-590f4661441a_1788711776.jpg&v=1788711785","https://five.epicollect.net/api/media/mycoponics-porterfield?type=photo&format=entry_original&name=ccafc690-5e9e-4a16-b8e9-590f4661441a_1788711779.jpg&v=1788711785","","","","","","","","","","","","","","","","","","B2","8/29/2026 7:34:06 PM","780c9ba0-9205-11f1-bc95-0954c57f36fb","ccafc690-5e9e-4a16-b8e9-590f4661441a","B2","9/6/2026 4:23:05 PM"
"15","[""No""]","15","15","[""No""]","[""No""]","","","","[]","","","[""Yes""]","https://five.epicollect.net/api/media/mycoponics-porterfield?type=photo&format=entry_original&name=cd798ac5-4a4b-4248-a7af-24c5e5eed53b_1788751005.jpg&v=1788751029","https://five.epicollect.net/api/media/mycoponics-porterfield?type=photo&format=entry_original&name=cd798ac5-4a4b-4248-a7af-24c5e5eed53b_1788751009.jpg&v=1788751029","https://five.epicollect.net/api/media/mycoponics-porterfield?type=photo&format=entry_original&name=cd798ac5-4a4b-4248-a7af-24c5e5eed53b_1788751014.jpg&v=1788751029","","","","","","","","","","","","","","","","","","","","","","","","","","","","Looks very healthy, is has a lot of texture since it is forming some type of spheres all over the mycelium. At the bottom of the tube the mycelium has not grown, it could be slow growth or something with the ceramic. It has some tyoe of dots that are not part of the fungi, it could be bacteria. Contamination: Possible. Colonization: Moderate colonization (30-60%). Surface density: Moderate fluffy coverage. Edge activity: Moderate active growth. Exudophore formation: Active exudation, branches covered in fuzzy mycelium. Localization density: sparse. Odor: None.","C3","8/28/2026 3:25:09 AM","559b5ba0-9206-11f1-b91a-4736f6a951ba","cd798ac5-4a4b-4248-a7af-24c5e5eed53b","C3","9/7/2026 3:17:09 AM"
"23","[""No""]","3","20","[""No""]","[""No""]","","","","[""Clear""]","","","[""No""]","","","","","","","","","","","","","","","","","","","","","","","","","","","","","","","","D2","8/26/2026 6:21:45 PM","75fb7970-9206-11f1-a57e-abc999418cec","cddeed91-d209-4307-a0c4-50b9b551617c","D2","8/26/2026 6:22:11 PM"
"42","[""No""]","0","42","[""No""]","[""No""]","","","","[]","","","[""No""]","","","","","","","","","","","","","","","","","","","","","","","","","","","","","","","","A3","8/26/2026 5:42:07 PM","25278790-9207-11f1-9186-31d4e5d7aabc","ce1cab43-1b92-43f9-bbde-47122167f5b7","A3","8/26/2026 5:42:11 PM"
"10","[""Yes""]","8","44","[""Yes""]","[""Yes""]","14.3","18.5","#D1B25D","[""Yellow""]","","","[""Yes""]","https://five.epicollect.net/api/media/mycoponics-porterfield?type=photo&format=entry_original&name=ce4bb916-b449-480d-a917-e8be1bf2fc51_1788747410.jpg&v=1788747468","https://five.epicollect.net/api/media/mycoponics-porterfield?type=photo&format=entry_original&name=ce4bb916-b449-480d-a917-e8be1bf2fc51_1788747413.jpg&v=1788747468","https://five.epicollect.net/api/media/mycoponics-porterfield?type=photo&format=entry_original&name=ce4bb916-b449-480d-a917-e8be1bf2fc51_1788747420.jpg&v=1788747468","https://five.epicollect.net/api/media/mycoponics-porterfield?type=photo&format=entry_original&name=ce4bb916-b449-480d-a917-e8be1bf2fc51_1788747422.jpg&v=1788747468","https://five.epicollect.net/api/media/mycoponics-porterfield?type=photo&format=entry_original&name=ce4bb916-b449-480d-a917-e8be1bf2fc51_1788747430.jpg&v=1788747468","https://five.epicollect.net/api/media/mycoponics-porterfield?type=photo&format=entry_original&name=ce4bb916-b449-480d-a917-e8be1bf2fc51_1788747433.jpg&v=1788747468","https://five.epicollect.net/api/media/mycoponics-porterfield?type=photo&format=entry_original&name=ce4bb916-b449-480d-a917-e8be1bf2fc51_1788747436.jpg&v=1788747468","https://five.epicollect.net/api/media/mycoponics-porterfield?type=photo&format=entry_original&name=ce4bb916-b449-480d-a917-e8be1bf2fc51_1788747439.jpg&v=1788747468","https://five.epicollect.net/api/media/mycoponics-porterfield?type=photo&format=entry_original&name=ce4bb916-b449-480d-a917-e8be1bf2fc51_1788747442.jpg&v=1788747468","https://five.epicollect.net/api/media/mycoponics-porterfield?type=photo&format=entry_original&name=ce4bb916-b449-480d-a917-e8be1bf2fc51_1788747445.jpg&v=1788747468","https://five.epicollect.net/api/media/mycoponics-porterfield?type=photo&format=entry_original&name=ce4bb916-b449-480d-a917-e8be1bf2fc51_1788747447.jpg&v=1788747468","https://five.epicollect.net/api/media/mycoponics-porterfield?type=photo&format=entry_original&name=ce4bb916-b449-480d-a917-e8be1bf2fc51_1788747450.jpg&v=1788747468","https://five.epicollect.net/api/media/mycoponics-porterfield?type=photo&format=entry_original&name=ce4bb916-b449-480d-a917-e8be1bf2fc51_1788747453.jpg&v=1788747468","https://five.epicollect.net/api/media/mycoponics-porterfield?type=photo&format=entry_original&name=ce4bb916-b449-480d-a917-e8be1bf2fc51_1788747456.jpg&v=1788747468","https://five.epicollect.net/api/media/mycoponics-porterfield?type=photo&format=entry_original&name=ce4bb916-b449-480d-a917-e8be1bf2fc51_1788747460.jpg&v=1788747468","","","","","","","","","","","","","","","","","B3","8/29/2026 7:09:34 PM","d76eca50-9205-11f1-ba5f-319f359841fc","ce4bb916-b449-480d-a917-e8be1bf2fc51","B3","9/7/2026 2:17:48 AM"
"10","[""No""]","4","6","[""No""]","[""No""]","","","","[""Green""]","","","[""Yes""]","https://five.epicollect.net/api/media/mycoponics-porterfield?type=photo&format=entry_original&name=ce4c8ad6-77bb-44d9-810b-e6656f43158e_1788752719.jpg&v=1788752732","https://five.epicollect.net/api/media/mycoponics-porterfield?type=photo&format=entry_original&name=ce4c8ad6-77bb-44d9-810b-e6656f43158e_1788752722.jpg&v=1788752732","https://five.epicollect.net/api/media/mycoponics-porterfield?type=photo&format=entry_original&name=ce4c8ad6-77bb-44d9-810b-e6656f43158e_1788752724.jpg&v=1788752732","","","","","","","","","","","","","","","","","","","","","","","","","","","","","B3","8/26/2026 5:53:40 PM","1a80a1a0-9207-11f1-a488-057d0ae059c0","ce4c8ad6-77bb-44d9-810b-e6656f43158e","B3","9/7/2026 3:45:32 AM"
"0","[""Yes""]","0","60","[""No""]","[""""]","","","","[]","","No exudates at all. could be attributed to the humidity.	","[""Yes""]","https://five.epicollect.net/api/media/mycoponics-porterfield?type=photo&format=entry_original&name=ce9fe540-91f0-11f1-bdff-3dea7edc8549_1786059966.jpg&v=1788708814","https://five.epicollect.net/api/media/mycoponics-porterfield?type=photo&format=entry_original&name=ce9fe540-91f0-11f1-bdff-3dea7edc8549_1786059982.jpg&v=1788708814","https://five.epicollect.net/api/media/mycoponics-porterfield?type=photo&format=entry_original&name=ce9fe540-91f0-11f1-bdff-3dea7edc8549_1786059994.jpg&v=1788708814","https://five.epicollect.net/api/media/mycoponics-porterfield?type=photo&format=entry_original&name=ce9fe540-91f0-11f1-bdff-3dea7edc8549_1786060006.jpg&v=1788708814","https://five.epicollect.net/api/media/mycoponics-porterfield?type=photo&format=entry_original&name=ce9fe540-91f0-11f1-bdff-3dea7edc8549_1786060017.jpg&v=1788708814","https://five.epicollect.net/api/media/mycoponics-porterfield?type=photo&format=entry_original&name=ce9fe540-91f0-11f1-bdff-3dea7edc8549_1786060027.jpg&v=1788708814","https://five.epicollect.net/api/media/mycoponics-porterfield?type=photo&format=entry_original&name=ce9fe540-91f0-11f1-bdff-3dea7edc8549_1786060040.jpg&v=1788708814","https://five.epicollect.net/api/media/mycoponics-porterfield?type=photo&format=entry_original&name=ce9fe540-91f0-11f1-bdff-3dea7edc8549_1786060061.jpg&v=1788708814","https://five.epicollect.net/api/media/mycoponics-porterfield?type=photo&format=entry_original&name=ce9fe540-91f0-11f1-bdff-3dea7edc8549_1788708805.jpg&v=1788708814","https://five.epicollect.net/api/media/mycoponics-porterfield?type=photo&format=entry_original&name=ce9fe540-91f0-11f1-bdff-3dea7edc8549_1788708809.jpg&v=1788708814","","","","","","","","","","","","","","","","","","","","","Very clear besides for localized droplets of small to medium droplets. The ceramic tube is mostly covered by fuzzy mycelial tissue. However, it also presents three branching structures, as well as golden droplets attached to the tissue. No contamination","D2","8/6/2026 11:44:46 PM","5812f280-91de-11f1-bdff-3dea7edc8549","ce9fe540-91f0-11f1-bdff-3dea7edc8549","D2","9/6/2026 3:33:34 PM"
"18","[""No""]","0","18","[""No""]","[""No""]","","","","[]","","dripping strucrutes at bottom","[""No""]","","","","","","","","","","","","","","","","","","","","","","","","","","","","","","","","C4","8/29/2026 7:04:24 PM","1adbaf60-9206-11f1-9518-87ccf2fafc79","cec13e4f-c87d-40aa-8b02-9666f7829dee","C4","8/29/2026 7:04:47 PM"
"26","[""No""]","0","26","[""Yes""]","[""No""]","","","","[""Green""]","","media","[""No""]","","","","","","","","","","","","","","","","","","","","","","","","","","","","","","","","A3","8/29/2026 7:04:24 PM","1adbaf60-9206-11f1-9518-87ccf2fafc79","cec838b0-5607-4916-923d-4a6a3dfdcebc","A3","8/29/2026 7:04:29 PM"
"2","[""Yes""]","8","52","[""Yes""]","[""Yes""]","14","25","","[]","","Yellow exudates. The green color is gone.","[""Yes""]","https://five.epicollect.net/api/media/mycoponics-porterfield?type=photo&format=entry_original&name=cee1a75a-f621-4596-9f9b-8c7a8c554dfb_1788714610.jpg&v=1788714854","https://five.epicollect.net/api/media/mycoponics-porterfield?type=photo&format=entry_original&name=cee1a75a-f621-4596-9f9b-8c7a8c554dfb_1788714758.jpg&v=1788714854","https://five.epicollect.net/api/media/mycoponics-porterfield?type=photo&format=entry_original&name=cee1a75a-f621-4596-9f9b-8c7a8c554dfb_1788714763.jpg&v=1788714854","https://five.epicollect.net/api/media/mycoponics-porterfield?type=photo&format=entry_original&name=cee1a75a-f621-4596-9f9b-8c7a8c554dfb_1788714767.jpg&v=1788714854","https://five.epicollect.net/api/media/mycoponics-porterfield?type=photo&format=entry_original&name=cee1a75a-f621-4596-9f9b-8c7a8c554dfb_1788714772.jpg&v=1788714854","https://five.epicollect.net/api/media/mycoponics-porterfield?type=photo&format=entry_original&name=cee1a75a-f621-4596-9f9b-8c7a8c554dfb_1788714778.jpg&v=1788714854","https://five.epicollect.net/api/media/mycoponics-porterfield?type=photo&format=entry_original&name=cee1a75a-f621-4596-9f9b-8c7a8c554dfb_1788714785.jpg&v=1788714854","https://five.epicollect.net/api/media/mycoponics-porterfield?type=photo&format=entry_original&name=cee1a75a-f621-4596-9f9b-8c7a8c554dfb_1788714791.jpg&v=1788714854","https://five.epicollect.net/api/media/mycoponics-porterfield?type=photo&format=entry_original&name=cee1a75a-f621-4596-9f9b-8c7a8c554dfb_1788714798.jpg&v=1788714854","https://five.epicollect.net/api/media/mycoponics-porterfield?type=photo&format=entry_original&name=cee1a75a-f621-4596-9f9b-8c7a8c554dfb_1788714804.jpg&v=1788714854","https://five.epicollect.net/api/media/mycoponics-porterfield?type=photo&format=entry_original&name=cee1a75a-f621-4596-9f9b-8c7a8c554dfb_1788714810.jpg&v=1788714854","https://five.epicollect.net/api/media/mycoponics-porterfield?type=photo&format=entry_original&name=cee1a75a-f621-4596-9f9b-8c7a8c554dfb_1788714814.jpg&v=1788714854","https://five.epicollect.net/api/media/mycoponics-porterfield?type=photo&format=entry_original&name=cee1a75a-f621-4596-9f9b-8c7a8c554dfb_1788714818.jpg&v=1788714854","","","","","","","","","","","","","","","","","","Mycelium is growing healthy, now it is starting to grow over the mold area and it is exuding gold/amber drops.","D1","8/29/2026 7:27:41 PM","856cfc40-9205-11f1-bc95-0954c57f36fb","cee1a75a-f621-4596-9f9b-8c7a8c554dfb","D1","9/6/2026 5:14:14 PM"
"18","[""Yes""]","5","30","[""Yes""]","[""No""]","","","","[""Green""]","","media","[""Yes""]","https://five.epicollect.net/api/media/mycoponics-porterfield?type=photo&format=entry_original&name=cee3a3af-b99d-4b33-9330-1ecfb8014335_1788736043.jpg&v=1788736100","https://five.epicollect.net/api/media/mycoponics-porterfield?type=photo&format=entry_original&name=cee3a3af-b99d-4b33-9330-1ecfb8014335_1788736047.jpg&v=1788736100","https://five.epicollect.net/api/media/mycoponics-porterfield?type=photo&format=entry_original&name=cee3a3af-b99d-4b33-9330-1ecfb8014335_1788736050.jpg&v=1788736100","https://five.epicollect.net/api/media/mycoponics-porterfield?type=photo&format=entry_original&name=cee3a3af-b99d-4b33-9330-1ecfb8014335_1788736053.jpg&v=1788736100","https://five.epicollect.net/api/media/mycoponics-porterfield?type=photo&format=entry_original&name=cee3a3af-b99d-4b33-9330-1ecfb8014335_1788736056.jpg&v=1788736100","https://five.epicollect.net/api/media/mycoponics-porterfield?type=photo&format=entry_original&name=cee3a3af-b99d-4b33-9330-1ecfb8014335_1788736059.jpg&v=1788736100","https://five.epicollect.net/api/media/mycoponics-porterfield?type=photo&format=entry_original&name=cee3a3af-b99d-4b33-9330-1ecfb8014335_1788736062.jpg&v=1788736100","https://five.epicollect.net/api/media/mycoponics-porterfield?type=photo&format=entry_original&name=cee3a3af-b99d-4b33-9330-1ecfb8014335_1788736065.jpg&v=1788736100","https://five.epicollect.net/api/media/mycoponics-porterfield?type=photo&format=entry_original&name=cee3a3af-b99d-4b33-9330-1ecfb8014335_1788736068.jpg&v=1788736100","https://five.epicollect.net/api/media/mycoponics-porterfield?type=photo&format=entry_original&name=cee3a3af-b99d-4b33-9330-1ecfb8014335_1788736070.jpg&v=1788736100","https://five.epicollect.net/api/media/mycoponics-porterfield?type=photo&format=entry_original&name=cee3a3af-b99d-4b33-9330-1ecfb8014335_1788736073.jpg&v=1788736100","https://five.epicollect.net/api/media/mycoponics-porterfield?type=photo&format=entry_original&name=cee3a3af-b99d-4b33-9330-1ecfb8014335_1788736075.jpg&v=1788736100","https://five.epicollect.net/api/media/mycoponics-porterfield?type=photo&format=entry_original&name=cee3a3af-b99d-4b33-9330-1ecfb8014335_1788736077.jpg&v=1788736100","https://five.epicollect.net/api/media/mycoponics-porterfield?type=photo&format=entry_original&name=cee3a3af-b99d-4b33-9330-1ecfb8014335_1788736080.jpg&v=1788736100","https://five.epicollect.net/api/media/mycoponics-porterfield?type=photo&format=entry_original&name=cee3a3af-b99d-4b33-9330-1ecfb8014335_1788736082.jpg&v=1788736100","https://five.epicollect.net/api/media/mycoponics-porterfield?type=photo&format=entry_original&name=cee3a3af-b99d-4b33-9330-1ecfb8014335_1788736085.jpg&v=1788736100","https://five.epicollect.net/api/media/mycoponics-porterfield?type=photo&format=entry_original&name=cee3a3af-b99d-4b33-9330-1ecfb8014335_1788736092.jpg&v=1788736100","","","","","","","","","","","","","","","A3","8/29/2026 7:16:29 PM","d2645ac0-9205-11f1-ba5f-319f359841fc","cee3a3af-b99d-4b33-9330-1ecfb8014335","A3","9/6/2026 11:08:20 PM"
"30","[""No""]","6","18","[""Yes""]","[""Yes""]","13","29","#967d3b","[""Yellow""]","","We dumped out most exudates when we were about to harveest for today's procedure, so the volume is a guesstimate.","[""Yes""]","https://five.epicollect.net/api/media/mycoponics-porterfield?type=photo&format=entry_original&name=cf2c3500-9e7f-4314-abcd-76c7c7553567_1788730177.jpg&v=1788730332","https://five.epicollect.net/api/media/mycoponics-porterfield?type=photo&format=entry_original&name=cf2c3500-9e7f-4314-abcd-76c7c7553567_1788730188.jpg&v=1788730332","https://five.epicollect.net/api/media/mycoponics-porterfield?type=photo&format=entry_original&name=cf2c3500-9e7f-4314-abcd-76c7c7553567_1788730194.jpg&v=1788730332","https://five.epicollect.net/api/media/mycoponics-porterfield?type=photo&format=entry_original&name=cf2c3500-9e7f-4314-abcd-76c7c7553567_1788730197.jpg&v=1788730332","https://five.epicollect.net/api/media/mycoponics-porterfield?type=photo&format=entry_original&name=cf2c3500-9e7f-4314-abcd-76c7c7553567_1788730202.jpg&v=1788730332","https://five.epicollect.net/api/media/mycoponics-porterfield?type=photo&format=entry_original&name=cf2c3500-9e7f-4314-abcd-76c7c7553567_1788730207.jpg&v=1788730332","https://five.epicollect.net/api/media/mycoponics-porterfield?type=photo&format=entry_original&name=cf2c3500-9e7f-4314-abcd-76c7c7553567_1788730223.jpg&v=1788730332","https://five.epicollect.net/api/media/mycoponics-porterfield?type=photo&format=entry_original&name=cf2c3500-9e7f-4314-abcd-76c7c7553567_1788730229.jpg&v=1788730332","https://five.epicollect.net/api/media/mycoponics-porterfield?type=photo&format=entry_original&name=cf2c3500-9e7f-4314-abcd-76c7c7553567_1788730234.jpg&v=1788730332","https://five.epicollect.net/api/media/mycoponics-porterfield?type=photo&format=entry_original&name=cf2c3500-9e7f-4314-abcd-76c7c7553567_1788730238.jpg&v=1788730332","https://five.epicollect.net/api/media/mycoponics-porterfield?type=photo&format=entry_original&name=cf2c3500-9e7f-4314-abcd-76c7c7553567_1788730242.jpg&v=1788730332","https://five.epicollect.net/api/media/mycoponics-porterfield?type=photo&format=entry_original&name=cf2c3500-9e7f-4314-abcd-76c7c7553567_1788730246.jpg&v=1788730332","https://five.epicollect.net/api/media/mycoponics-porterfield?type=photo&format=entry_original&name=cf2c3500-9e7f-4314-abcd-76c7c7553567_1788730249.jpg&v=1788730332","https://five.epicollect.net/api/media/mycoponics-porterfield?type=photo&format=entry_original&name=cf2c3500-9e7f-4314-abcd-76c7c7553567_1788730257.jpg&v=1788730332","https://five.epicollect.net/api/media/mycoponics-porterfield?type=photo&format=entry_original&name=cf2c3500-9e7f-4314-abcd-76c7c7553567_1788730262.jpg&v=1788730332","https://five.epicollect.net/api/media/mycoponics-porterfield?type=photo&format=entry_original&name=cf2c3500-9e7f-4314-abcd-76c7c7553567_1788730267.jpg&v=1788730332","https://five.epicollect.net/api/media/mycoponics-porterfield?type=photo&format=entry_original&name=cf2c3500-9e7f-4314-abcd-76c7c7553567_1788730270.jpg&v=1788730332","https://five.epicollect.net/api/media/mycoponics-porterfield?type=photo&format=entry_original&name=cf2c3500-9e7f-4314-abcd-76c7c7553567_1788730274.jpg&v=1788730332","https://five.epicollect.net/api/media/mycoponics-porterfield?type=photo&format=entry_original&name=cf2c3500-9e7f-4314-abcd-76c7c7553567_1788730278.jpg&v=1788730332","https://five.epicollect.net/api/media/mycoponics-porterfield?type=photo&format=entry_original&name=cf2c3500-9e7f-4314-abcd-76c7c7553567_1788730285.jpg&v=1788730332","https://five.epicollect.net/api/media/mycoponics-porterfield?type=photo&format=entry_original&name=cf2c3500-9e7f-4314-abcd-76c7c7553567_1788730289.jpg&v=1788730332","https://five.epicollect.net/api/media/mycoponics-porterfield?type=photo&format=entry_original&name=cf2c3500-9e7f-4314-abcd-76c7c7553567_1788730293.jpg&v=1788730332","https://five.epicollect.net/api/media/mycoponics-porterfield?type=photo&format=entry_original&name=cf2c3500-9e7f-4314-abcd-76c7c7553567_1788730297.jpg&v=1788730332","https://five.epicollect.net/api/media/mycoponics-porterfield?type=photo&format=entry_original&name=cf2c3500-9e7f-4314-abcd-76c7c7553567_1788730301.jpg&v=1788730332","https://five.epicollect.net/api/media/mycoponics-porterfield?type=photo&format=entry_original&name=cf2c3500-9e7f-4314-abcd-76c7c7553567_1788730305.jpg&v=1788730332","https://five.epicollect.net/api/media/mycoponics-porterfield?type=photo&format=entry_original&name=cf2c3500-9e7f-4314-abcd-76c7c7553567_1788730308.jpg&v=1788730332","https://five.epicollect.net/api/media/mycoponics-porterfield?type=photo&format=entry_original&name=cf2c3500-9e7f-4314-abcd-76c7c7553567_1788730313.jpg&v=1788730332","https://five.epicollect.net/api/media/mycoponics-porterfield?type=photo&format=entry_original&name=cf2c3500-9e7f-4314-abcd-76c7c7553567_1788730317.jpg&v=1788730332","https://five.epicollect.net/api/media/mycoponics-porterfield?type=photo&format=entry_original&name=cf2c3500-9e7f-4314-abcd-76c7c7553567_1788730321.jpg&v=1788730332","https://five.epicollect.net/api/media/mycoponics-porterfield?type=photo&format=entry_original&name=cf2c3500-9e7f-4314-abcd-76c7c7553567_1788730327.jpg&v=1788730332","","D2","8/29/2026 7:21:20 PM","ac1d01f0-9205-11f1-bca9-83b388c0a0a4","cf2c3500-9e7f-4314-abcd-76c7c7553567","D2","9/6/2026 9:32:12 PM"
"10","[""No""]","1","9","[""Yes""]","[""Yes""]","14","30","#864100","["" Orange""]","","","[""No""]","","","","","","","","","","","","","","","","","","","","","","","","","","","","","","","","C2","8/26/2026 4:41:09 PM","68feee40-9207-11f1-ba24-e7a1a5a09e42","cf3b8e06-e177-43fd-be6c-93f7b19dde4d","C2","8/26/2026 4:41:22 PM"
"12","[""No""]","3","9","[""Yes""]","[""Yes""]","11","11","#858E4F","[""Green""]","","Smells sweet, i recollected it because I see many droplets in the mycelium. It could be exudates mixed with media. It would be good to send a sample of just media to have it as a comparasion.","[""No""]","","","","","","","","","","","","","","","","","","","","","","","","","","","","","","","","B4","8/26/2026 6:21:45 PM","75fb7970-9206-11f1-a57e-abc999418cec","cf3d7c60-4d64-4927-80d6-aeb601fd9d41","B4","8/26/2026 6:21:59 PM"
"10","[""Yes""]","2","48","[""Yes""]","[""Yes""]","","29","#97957B","[""Yellow""]","","Look very diluted but the water is probably getting through the filter and not leaking","[""Yes""]","https://five.epicollect.net/api/media/mycoponics-porterfield?type=photo&format=entry_original&name=cf487c8a-db38-4966-bf8e-0c33119c572b_1788750346.jpg&v=1788750395","https://five.epicollect.net/api/media/mycoponics-porterfield?type=photo&format=entry_original&name=cf487c8a-db38-4966-bf8e-0c33119c572b_1788750363.jpg&v=1788750395","https://five.epicollect.net/api/media/mycoponics-porterfield?type=photo&format=entry_original&name=cf487c8a-db38-4966-bf8e-0c33119c572b_1788750368.jpg&v=1788750395","https://five.epicollect.net/api/media/mycoponics-porterfield?type=photo&format=entry_original&name=cf487c8a-db38-4966-bf8e-0c33119c572b_1788750376.jpg&v=1788750395","https://five.epicollect.net/api/media/mycoponics-porterfield?type=photo&format=entry_original&name=cf487c8a-db38-4966-bf8e-0c33119c572b_1788750382.jpg&v=1788750395","https://five.epicollect.net/api/media/mycoponics-porterfield?type=photo&format=entry_original&name=cf487c8a-db38-4966-bf8e-0c33119c572b_1788750387.jpg&v=1788750395","","","","","","","","","","","","","","","","","","","","","","","","","It is the tube with more mycelium, it is very heavy and occupies almost the whole jar, The mycelium is very fuzzy  in forms sphere structures.  The contaminated part started growing some red color in the center, when at the beggining it was just mold. Contamination: Confirmed. Colonization: Fully colonized (over 90%). Surface density: Very dense/overgrown/3D structures. Edge activity: Moderate active growth. Exudophore formation: Active exudation, branches covered in fuzzy mycelium. Localization density: moderate. Odor: None.","A1","8/29/2026 9:28:46 PM","559b5ba0-9206-11f1-b91a-4736f6a951ba","cf487c8a-db38-4966-bf8e-0c33119c572b","A1","9/7/2026 3:06:35 AM"
"37","[""No""]","2","35","[""Yes""]","[""Yes""]","7.3","7.3","#9d6d01","[""Amber""]","","","[""Yes""]","","","","","","","","","","","","","","","","","","","","","","","","","","","","","","","","D2","8/29/2026 7:17:32 PM","c3bb9ba0-9205-11f1-9bf5-b15c7c68ff3f","cf89d8a3-8571-4aee-bec5-3455ddb39132","D2","8/29/2026 7:18:00 PM"
"4","[""Yes""]","5","45","[""No""]","[""No""]","","","","[]","","Not  exudate drops","[""No""]","","","","","","","","","","","","","","","","","","","","","","","","","","","","","","","","B4","8/28/2026 12:46:31 PM","4ed1fe00-9206-11f1-b91a-4736f6a951ba","cfe41a1d-6ca0-4abb-8346-2dfd6a137f5b","B4","8/28/2026 12:46:41 PM"
"26","[""No""]","2","58","[""Yes""]","[""Yes""]","14","28","#9D9156","[""Yellow Brownish (cardboard)""]","","clear-ish, viscous liquid, tan-ish small chunks/dots","[""No""]","","","","","","","","","","","","","","","","","","","","","","","","","","","","","","","","C4","8/26/2026 12:50:07 PM","9dd3dd10-9207-11f1-b651-5d6fce51deb5","d0008556-24a1-4ddf-9269-ac7fc9940da4","C4","8/26/2026 12:50:21 PM"
"30","[""No""]","5","25","[""Yes""]","[""Yes""]","","37","#7C6D40","[""Yellow""]","","","[""No""]","","","","","","","","","","","","","","","","","","","","","","","","","","","","","","","Contamination: Confirmed.","A1","8/28/2026 12:49:19 PM","42238840-9206-11f1-b91a-4736f6a951ba","d0e1d3f8-5347-49b6-8c39-94950c099552","A1","8/28/2026 12:49:18 PM"
"5","[""Yes""]","5","25","[""No""]","[""No""]","","","","[""Clear""]","","No exudate drops","[""No""]","","","","","","","","","","","","","","","","","","","","","","","","","","","","","","","","D3","8/28/2026 12:46:31 PM","4ed1fe00-9206-11f1-b91a-4736f6a951ba","d10c821b-560a-4cd4-a82f-346b2c60da40","D3","8/28/2026 12:46:50 PM"
"18","[""No""]","5","12","[""No""]","[""No""]","","","","[""Clear""]","","","[""Yes""]","https://five.epicollect.net/api/media/mycoponics-porterfield?type=photo&format=entry_original&name=d1267ebc-07f2-492a-b0b2-b28e59e3e9dc_1788715353.jpg&v=1788715363","https://five.epicollect.net/api/media/mycoponics-porterfield?type=photo&format=entry_original&name=d1267ebc-07f2-492a-b0b2-b28e59e3e9dc_1788715358.jpg&v=1788715363","","","","","","","","","","","","","","","","","","","","","","","","","","","","","","C4","8/29/2026 7:24:22 PM","8b5a78d0-9205-11f1-bc95-0954c57f36fb","d1267ebc-07f2-492a-b0b2-b28e59e3e9dc","C4","9/6/2026 5:22:43 PM"
"40","[""No""]","0","30","[""No""]","[""No""]","","","","[]","","","[""Yes""]","","","","","","","","","","","","","","","","","","","","","","","","","","","","","","","","A3","8/29/2026 7:24:22 PM","8b5a78d0-9205-11f1-bc95-0954c57f36fb","d143bd2f-5f98-47ff-9999-5b6632056875","A3","8/29/2026 7:24:29 PM"
"23","[""No""]","0","23","[""Yes""]","[""Yes""]","4","4","#85682A","[""Yellow""]","","very tiny black/brownish dots in the liquid. the media had phase separated (i took a video) very tiny black/brownish dots in the liquid.","[""No""]","","","","","","","","","","","","","","","","","","","","","","","","","","","","","","","","D1","8/26/2026 5:17:32 PM","54fc4000-9207-11f1-aadd-df4879ec2771","d1674d73-ec6f-4897-904c-cdd74dc76e8f","D1","8/26/2026 5:17:49 PM"
"48","[""No""]","2","46","[""No""]","[""No""]","","","","[]","","","[""No""]","","","","","","","","","","","","","","","","","","","","","","","","","","","","","","","","A3","8/26/2026 6:18:45 PM","a1eeb1f0-9206-11f1-b07c-23192f0e7dfa","d182ac6e-7b2b-47ce-b1c7-89abb97bcdc8","A3","8/26/2026 6:18:48 PM"
"14","[""No""]","4","10","[""No""]","[""No""]","","","","[]","","No exudate drops","[""No""]","","","","","","","","","","","","","","","","","","","","","","","","","","","","","","","","C4","8/28/2026 12:46:31 PM","4ed1fe00-9206-11f1-b91a-4736f6a951ba","d1b4a836-979a-4638-9838-af0ed243ad5c","C4","8/28/2026 12:46:46 PM"
"38","[""No""]","4","34","[""Yes""]","[""Yes""]","15","15","#9c6407","[""Amber""]","","Best exudatesI have seen. The fuzzy mycelium seems to not be a exudign structure but since we decreased the humidity a little (from 97 to 85) the morpohology is changing and the droplets are forming again in the tissue, this resulted in reaaly intense yellow exudation.","[""No""]","","","","","","","","","","","","","","","","","","","","","","","","","","","","","","","","A1","8/26/2026 5:27:01 PM","309c1dc0-9207-11f1-9186-31d4e5d7aabc","d1cbb5a4-aed2-466a-a201-1876d590bb3c","A1","8/26/2026 5:27:03 PM"
"19","[""No""]","","19","[""Yes""]","[""Yes""]","4","4","#A97407","[""Pale""]","","I collected 2 mL from yesterday and 2 mL from today.","[""No""]","","","","","","","","","","","","","","","","","","","","","","","","","","","","","","","","A1","8/26/2026 5:17:32 PM","54fc4000-9207-11f1-aadd-df4879ec2771","d1e5e4b0-a3d5-4e69-abd7-3d29045c22ea","A1","8/26/2026 5:17:33 PM"
"1","[""Yes""]","10","46","[""Yes""]","[""Yes""]","14.5","26","#4F4315","[""Yellow Brownish (cardboard)"",""Viscous""]","Mycelial chunks (medium/large)","many mushroom-like (imagine mushrooms on a pizza) pieces in this exudate. also pretty viscous liquid, not very clear.","[""Yes""]","https://five.epicollect.net/api/media/mycoponics-porterfield?type=photo&format=entry_original&name=d236b0ed-3eab-42fb-80fc-e849f2dd3e01_1786121717.jpg&v=1786126918","https://five.epicollect.net/api/media/mycoponics-porterfield?type=photo&format=entry_original&name=d236b0ed-3eab-42fb-80fc-e849f2dd3e01_1786121735.jpg&v=1786126918","https://five.epicollect.net/api/media/mycoponics-porterfield?type=photo&format=entry_original&name=d236b0ed-3eab-42fb-80fc-e849f2dd3e01_1786121750.jpg&v=1786126918","https://five.epicollect.net/api/media/mycoponics-porterfield?type=photo&format=entry_original&name=d236b0ed-3eab-42fb-80fc-e849f2dd3e01_1786121775.jpg&v=1786126918","https://five.epicollect.net/api/media/mycoponics-porterfield?type=photo&format=entry_original&name=d236b0ed-3eab-42fb-80fc-e849f2dd3e01_1786121795.jpg&v=1786126918","https://five.epicollect.net/api/media/mycoponics-porterfield?type=photo&format=entry_original&name=d236b0ed-3eab-42fb-80fc-e849f2dd3e01_1786121817.jpg&v=1786126918","https://five.epicollect.net/api/media/mycoponics-porterfield?type=photo&format=entry_original&name=d236b0ed-3eab-42fb-80fc-e849f2dd3e01_1786121832.jpg&v=1786126918","https://five.epicollect.net/api/media/mycoponics-porterfield?type=photo&format=entry_original&name=d236b0ed-3eab-42fb-80fc-e849f2dd3e01_1786121847.jpg&v=1786126918","https://five.epicollect.net/api/media/mycoponics-porterfield?type=photo&format=entry_original&name=d236b0ed-3eab-42fb-80fc-e849f2dd3e01_1786121858.jpg&v=1786126918","https://five.epicollect.net/api/media/mycoponics-porterfield?type=photo&format=entry_original&name=d236b0ed-3eab-42fb-80fc-e849f2dd3e01_1786121875.jpg&v=1786126918","https://five.epicollect.net/api/media/mycoponics-porterfield?type=photo&format=entry_original&name=d236b0ed-3eab-42fb-80fc-e849f2dd3e01_1786121888.jpg&v=1786126918","https://five.epicollect.net/api/media/mycoponics-porterfield?type=photo&format=entry_original&name=d236b0ed-3eab-42fb-80fc-e849f2dd3e01_1786121900.jpg&v=1786126918","https://five.epicollect.net/api/media/mycoponics-porterfield?type=photo&format=entry_original&name=d236b0ed-3eab-42fb-80fc-e849f2dd3e01_1786121916.jpg&v=1786126918","https://five.epicollect.net/api/media/mycoponics-porterfield?type=photo&format=entry_original&name=d236b0ed-3eab-42fb-80fc-e849f2dd3e01_1786121930.jpg&v=1786126918","https://five.epicollect.net/api/media/mycoponics-porterfield?type=photo&format=entry_original&name=d236b0ed-3eab-42fb-80fc-e849f2dd3e01_1786121953.jpg&v=1786126918","https://five.epicollect.net/api/media/mycoponics-porterfield?type=photo&format=entry_original&name=d236b0ed-3eab-42fb-80fc-e849f2dd3e01_1786121971.jpg&v=1786126918","","","","","","","","","","","","","","","","D1","8/7/2026 4:59:53 PM","351d1278-fe80-48d4-99b7-5df11d522f8d","d236b0ed-3eab-42fb-80fc-e849f2dd3e01","D1","8/7/2026 6:21:58 PM"
"9","[""Yes""]","6","54","[""Yes""]","[""No""]","","","","[""Green""]","","media","[""No""]","","","","","","","","","","","","","","","","","","","","","","","","","","","","","","","","C4","8/29/2026 7:07:31 PM","0c11aca0-9206-11f1-9518-87ccf2fafc79","d24b546e-e002-454f-a806-e73b4184ac6f","C4","8/29/2026 7:07:53 PM"
"50","[""No""]","2","48","[""No""]","[""No""]","","","","[]","","","[""Yes""]","https://five.epicollect.net/api/media/mycoponics-porterfield?type=photo&format=entry_original&name=d27e2f42-ebf3-4c85-a7fa-acdee800a661_1788040723.jpg&v=1788040793","https://five.epicollect.net/api/media/mycoponics-porterfield?type=photo&format=entry_original&name=d27e2f42-ebf3-4c85-a7fa-acdee800a661_1788040726.jpg&v=1788040793","https://five.epicollect.net/api/media/mycoponics-porterfield?type=photo&format=entry_original&name=d27e2f42-ebf3-4c85-a7fa-acdee800a661_1788040730.jpg&v=1788040793","https://five.epicollect.net/api/media/mycoponics-porterfield?type=photo&format=entry_original&name=d27e2f42-ebf3-4c85-a7fa-acdee800a661_1788040734.jpg&v=1788040793","https://five.epicollect.net/api/media/mycoponics-porterfield?type=photo&format=entry_original&name=d27e2f42-ebf3-4c85-a7fa-acdee800a661_1788040737.jpg&v=1788040793","https://five.epicollect.net/api/media/mycoponics-porterfield?type=photo&format=entry_original&name=d27e2f42-ebf3-4c85-a7fa-acdee800a661_1788040740.jpg&v=1788040793","https://five.epicollect.net/api/media/mycoponics-porterfield?type=photo&format=entry_original&name=d27e2f42-ebf3-4c85-a7fa-acdee800a661_1788040743.jpg&v=1788040793","https://five.epicollect.net/api/media/mycoponics-porterfield?type=photo&format=entry_original&name=d27e2f42-ebf3-4c85-a7fa-acdee800a661_1788040746.jpg&v=1788040793","https://five.epicollect.net/api/media/mycoponics-porterfield?type=photo&format=entry_original&name=d27e2f42-ebf3-4c85-a7fa-acdee800a661_1788040749.jpg&v=1788040793","https://five.epicollect.net/api/media/mycoponics-porterfield?type=photo&format=entry_original&name=d27e2f42-ebf3-4c85-a7fa-acdee800a661_1788040751.jpg&v=1788040793","https://five.epicollect.net/api/media/mycoponics-porterfield?type=photo&format=entry_original&name=d27e2f42-ebf3-4c85-a7fa-acdee800a661_1788040754.jpg&v=1788040793","https://five.epicollect.net/api/media/mycoponics-porterfield?type=photo&format=entry_original&name=d27e2f42-ebf3-4c85-a7fa-acdee800a661_1788040757.jpg&v=1788040793","https://five.epicollect.net/api/media/mycoponics-porterfield?type=photo&format=entry_original&name=d27e2f42-ebf3-4c85-a7fa-acdee800a661_1788040760.jpg&v=1788040793","https://five.epicollect.net/api/media/mycoponics-porterfield?type=photo&format=entry_original&name=d27e2f42-ebf3-4c85-a7fa-acdee800a661_1788040763.jpg&v=1788040793","https://five.epicollect.net/api/media/mycoponics-porterfield?type=photo&format=entry_original&name=d27e2f42-ebf3-4c85-a7fa-acdee800a661_1788040766.jpg&v=1788040793","https://five.epicollect.net/api/media/mycoponics-porterfield?type=photo&format=entry_original&name=d27e2f42-ebf3-4c85-a7fa-acdee800a661_1788040770.jpg&v=1788040793","https://five.epicollect.net/api/media/mycoponics-porterfield?type=photo&format=entry_original&name=d27e2f42-ebf3-4c85-a7fa-acdee800a661_1788040773.jpg&v=1788040793","https://five.epicollect.net/api/media/mycoponics-porterfield?type=photo&format=entry_original&name=d27e2f42-ebf3-4c85-a7fa-acdee800a661_1788040775.jpg&v=1788040793","https://five.epicollect.net/api/media/mycoponics-porterfield?type=photo&format=entry_original&name=d27e2f42-ebf3-4c85-a7fa-acdee800a661_1788040779.jpg&v=1788040793","","","","","","","","","","","","","A1","8/26/2026 2:33:03 PM","992fd070-9207-11f1-b651-5d6fce51deb5","d27e2f42-ebf3-4c85-a7fa-acdee800a661","A1","8/29/2026 9:59:53 PM"
"35","[""No""]","","35","[""Yes""]","[""Yes""]","13","13","#484211","[""Lime""]","","looks like media prob most media","[""Yes""]","https://five.epicollect.net/api/media/mycoponics-porterfield?type=photo&format=entry_original&name=d2ce05a8-4eb2-4c0d-a315-afc0d97bcbfd_1788753316.jpg&v=1788753323","https://five.epicollect.net/api/media/mycoponics-porterfield?type=photo&format=entry_original&name=d2ce05a8-4eb2-4c0d-a315-afc0d97bcbfd_1788753318.jpg&v=1788753323","https://five.epicollect.net/api/media/mycoponics-porterfield?type=photo&format=entry_original&name=d2ce05a8-4eb2-4c0d-a315-afc0d97bcbfd_1788753320.jpg&v=1788753323","","","","","","","","","","","","","","","","","","","","","","","","","","","","","D2","8/26/2026 5:20:18 PM","45476810-9207-11f1-8555-b77c5e5555d6","d2ce05a8-4eb2-4c0d-a315-afc0d97bcbfd","D2","9/7/2026 3:55:23 AM"
"5","[""Yes""]","5","50","[""Yes""]","[""Yes""]","14","20","#A38B49","[""Yellow""]","","gel-like opaqueness, extremely small black specks (very sparse)","[""No""]","","","","","","","","","","","","","","","","","","","","","","","","","","","","","","","","C3","8/26/2026 1:44:53 AM","52680b20-9208-11f1-985c-f79deada967f","d2e9b7c0-82ad-4e47-9532-4448e7e818c0","C3","8/26/2026 1:45:10 AM"
"3","[""Yes""]","8","43","[""Yes""]","[""Yes""]","7","7","#441C08","["" Orange""]","","","[""No""]","","","","","","","","","","","","","","","","","","","","","","","","","","","","","","","","A2","8/26/2026 5:22:58 PM","3cb0c480-9207-11f1-8555-b77c5e5555d6","d35a6214-afb9-4b87-af1f-4e22e55952a6","A2","8/26/2026 5:23:01 PM"
"43","[""No""]","8","35","[""Yes""]","[""Yes""]","7","7","#895F1F","[""Yellow""]","","","[""Yes""]","https://five.epicollect.net/api/media/mycoponics-porterfield?type=photo&format=entry_original&name=d3b43946-8095-4dcc-8a58-c2f58a937658_1788752447.jpg&v=1788752455","https://five.epicollect.net/api/media/mycoponics-porterfield?type=photo&format=entry_original&name=d3b43946-8095-4dcc-8a58-c2f58a937658_1788752449.jpg&v=1788752455","","","","","","","","","","","","","","","","","","","","","","","","","","","","","","C3","8/26/2026 6:16:02 PM","a6148de0-9206-11f1-b07c-23192f0e7dfa","d3b43946-8095-4dcc-8a58-c2f58a937658","C3","9/7/2026 3:40:55 AM"
"11","[""Yes""]","8","47","[""Yes""]","[""Yes""]","14","20","#A19639","[""Yellow""]","","viscous brownish yellow. green specks. (very sparse)","[""No""]","","","","","","","","","","","","","","","","","","","","","","","","","","","","","","","","A4","8/26/2026 1:44:53 AM","52680b20-9208-11f1-985c-f79deada967f","d41fb666-4382-43c1-a53c-6bdce4b4ec0b","A4","8/26/2026 1:44:57 AM"
"25","[""No""]","5","20","[""Yes""]","[""Yes""]","16","16","#cbb26a","[""Yellow""]","","","[""No""]","","","","","","","","","","","","","","","","","","","","","","","","","","","","","","","","B3","8/29/2026 7:04:24 PM","1adbaf60-9206-11f1-9518-87ccf2fafc79","d4a5f151-85f9-494b-baba-8545b91044be","B3","8/29/2026 7:04:36 PM"
"13","[""No""]","","","[""Yes""]","[""Yes""]","13.5","21","#5c591e","[""Lime""]","","prob most media","[""Yes""]","https://five.epicollect.net/api/media/mycoponics-porterfield?type=photo&format=entry_original&name=d4b986ce-00c8-4fa1-87bd-98b2203f18b8_1788753291.jpg&v=1788753305","https://five.epicollect.net/api/media/mycoponics-porterfield?type=photo&format=entry_original&name=d4b986ce-00c8-4fa1-87bd-98b2203f18b8_1788753293.jpg&v=1788753305","https://five.epicollect.net/api/media/mycoponics-porterfield?type=photo&format=entry_original&name=d4b986ce-00c8-4fa1-87bd-98b2203f18b8_1788753296.jpg&v=1788753305","https://five.epicollect.net/api/media/mycoponics-porterfield?type=photo&format=entry_original&name=d4b986ce-00c8-4fa1-87bd-98b2203f18b8_1788753298.jpg&v=1788753305","https://five.epicollect.net/api/media/mycoponics-porterfield?type=photo&format=entry_original&name=d4b986ce-00c8-4fa1-87bd-98b2203f18b8_1788753300.jpg&v=1788753305","https://five.epicollect.net/api/media/mycoponics-porterfield?type=photo&format=entry_original&name=d4b986ce-00c8-4fa1-87bd-98b2203f18b8_1788753301.jpg&v=1788753305","","","","","","","","","","","","","","","","","","","","","","","","","","D1","8/26/2026 5:20:18 PM","45476810-9207-11f1-8555-b77c5e5555d6","d4b986ce-00c8-4fa1-87bd-98b2203f18b8","D1","9/7/2026 3:55:05 AM"
"19","[""Yes""]","7","48","[""Yes""]","[""Yes""]","13","32.5","","[""Yellow""]","","Again, some sticky parts were stuck to the wire, but most of it was collected.","[""Yes""]","https://five.epicollect.net/api/media/mycoponics-porterfield?type=photo&format=entry_original&name=d56f8303-23b3-49b1-95d2-d9f8f5b71b38_1788720557.jpg&v=1788721152","https://five.epicollect.net/api/media/mycoponics-porterfield?type=photo&format=entry_original&name=d56f8303-23b3-49b1-95d2-d9f8f5b71b38_1788720566.jpg&v=1788721152","https://five.epicollect.net/api/media/mycoponics-porterfield?type=photo&format=entry_original&name=d56f8303-23b3-49b1-95d2-d9f8f5b71b38_1788720571.jpg&v=1788721152","https://five.epicollect.net/api/media/mycoponics-porterfield?type=photo&format=entry_original&name=d56f8303-23b3-49b1-95d2-d9f8f5b71b38_1788720578.jpg&v=1788721152","https://five.epicollect.net/api/media/mycoponics-porterfield?type=photo&format=entry_original&name=d56f8303-23b3-49b1-95d2-d9f8f5b71b38_1788720586.jpg&v=1788721152","https://five.epicollect.net/api/media/mycoponics-porterfield?type=photo&format=entry_original&name=d56f8303-23b3-49b1-95d2-d9f8f5b71b38_1788720593.jpg&v=1788721152","https://five.epicollect.net/api/media/mycoponics-porterfield?type=photo&format=entry_original&name=d56f8303-23b3-49b1-95d2-d9f8f5b71b38_1788720596.jpg&v=1788721152","https://five.epicollect.net/api/media/mycoponics-porterfield?type=photo&format=entry_original&name=d56f8303-23b3-49b1-95d2-d9f8f5b71b38_1788720598.jpg&v=1788721152","https://five.epicollect.net/api/media/mycoponics-porterfield?type=photo&format=entry_original&name=d56f8303-23b3-49b1-95d2-d9f8f5b71b38_1788720606.jpg&v=1788721152","https://five.epicollect.net/api/media/mycoponics-porterfield?type=photo&format=entry_original&name=d56f8303-23b3-49b1-95d2-d9f8f5b71b38_1788720613.jpg&v=1788721152","https://five.epicollect.net/api/media/mycoponics-porterfield?type=photo&format=entry_original&name=d56f8303-23b3-49b1-95d2-d9f8f5b71b38_1788720616.jpg&v=1788721152","https://five.epicollect.net/api/media/mycoponics-porterfield?type=photo&format=entry_original&name=d56f8303-23b3-49b1-95d2-d9f8f5b71b38_1788720623.jpg&v=1788721152","https://five.epicollect.net/api/media/mycoponics-porterfield?type=photo&format=entry_original&name=d56f8303-23b3-49b1-95d2-d9f8f5b71b38_1788720628.jpg&v=1788721152","https://five.epicollect.net/api/media/mycoponics-porterfield?type=photo&format=entry_original&name=d56f8303-23b3-49b1-95d2-d9f8f5b71b38_1788720632.jpg&v=1788721152","https://five.epicollect.net/api/media/mycoponics-porterfield?type=photo&format=entry_original&name=d56f8303-23b3-49b1-95d2-d9f8f5b71b38_1788720640.jpg&v=1788721152","https://five.epicollect.net/api/media/mycoponics-porterfield?type=photo&format=entry_original&name=d56f8303-23b3-49b1-95d2-d9f8f5b71b38_1788720647.jpg&v=1788721152","https://five.epicollect.net/api/media/mycoponics-porterfield?type=photo&format=entry_original&name=d56f8303-23b3-49b1-95d2-d9f8f5b71b38_1788720655.jpg&v=1788721152","https://five.epicollect.net/api/media/mycoponics-porterfield?type=photo&format=entry_original&name=d56f8303-23b3-49b1-95d2-d9f8f5b71b38_1788720662.jpg&v=1788721152","https://five.epicollect.net/api/media/mycoponics-porterfield?type=photo&format=entry_original&name=d56f8303-23b3-49b1-95d2-d9f8f5b71b38_1788720669.jpg&v=1788721152","https://five.epicollect.net/api/media/mycoponics-porterfield?type=photo&format=entry_original&name=d56f8303-23b3-49b1-95d2-d9f8f5b71b38_1788720672.jpg&v=1788721152","https://five.epicollect.net/api/media/mycoponics-porterfield?type=photo&format=entry_original&name=d56f8303-23b3-49b1-95d2-d9f8f5b71b38_1788720674.jpg&v=1788721152","https://five.epicollect.net/api/media/mycoponics-porterfield?type=photo&format=entry_original&name=d56f8303-23b3-49b1-95d2-d9f8f5b71b38_1788720677.jpg&v=1788721152","https://five.epicollect.net/api/media/mycoponics-porterfield?type=photo&format=entry_original&name=d56f8303-23b3-49b1-95d2-d9f8f5b71b38_1788720679.jpg&v=1788721152","https://five.epicollect.net/api/media/mycoponics-porterfield?type=photo&format=entry_original&name=d56f8303-23b3-49b1-95d2-d9f8f5b71b38_1788720832.jpg&v=1788721152","https://five.epicollect.net/api/media/mycoponics-porterfield?type=photo&format=entry_original&name=d56f8303-23b3-49b1-95d2-d9f8f5b71b38_1788720875.jpg&v=1788721152","https://five.epicollect.net/api/media/mycoponics-porterfield?type=photo&format=entry_original&name=d56f8303-23b3-49b1-95d2-d9f8f5b71b38_1788720990.jpg&v=1788721152","https://five.epicollect.net/api/media/mycoponics-porterfield?type=photo&format=entry_original&name=d56f8303-23b3-49b1-95d2-d9f8f5b71b38_1788721091.jpg&v=1788721152","https://five.epicollect.net/api/media/mycoponics-porterfield?type=photo&format=entry_original&name=d56f8303-23b3-49b1-95d2-d9f8f5b71b38_1788721099.jpg&v=1788721152","","","Very visible medium-sized and small-sized humidity droplets all over, arranged in vertical lines","A1","8/29/2026 7:21:20 PM","ac1d01f0-9205-11f1-bca9-83b388c0a0a4","d56f8303-23b3-49b1-95d2-d9f8f5b71b38","A1","9/6/2026 6:59:12 PM"
"2","[""Yes""]","14","41","[""Yes""]","[""Yes""]","15.7","26.7","#84531A","["" Orange""]","","","[""Yes""]","https://five.epicollect.net/api/media/mycoponics-porterfield?type=photo&format=entry_original&name=d5967b15-1f9f-45a1-b5c0-697f53b32b8b_1788041084.jpg&v=1788041925","https://five.epicollect.net/api/media/mycoponics-porterfield?type=photo&format=entry_original&name=d5967b15-1f9f-45a1-b5c0-697f53b32b8b_1788041088.jpg&v=1788041925","https://five.epicollect.net/api/media/mycoponics-porterfield?type=photo&format=entry_original&name=d5967b15-1f9f-45a1-b5c0-697f53b32b8b_1788041092.jpg&v=1788041925","https://five.epicollect.net/api/media/mycoponics-porterfield?type=photo&format=entry_original&name=d5967b15-1f9f-45a1-b5c0-697f53b32b8b_1788041094.jpg&v=1788041925","https://five.epicollect.net/api/media/mycoponics-porterfield?type=photo&format=entry_original&name=d5967b15-1f9f-45a1-b5c0-697f53b32b8b_1788041098.jpg&v=1788041925","https://five.epicollect.net/api/media/mycoponics-porterfield?type=photo&format=entry_original&name=d5967b15-1f9f-45a1-b5c0-697f53b32b8b_1788041101.jpg&v=1788041925","https://five.epicollect.net/api/media/mycoponics-porterfield?type=photo&format=entry_original&name=d5967b15-1f9f-45a1-b5c0-697f53b32b8b_1788041105.jpg&v=1788041925","https://five.epicollect.net/api/media/mycoponics-porterfield?type=photo&format=entry_original&name=d5967b15-1f9f-45a1-b5c0-697f53b32b8b_1788041107.jpg&v=1788041925","https://five.epicollect.net/api/media/mycoponics-porterfield?type=photo&format=entry_original&name=d5967b15-1f9f-45a1-b5c0-697f53b32b8b_1788041109.jpg&v=1788041925","https://five.epicollect.net/api/media/mycoponics-porterfield?type=photo&format=entry_original&name=d5967b15-1f9f-45a1-b5c0-697f53b32b8b_1788041111.jpg&v=1788041925","https://five.epicollect.net/api/media/mycoponics-porterfield?type=photo&format=entry_original&name=d5967b15-1f9f-45a1-b5c0-697f53b32b8b_1788041114.jpg&v=1788041925","https://five.epicollect.net/api/media/mycoponics-porterfield?type=photo&format=entry_original&name=d5967b15-1f9f-45a1-b5c0-697f53b32b8b_1788041116.jpg&v=1788041925","https://five.epicollect.net/api/media/mycoponics-porterfield?type=photo&format=entry_original&name=d5967b15-1f9f-45a1-b5c0-697f53b32b8b_1788041916.jpg&v=1788041925","https://five.epicollect.net/api/media/mycoponics-porterfield?type=photo&format=entry_original&name=d5967b15-1f9f-45a1-b5c0-697f53b32b8b_1788041918.jpg&v=1788041925","https://five.epicollect.net/api/media/mycoponics-porterfield?type=photo&format=entry_original&name=d5967b15-1f9f-45a1-b5c0-697f53b32b8b_1788041921.jpg&v=1788041925","","","","","","","","","","","","","","","","","A2","8/26/2026 2:33:03 PM","992fd070-9207-11f1-b651-5d6fce51deb5","d5967b15-1f9f-45a1-b5c0-697f53b32b8b","A2","8/29/2026 10:18:45 PM"
"50","[""No""]","2","48","[""No""]","[""No""]","","","","[]","","Did not collect today, it was odd because this tube had been producing the most concentrated and clean exudates. Maybe they well not feed enough or humidity got so low these past days that no exudates were produced","[""Yes""]","https://five.epicollect.net/api/media/mycoponics-porterfield?type=photo&format=entry_original&name=d643e6d9-e0ad-43d4-9e16-4dfde47e8304_1788733388.jpg&v=1788733437","https://five.epicollect.net/api/media/mycoponics-porterfield?type=photo&format=entry_original&name=d643e6d9-e0ad-43d4-9e16-4dfde47e8304_1788733397.jpg&v=1788733437","https://five.epicollect.net/api/media/mycoponics-porterfield?type=photo&format=entry_original&name=d643e6d9-e0ad-43d4-9e16-4dfde47e8304_1788733403.jpg&v=1788733437","https://five.epicollect.net/api/media/mycoponics-porterfield?type=photo&format=entry_original&name=d643e6d9-e0ad-43d4-9e16-4dfde47e8304_1788733409.jpg&v=1788733437","https://five.epicollect.net/api/media/mycoponics-porterfield?type=photo&format=entry_original&name=d643e6d9-e0ad-43d4-9e16-4dfde47e8304_1788733413.jpg&v=1788733437","https://five.epicollect.net/api/media/mycoponics-porterfield?type=photo&format=entry_original&name=d643e6d9-e0ad-43d4-9e16-4dfde47e8304_1788733419.jpg&v=1788733437","https://five.epicollect.net/api/media/mycoponics-porterfield?type=photo&format=entry_original&name=d643e6d9-e0ad-43d4-9e16-4dfde47e8304_1788733424.jpg&v=1788733437","https://five.epicollect.net/api/media/mycoponics-porterfield?type=photo&format=entry_original&name=d643e6d9-e0ad-43d4-9e16-4dfde47e8304_1788733429.jpg&v=1788733437","","","","","","","","","","","","","","","","","","","","","","","","D2","8/29/2026 7:18:35 PM","beee3510-9205-11f1-9bf5-b15c7c68ff3f","d643e6d9-e0ad-43d4-9e16-4dfde47e8304","D2","9/6/2026 10:23:57 PM"
"6","[""Yes""]","1","54","[""Yes""]","[""Yes""]","3.5","3.5","#BE8B18","[""Amber""]","","","[""Yes""]","https://five.epicollect.net/api/media/mycoponics-porterfield?type=photo&format=entry_original&name=d665a14f-8d31-4563-8c1b-000cfbb600bc_1788752601.jpg&v=1788752607","https://five.epicollect.net/api/media/mycoponics-porterfield?type=photo&format=entry_original&name=d665a14f-8d31-4563-8c1b-000cfbb600bc_1788752603.jpg&v=1788752607","https://five.epicollect.net/api/media/mycoponics-porterfield?type=photo&format=entry_original&name=d665a14f-8d31-4563-8c1b-000cfbb600bc_1788752605.jpg&v=1788752607","","","","","","","","","","","","","","","","","","","","","","","","","","","","The humidifier is having problems since yesterday, I thought it was fixed but it mught be the sensor that stopped working.  I changed the humidifier but after a few minutes the sensor topped working again so i changed the sensor and now humidity is 94","A1","8/26/2026 5:53:40 PM","1a80a1a0-9207-11f1-a488-057d0ae059c0","d665a14f-8d31-4563-8c1b-000cfbb600bc","A1","9/7/2026 3:43:27 AM"
"33","[""No""]","8","22","[""Yes""]","[""Yes""]","13","29.5","#d5bc77","[""Yellow""]","","Pale yellow","[""Yes""]","https://five.epicollect.net/api/media/mycoponics-porterfield?type=photo&format=entry_original&name=d695d9eb-8048-4ac5-8fd1-fc8606971d54_1788730593.jpg&v=1788730627","https://five.epicollect.net/api/media/mycoponics-porterfield?type=photo&format=entry_original&name=d695d9eb-8048-4ac5-8fd1-fc8606971d54_1788730595.jpg&v=1788730627","https://five.epicollect.net/api/media/mycoponics-porterfield?type=photo&format=entry_original&name=d695d9eb-8048-4ac5-8fd1-fc8606971d54_1788730606.jpg&v=1788730627","https://five.epicollect.net/api/media/mycoponics-porterfield?type=photo&format=entry_original&name=d695d9eb-8048-4ac5-8fd1-fc8606971d54_1788730608.jpg&v=1788730627","https://five.epicollect.net/api/media/mycoponics-porterfield?type=photo&format=entry_original&name=d695d9eb-8048-4ac5-8fd1-fc8606971d54_1788730610.jpg&v=1788730627","https://five.epicollect.net/api/media/mycoponics-porterfield?type=photo&format=entry_original&name=d695d9eb-8048-4ac5-8fd1-fc8606971d54_1788730613.jpg&v=1788730627","https://five.epicollect.net/api/media/mycoponics-porterfield?type=photo&format=entry_original&name=d695d9eb-8048-4ac5-8fd1-fc8606971d54_1788730614.jpg&v=1788730627","https://five.epicollect.net/api/media/mycoponics-porterfield?type=photo&format=entry_original&name=d695d9eb-8048-4ac5-8fd1-fc8606971d54_1788730616.jpg&v=1788730627","https://five.epicollect.net/api/media/mycoponics-porterfield?type=photo&format=entry_original&name=d695d9eb-8048-4ac5-8fd1-fc8606971d54_1788730618.jpg&v=1788730627","https://five.epicollect.net/api/media/mycoponics-porterfield?type=photo&format=entry_original&name=d695d9eb-8048-4ac5-8fd1-fc8606971d54_1788730620.jpg&v=1788730627","https://five.epicollect.net/api/media/mycoponics-porterfield?type=photo&format=entry_original&name=d695d9eb-8048-4ac5-8fd1-fc8606971d54_1788730621.jpg&v=1788730627","https://five.epicollect.net/api/media/mycoponics-porterfield?type=photo&format=entry_original&name=d695d9eb-8048-4ac5-8fd1-fc8606971d54_1788730623.jpg&v=1788730627","https://five.epicollect.net/api/media/mycoponics-porterfield?type=photo&format=entry_original&name=d695d9eb-8048-4ac5-8fd1-fc8606971d54_1788730624.jpg&v=1788730627","","","","","","","","","","","","","","","","","","","A1","8/29/2026 7:19:59 PM","bb647210-9205-11f1-9bf5-b15c7c68ff3f","d695d9eb-8048-4ac5-8fd1-fc8606971d54","A1","9/6/2026 9:37:07 PM"
"3","[""Yes""]","4","52","[""No""]","[""No""]","","","","[]","","","[""Yes""]","https://five.epicollect.net/api/media/mycoponics-porterfield?type=photo&format=entry_original&name=d6c3e6f3-e7bd-4531-b3df-299bc329e531_1788753199.jpg&v=1788753207","https://five.epicollect.net/api/media/mycoponics-porterfield?type=photo&format=entry_original&name=d6c3e6f3-e7bd-4531-b3df-299bc329e531_1788753201.jpg&v=1788753207","https://five.epicollect.net/api/media/mycoponics-porterfield?type=photo&format=entry_original&name=d6c3e6f3-e7bd-4531-b3df-299bc329e531_1788753203.jpg&v=1788753207","","","","","","","","","","","","","","","","","","","","","","","","","","","","","C1","8/26/2026 5:20:18 PM","45476810-9207-11f1-8555-b77c5e5555d6","d6c3e6f3-e7bd-4531-b3df-299bc329e531","C1","9/7/2026 3:53:27 AM"
"2","[""Yes""]","5","50","[""No""]","[""No""]","","","","[]","","","[""No""]","","","","","","","","","","","","","","","","","","","","","","","","","","","","","","","","D1","8/26/2026 6:04:58 PM","b3b1f780-9206-11f1-b07c-23192f0e7dfa","d708eca7-8458-4427-97c4-5ad518d87291","D1","8/26/2026 6:05:14 PM"
"3","[""Yes""]","10","50","[""Yes""]","[""Yes""]","10","32","#4F4C1D","[""Lime""]","Fibrous/shredded material","MANY paper-like white/tan shreds ","[""Yes""]","https://five.epicollect.net/api/media/mycoponics-porterfield?type=photo&format=entry_original&name=d70d103e-806b-49bc-a9b2-8d1fd5aa0e1c_1786116593.jpg&v=1786130974","https://five.epicollect.net/api/media/mycoponics-porterfield?type=photo&format=entry_original&name=d70d103e-806b-49bc-a9b2-8d1fd5aa0e1c_1786116618.jpg&v=1786130974","https://five.epicollect.net/api/media/mycoponics-porterfield?type=photo&format=entry_original&name=d70d103e-806b-49bc-a9b2-8d1fd5aa0e1c_1786116634.jpg&v=1786130974","https://five.epicollect.net/api/media/mycoponics-porterfield?type=photo&format=entry_original&name=d70d103e-806b-49bc-a9b2-8d1fd5aa0e1c_1786116652.jpg&v=1786130974","https://five.epicollect.net/api/media/mycoponics-porterfield?type=photo&format=entry_original&name=d70d103e-806b-49bc-a9b2-8d1fd5aa0e1c_1786116667.jpg&v=1786130974","https://five.epicollect.net/api/media/mycoponics-porterfield?type=photo&format=entry_original&name=d70d103e-806b-49bc-a9b2-8d1fd5aa0e1c_1786116678.jpg&v=1786130974","https://five.epicollect.net/api/media/mycoponics-porterfield?type=photo&format=entry_original&name=d70d103e-806b-49bc-a9b2-8d1fd5aa0e1c_1786116695.jpg&v=1786130974","https://five.epicollect.net/api/media/mycoponics-porterfield?type=photo&format=entry_original&name=d70d103e-806b-49bc-a9b2-8d1fd5aa0e1c_1786116712.jpg&v=1786130974","https://five.epicollect.net/api/media/mycoponics-porterfield?type=photo&format=entry_original&name=d70d103e-806b-49bc-a9b2-8d1fd5aa0e1c_1786116727.jpg&v=1786130974","https://five.epicollect.net/api/media/mycoponics-porterfield?type=photo&format=entry_original&name=d70d103e-806b-49bc-a9b2-8d1fd5aa0e1c_1786116741.jpg&v=1786130974","https://five.epicollect.net/api/media/mycoponics-porterfield?type=photo&format=entry_original&name=d70d103e-806b-49bc-a9b2-8d1fd5aa0e1c_1786116757.jpg&v=1786130974","https://five.epicollect.net/api/media/mycoponics-porterfield?type=photo&format=entry_original&name=d70d103e-806b-49bc-a9b2-8d1fd5aa0e1c_1786116786.jpg&v=1786130974","https://five.epicollect.net/api/media/mycoponics-porterfield?type=photo&format=entry_original&name=d70d103e-806b-49bc-a9b2-8d1fd5aa0e1c_1786116817.jpg&v=1786130974","https://five.epicollect.net/api/media/mycoponics-porterfield?type=photo&format=entry_original&name=d70d103e-806b-49bc-a9b2-8d1fd5aa0e1c_1786116830.jpg&v=1786130974","https://five.epicollect.net/api/media/mycoponics-porterfield?type=photo&format=entry_original&name=d70d103e-806b-49bc-a9b2-8d1fd5aa0e1c_1786116842.jpg&v=1786130974","https://five.epicollect.net/api/media/mycoponics-porterfield?type=photo&format=entry_original&name=d70d103e-806b-49bc-a9b2-8d1fd5aa0e1c_1786116864.jpg&v=1786130974","https://five.epicollect.net/api/media/mycoponics-porterfield?type=photo&format=entry_original&name=d70d103e-806b-49bc-a9b2-8d1fd5aa0e1c_1786116889.jpg&v=1786130974","","","","","","","","","","","","","","","B4","8/7/2026 3:34:56 PM","351d1278-fe80-48d4-99b7-5df11d522f8d","d70d103e-806b-49bc-a9b2-8d1fd5aa0e1c","B4","8/7/2026 7:29:34 PM"
"16","[""Yes""]","11","44","[""Yes""]","[""Yes""]","13.5","39","#836018","[""Amber""]","","","[""Yes""]","https://five.epicollect.net/api/media/mycoponics-porterfield?type=photo&format=entry_original&name=d7ce0ad8-aa2d-4ee8-8f06-a611c3bcd99d_1788042136.jpg&v=1788042185","https://five.epicollect.net/api/media/mycoponics-porterfield?type=photo&format=entry_original&name=d7ce0ad8-aa2d-4ee8-8f06-a611c3bcd99d_1788042138.jpg&v=1788042185","https://five.epicollect.net/api/media/mycoponics-porterfield?type=photo&format=entry_original&name=d7ce0ad8-aa2d-4ee8-8f06-a611c3bcd99d_1788042142.jpg&v=1788042185","https://five.epicollect.net/api/media/mycoponics-porterfield?type=photo&format=entry_original&name=d7ce0ad8-aa2d-4ee8-8f06-a611c3bcd99d_1788042145.jpg&v=1788042185","https://five.epicollect.net/api/media/mycoponics-porterfield?type=photo&format=entry_original&name=d7ce0ad8-aa2d-4ee8-8f06-a611c3bcd99d_1788042149.jpg&v=1788042185","https://five.epicollect.net/api/media/mycoponics-porterfield?type=photo&format=entry_original&name=d7ce0ad8-aa2d-4ee8-8f06-a611c3bcd99d_1788042152.jpg&v=1788042185","https://five.epicollect.net/api/media/mycoponics-porterfield?type=photo&format=entry_original&name=d7ce0ad8-aa2d-4ee8-8f06-a611c3bcd99d_1788042154.jpg&v=1788042185","https://five.epicollect.net/api/media/mycoponics-porterfield?type=photo&format=entry_original&name=d7ce0ad8-aa2d-4ee8-8f06-a611c3bcd99d_1788042156.jpg&v=1788042185","https://five.epicollect.net/api/media/mycoponics-porterfield?type=photo&format=entry_original&name=d7ce0ad8-aa2d-4ee8-8f06-a611c3bcd99d_1788042159.jpg&v=1788042185","https://five.epicollect.net/api/media/mycoponics-porterfield?type=photo&format=entry_original&name=d7ce0ad8-aa2d-4ee8-8f06-a611c3bcd99d_1788042164.jpg&v=1788042185","https://five.epicollect.net/api/media/mycoponics-porterfield?type=photo&format=entry_original&name=d7ce0ad8-aa2d-4ee8-8f06-a611c3bcd99d_1788042166.jpg&v=1788042185","https://five.epicollect.net/api/media/mycoponics-porterfield?type=photo&format=entry_original&name=d7ce0ad8-aa2d-4ee8-8f06-a611c3bcd99d_1788042170.jpg&v=1788042185","https://five.epicollect.net/api/media/mycoponics-porterfield?type=photo&format=entry_original&name=d7ce0ad8-aa2d-4ee8-8f06-a611c3bcd99d_1788042172.jpg&v=1788042185","https://five.epicollect.net/api/media/mycoponics-porterfield?type=photo&format=entry_original&name=d7ce0ad8-aa2d-4ee8-8f06-a611c3bcd99d_1788042175.jpg&v=1788042185","https://five.epicollect.net/api/media/mycoponics-porterfield?type=photo&format=entry_original&name=d7ce0ad8-aa2d-4ee8-8f06-a611c3bcd99d_1788042177.jpg&v=1788042185","https://five.epicollect.net/api/media/mycoponics-porterfield?type=photo&format=entry_original&name=d7ce0ad8-aa2d-4ee8-8f06-a611c3bcd99d_1788042179.jpg&v=1788042185","","","","","","","","","","","","","","","","B1","8/26/2026 2:33:03 PM","992fd070-9207-11f1-b651-5d6fce51deb5","d7ce0ad8-aa2d-4ee8-8f06-a611c3bcd99d","B1","8/29/2026 10:23:05 PM"
"21","[""No""]","10","11","[""Yes""]","[""Yes""]","14.5","18","#9c9179","[""Yellow""]","","many many dirt-like chunks in yellow-brown fluid Yellow, cloudy","[""No""]","","","","","","","","","","","","","","","","","","","","","","","","","","","","","","","","D3","8/26/2026 3:02:22 PM","72b6b940-9207-11f1-ba24-e7a1a5a09e42","d7fc7b31-471c-45c1-b1b4-dde1dca05ca0","D3","8/26/2026 3:02:48 PM"
"40.5","[""No""]","0","40.5","[""Yes""]","[""No""]","","","","[""Green""]","","media","[""Yes""]","https://five.epicollect.net/api/media/mycoponics-porterfield?type=photo&format=entry_original&name=d8854b79-4319-44af-8a98-26989ab937fe_1788734310.jpg&v=1788734409","https://five.epicollect.net/api/media/mycoponics-porterfield?type=photo&format=entry_original&name=d8854b79-4319-44af-8a98-26989ab937fe_1788734314.jpg&v=1788734409","https://five.epicollect.net/api/media/mycoponics-porterfield?type=photo&format=entry_original&name=d8854b79-4319-44af-8a98-26989ab937fe_1788734317.jpg&v=1788734409","https://five.epicollect.net/api/media/mycoponics-porterfield?type=photo&format=entry_original&name=d8854b79-4319-44af-8a98-26989ab937fe_1788734320.jpg&v=1788734409","https://five.epicollect.net/api/media/mycoponics-porterfield?type=photo&format=entry_original&name=d8854b79-4319-44af-8a98-26989ab937fe_1788734323.jpg&v=1788734409","https://five.epicollect.net/api/media/mycoponics-porterfield?type=photo&format=entry_original&name=d8854b79-4319-44af-8a98-26989ab937fe_1788734326.jpg&v=1788734409","https://five.epicollect.net/api/media/mycoponics-porterfield?type=photo&format=entry_original&name=d8854b79-4319-44af-8a98-26989ab937fe_1788734344.jpg&v=1788734409","https://five.epicollect.net/api/media/mycoponics-porterfield?type=photo&format=entry_original&name=d8854b79-4319-44af-8a98-26989ab937fe_1788734348.jpg&v=1788734409","https://five.epicollect.net/api/media/mycoponics-porterfield?type=photo&format=entry_original&name=d8854b79-4319-44af-8a98-26989ab937fe_1788734380.jpg&v=1788734409","https://five.epicollect.net/api/media/mycoponics-porterfield?type=photo&format=entry_original&name=d8854b79-4319-44af-8a98-26989ab937fe_1788734383.jpg&v=1788734409","https://five.epicollect.net/api/media/mycoponics-porterfield?type=photo&format=entry_original&name=d8854b79-4319-44af-8a98-26989ab937fe_1788734386.jpg&v=1788734409","https://five.epicollect.net/api/media/mycoponics-porterfield?type=photo&format=entry_original&name=d8854b79-4319-44af-8a98-26989ab937fe_1788734389.jpg&v=1788734409","https://five.epicollect.net/api/media/mycoponics-porterfield?type=photo&format=entry_original&name=d8854b79-4319-44af-8a98-26989ab937fe_1788734392.jpg&v=1788734409","https://five.epicollect.net/api/media/mycoponics-porterfield?type=photo&format=entry_original&name=d8854b79-4319-44af-8a98-26989ab937fe_1788734401.jpg&v=1788734409","https://five.epicollect.net/api/media/mycoponics-porterfield?type=photo&format=entry_original&name=d8854b79-4319-44af-8a98-26989ab937fe_1788734403.jpg&v=1788734409","","","","","","","","","","","","","","","","","B4","8/29/2026 7:17:32 PM","c3bb9ba0-9205-11f1-9bf5-b15c7c68ff3f","d8854b79-4319-44af-8a98-26989ab937fe","B4","9/6/2026 10:40:09 PM"
"20","[""No""]","2","18","[""No""]","[""No""]","","","","[]","","","[""No""]","","","","","","","","","","","","","","","","","","","","","","","","","","","","","","","","B4","8/29/2026 7:04:24 PM","1adbaf60-9206-11f1-9518-87ccf2fafc79","d88eb4e1-774f-4008-a478-dcf934fdee9c","B4","8/29/2026 7:04:38 PM"
"14","[""No""]","4","10","[""No""]","[""No""]","","","","[]","","","[""No""]","","","","","","","","","","","","","","","","","","","","","","","","","","","","","","","","C3","8/27/2026 12:26:11 PM","70c56600-9206-11f1-a57e-abc999418cec","d8a99424-2dd0-439d-a4c4-008161396d76","C3","8/27/2026 12:26:23 PM"
"40","[""No""]","10","30","[""Yes""]","[""Yes""]","15","33","#41300e","[""Brown""]","","","[""No""]","","","","","","","","","","","","","","","","","","","","","","","","","","","","","","","","B1","8/29/2026 7:07:31 PM","0c11aca0-9206-11f1-9518-87ccf2fafc79","d8cd531b-c414-4d5e-86d3-51e2aea8f37a","B1","8/29/2026 7:07:39 PM"
"8","[""Yes""]","11","39","[""Yes""]","[""Yes""]","14","15","#cac28f","[""Yellow""]","","viscous/cloudy but pale/clearish","[""Yes""]","https://five.epicollect.net/api/media/mycoponics-porterfield?type=photo&format=entry_original&name=d96f8749-a4e2-4e37-bd46-1d39c8caa37a_1788735569.jpg&v=1788735610","https://five.epicollect.net/api/media/mycoponics-porterfield?type=photo&format=entry_original&name=d96f8749-a4e2-4e37-bd46-1d39c8caa37a_1788735573.jpg&v=1788735610","https://five.epicollect.net/api/media/mycoponics-porterfield?type=photo&format=entry_original&name=d96f8749-a4e2-4e37-bd46-1d39c8caa37a_1788735575.jpg&v=1788735610","https://five.epicollect.net/api/media/mycoponics-porterfield?type=photo&format=entry_original&name=d96f8749-a4e2-4e37-bd46-1d39c8caa37a_1788735578.jpg&v=1788735610","https://five.epicollect.net/api/media/mycoponics-porterfield?type=photo&format=entry_original&name=d96f8749-a4e2-4e37-bd46-1d39c8caa37a_1788735581.jpg&v=1788735610","https://five.epicollect.net/api/media/mycoponics-porterfield?type=photo&format=entry_original&name=d96f8749-a4e2-4e37-bd46-1d39c8caa37a_1788735583.jpg&v=1788735610","https://five.epicollect.net/api/media/mycoponics-porterfield?type=photo&format=entry_original&name=d96f8749-a4e2-4e37-bd46-1d39c8caa37a_1788735603.jpg&v=1788735610","https://five.epicollect.net/api/media/mycoponics-porterfield?type=photo&format=entry_original&name=d96f8749-a4e2-4e37-bd46-1d39c8caa37a_1788735600.jpg&v=1788735610","https://five.epicollect.net/api/media/mycoponics-porterfield?type=photo&format=entry_original&name=d96f8749-a4e2-4e37-bd46-1d39c8caa37a_1788735597.jpg&v=1788735610","","","","","","","","","","","","","","","","","","","","","","","C3","8/29/2026 7:17:32 PM","c3bb9ba0-9205-11f1-9bf5-b15c7c68ff3f","d96f8749-a4e2-4e37-bd46-1d39c8caa37a","C3","9/6/2026 11:00:10 PM"
"6.4","[""Yes""]","5","26","[""No""]","[""Yes""]","2.3","2.3","","[""Yellow""]","","Smelled very bad, more potent smell than even B1. Im surprised this baby is already producing YELLOW exudates; could be contamination. if they dont have exudophores is possible just filtered media, these babies I dont think they will be producing now. still collected this  small amount so we can analyze exudates at dif devrelopmental stages","[""Yes""]","https://five.epicollect.net/api/media/mycoponics-porterfield?type=photo&format=entry_original&name=d9969373-c0a6-407c-bdd2-4d95d1a03818_1788723996.jpg&v=1788724691","https://five.epicollect.net/api/media/mycoponics-porterfield?type=photo&format=entry_original&name=d9969373-c0a6-407c-bdd2-4d95d1a03818_1788724002.jpg&v=1788724691","https://five.epicollect.net/api/media/mycoponics-porterfield?type=photo&format=entry_original&name=d9969373-c0a6-407c-bdd2-4d95d1a03818_1788724004.jpg&v=1788724691","https://five.epicollect.net/api/media/mycoponics-porterfield?type=photo&format=entry_original&name=d9969373-c0a6-407c-bdd2-4d95d1a03818_1788724042.jpg&v=1788724691","https://five.epicollect.net/api/media/mycoponics-porterfield?type=photo&format=entry_original&name=d9969373-c0a6-407c-bdd2-4d95d1a03818_1788724044.jpg&v=1788724691","https://five.epicollect.net/api/media/mycoponics-porterfield?type=photo&format=entry_original&name=d9969373-c0a6-407c-bdd2-4d95d1a03818_1788724047.jpg&v=1788724691","https://five.epicollect.net/api/media/mycoponics-porterfield?type=photo&format=entry_original&name=d9969373-c0a6-407c-bdd2-4d95d1a03818_1788724049.jpg&v=1788724691","https://five.epicollect.net/api/media/mycoponics-porterfield?type=photo&format=entry_original&name=d9969373-c0a6-407c-bdd2-4d95d1a03818_1788724052.jpg&v=1788724691","https://five.epicollect.net/api/media/mycoponics-porterfield?type=photo&format=entry_original&name=d9969373-c0a6-407c-bdd2-4d95d1a03818_1788724054.jpg&v=1788724691","https://five.epicollect.net/api/media/mycoponics-porterfield?type=photo&format=entry_original&name=d9969373-c0a6-407c-bdd2-4d95d1a03818_1788724056.jpg&v=1788724691","https://five.epicollect.net/api/media/mycoponics-porterfield?type=photo&format=entry_original&name=d9969373-c0a6-407c-bdd2-4d95d1a03818_1788724061.jpg&v=1788724691","https://five.epicollect.net/api/media/mycoponics-porterfield?type=photo&format=entry_original&name=d9969373-c0a6-407c-bdd2-4d95d1a03818_1788724064.jpg&v=1788724691","https://five.epicollect.net/api/media/mycoponics-porterfield?type=photo&format=entry_original&name=d9969373-c0a6-407c-bdd2-4d95d1a03818_1788724067.jpg&v=1788724691","https://five.epicollect.net/api/media/mycoponics-porterfield?type=photo&format=entry_original&name=d9969373-c0a6-407c-bdd2-4d95d1a03818_1788724070.jpg&v=1788724691","https://five.epicollect.net/api/media/mycoponics-porterfield?type=photo&format=entry_original&name=d9969373-c0a6-407c-bdd2-4d95d1a03818_1788724073.jpg&v=1788724691","https://five.epicollect.net/api/media/mycoponics-porterfield?type=photo&format=entry_original&name=d9969373-c0a6-407c-bdd2-4d95d1a03818_1788724076.jpg&v=1788724691","https://five.epicollect.net/api/media/mycoponics-porterfield?type=photo&format=entry_original&name=d9969373-c0a6-407c-bdd2-4d95d1a03818_1788724078.jpg&v=1788724691","https://five.epicollect.net/api/media/mycoponics-porterfield?type=photo&format=entry_original&name=d9969373-c0a6-407c-bdd2-4d95d1a03818_1788724081.jpg&v=1788724691","https://five.epicollect.net/api/media/mycoponics-porterfield?type=photo&format=entry_original&name=d9969373-c0a6-407c-bdd2-4d95d1a03818_1788724083.jpg&v=1788724691","https://five.epicollect.net/api/media/mycoponics-porterfield?type=photo&format=entry_original&name=d9969373-c0a6-407c-bdd2-4d95d1a03818_1788724085.jpg&v=1788724691","https://five.epicollect.net/api/media/mycoponics-porterfield?type=photo&format=entry_original&name=d9969373-c0a6-407c-bdd2-4d95d1a03818_1788724088.jpg&v=1788724691","https://five.epicollect.net/api/media/mycoponics-porterfield?type=photo&format=entry_original&name=d9969373-c0a6-407c-bdd2-4d95d1a03818_1788724090.jpg&v=1788724691","https://five.epicollect.net/api/media/mycoponics-porterfield?type=photo&format=entry_original&name=d9969373-c0a6-407c-bdd2-4d95d1a03818_1788724092.jpg&v=1788724691","https://five.epicollect.net/api/media/mycoponics-porterfield?type=photo&format=entry_original&name=d9969373-c0a6-407c-bdd2-4d95d1a03818_1788724095.jpg&v=1788724691","https://five.epicollect.net/api/media/mycoponics-porterfield?type=photo&format=entry_original&name=d9969373-c0a6-407c-bdd2-4d95d1a03818_1788724098.jpg&v=1788724691","https://five.epicollect.net/api/media/mycoponics-porterfield?type=photo&format=entry_original&name=d9969373-c0a6-407c-bdd2-4d95d1a03818_1788724100.jpg&v=1788724691","https://five.epicollect.net/api/media/mycoponics-porterfield?type=photo&format=entry_original&name=d9969373-c0a6-407c-bdd2-4d95d1a03818_1788724102.jpg&v=1788724691","https://five.epicollect.net/api/media/mycoponics-porterfield?type=photo&format=entry_original&name=d9969373-c0a6-407c-bdd2-4d95d1a03818_1788724106.jpg&v=1788724691","https://five.epicollect.net/api/media/mycoponics-porterfield?type=photo&format=entry_original&name=d9969373-c0a6-407c-bdd2-4d95d1a03818_1788724108.jpg&v=1788724691","https://five.epicollect.net/api/media/mycoponics-porterfield?type=photo&format=entry_original&name=d9969373-c0a6-407c-bdd2-4d95d1a03818_1788724111.jpg&v=1788724691","","B3","8/29/2026 7:21:20 PM","ac1d01f0-9205-11f1-bca9-83b388c0a0a4","d9969373-c0a6-407c-bdd2-4d95d1a03818","B3","9/6/2026 7:58:11 PM"
"47","[""No""]","2","45","[""Yes""]","[""No""]","","","","[""Yellow""]","","not enough","[""No""]","","","","","","","","","","","","","","","","","","","","","","","","","","","","","","","","C1","8/28/2026 12:52:41 PM","212ef2a0-9206-11f1-9518-87ccf2fafc79","d9d24495-e996-4526-a3b8-00c77651e3ae","C1","8/28/2026 12:52:53 PM"
"30","[""No""]","6","24","[""No""]","[""No""]","","","","[]","","","[""No""]","","","","","","","","","","","","","","","","","","","","","","","","","","","","","","","","C4","8/26/2026 6:08:11 PM","af959170-9206-11f1-b07c-23192f0e7dfa","da1c7a6f-0192-4b8a-925e-fa31c2c03340","C4","8/26/2026 6:08:27 PM"
"0","[""Yes""]","9","42","[""No""]","[""Yes""]","15","21","#8b701b","[""Amber""]","","concentrated yellow, beautiful amber to yellow color, cloudy liquid, has thick dirt-like chunks settled together","[""No""]","","","","","","","","","","","","","","","","","","","","","","","","","","","","","","","","D3","8/26/2026 2:55:00 PM","7621f7c0-9207-11f1-ba24-e7a1a5a09e42","da8590d4-185a-4a1d-9a37-a7228514a728","D3","8/26/2026 2:55:23 PM"
"12","[""No""]","2","10","[""Yes""]","[""Yes""]","4","","#A67F4A","[""Yellow""]","","","[""No""]","","","","","","","","","","","","","","","","","","","","","","","","","","","","","","","","C4","8/26/2026 5:33:34 PM","29a87bd0-9207-11f1-9186-31d4e5d7aabc","db292122-a15a-4c2c-b509-a32e040b7ddc","C4","8/26/2026 5:33:49 PM"
"48","[""No""]","3","45","[""Yes""]","[""Yes""]","13","24","#C5C1AC","[""Clear""]","","It looks pale yellow and almost transparent","[""No""]","","","","","","","","","","","","","","","","","","","","","","","","","","","","","","","","A1","8/29/2026 9:27:43 PM","70c56600-9206-11f1-a57e-abc999418cec","db4129a1-285f-470b-b7ac-93c4a12660af","A1","8/29/2026 9:27:44 PM"
"32","[""No""]","2","30","[""Yes""]","[""Yes""]","9.5","9.5","#420701","[""Red""]","","","[""No""]","","","","","","","","","","","","","","","","","","","","","","","","","","","","","","","","C2","8/26/2026 6:08:11 PM","af959170-9206-11f1-b07c-23192f0e7dfa","dbb673da-86ab-4ffb-aaae-f5a29808b155","C2","8/26/2026 6:08:24 PM"
"16","[""No""]","6","20","[""Yes""]","[""No""]","3","3","#7B7844","[""Green""]","","","[""No""]","","","","","","","","","","","","","","","","","","","","","","","","","","","","","","","","D2","8/28/2026 12:52:41 PM","212ef2a0-9206-11f1-9518-87ccf2fafc79","dbbe0038-8ba6-4cf0-aed0-56ccf84e0aa9","D2","8/28/2026 12:53:03 PM"
"7","[""Yes""]","12","44","[""Yes""]","[""Yes""]","13.7","27","#5E3301","["" Orange""]","","dirt-like flaky line of the chunkiness.","[""No""]","","","","","","","","","","","","","","","","","","","","","","","","","","","","","","","","C2","8/26/2026 12:32:51 PM","3a1d2be0-9208-11f1-9ae6-cbe624cafba5","dc66db89-0f43-4c3f-b752-2140aad69bf2","C2","8/26/2026 12:33:03 PM"
"5","[""Yes""]","5","40","[""Yes""]","[""Yes""]","10","11","#A36D01","["" Orange""]","","","[""No""]","","","","","","","","","","","","","","","","","","","","","","","","","","","","","","","","C2","8/26/2026 6:00:31 PM","16818790-9207-11f1-a488-057d0ae059c0","dcc8865a-9e13-42d1-9a4e-a1f95ab005b7","C2","8/26/2026 6:00:43 PM"
"22","[""No""]","2","20","[""No""]","[""No""]","","","","[""Clear""]","","","[""No""]","","","","","","","","","","","","","","","","","","","","","","","","","","","","","","","Contamination: None.","A3","8/28/2026 12:49:19 PM","42238840-9206-11f1-b91a-4736f6a951ba","dccccc0d-d082-4a13-9584-fa02a56451df","A3","8/28/2026 12:49:21 PM"
"42","[""No""]","6","36","[""Yes""]","[""Yes""]","6.6","6.6","#6B6f3c","[""Green"",""Viscous""]","None (clear liquid)","media (not in fridge)","[""No""]","","","","","","","","","","","","","","","","","","","","","","","","","","","","","","","","A4","8/9/2026 3:40:32 PM","ab4d77d5-a552-43b2-abfb-821172faf6ad","dd9d0fea-0171-4cfa-a7b4-3694527cfe4a","A4","8/9/2026 5:40:28 PM"
"10","[""No""]","0","10","[""No""]","[""No""]","","","","[]","","","[""No""]","","","","","","","","","","","","","","","","","","","","","","","","","","","","","","","","B4","8/26/2026 6:00:31 PM","16818790-9207-11f1-a488-057d0ae059c0","de1ff33f-9afa-4bf3-8aec-c8c44e091400","B4","8/26/2026 6:00:41 PM"
"29","[""No""]","0","29","[""Yes""]","[""No""]","","","","[""Green""]","","why green?????????? fruiting bodies?","[""No""]","","","","","","","","","","","","","","","","","","","","","","","","","","","","","","","","D2","8/29/2026 7:04:24 PM","1adbaf60-9206-11f1-9518-87ccf2fafc79","de751ce3-8179-45ab-b7b7-693fa3ee5773","D2","8/29/2026 7:04:53 PM"
"20","[""No""]","4","16","[""Yes""]","[""Yes""]","14","32","#A67900","[""Yellow""]","","","[""No""]","","","","","","","","","","","","","","","","","","","","","","","","","","","","","","","The humidity problem happened again, I tried to fix it and now is 91, it might get affected over time when no one is here.","C1","8/26/2026 4:41:09 PM","68feee40-9207-11f1-ba24-e7a1a5a09e42","dea22ca0-e662-416c-b5d8-063b59b1fd1f","C1","8/26/2026 4:41:21 PM"
"20","[""No""]","2","18","[""Yes""]","[""Yes""]","7","7","#956700","[""Amber""]","","","[""Yes""]","https://five.epicollect.net/api/media/mycoponics-porterfield?type=photo&format=entry_original&name=dfc1904b-eb57-4c3b-afb9-44a6e853f566_1788752691.jpg&v=1788752697","https://five.epicollect.net/api/media/mycoponics-porterfield?type=photo&format=entry_original&name=dfc1904b-eb57-4c3b-afb9-44a6e853f566_1788752693.jpg&v=1788752697","https://five.epicollect.net/api/media/mycoponics-porterfield?type=photo&format=entry_original&name=dfc1904b-eb57-4c3b-afb9-44a6e853f566_1788752695.jpg&v=1788752697","","","","","","","","","","","","","","","","","","","","","","","","","","","","","B2","8/26/2026 5:53:40 PM","1a80a1a0-9207-11f1-a488-057d0ae059c0","dfc1904b-eb57-4c3b-afb9-44a6e853f566","B2","9/7/2026 3:44:57 AM"
"24","[""No""]","","24","[""Yes""]","[""Yes""]","14","15","#816807","[""Yellow""]","","","[""No""]","","","","","","","","","","","","","","","","","","","","","","","","","","","","","","","","B2","8/26/2026 5:21:42 PM","415bd600-9207-11f1-8555-b77c5e5555d6","e0246f5c-59f9-4582-8978-fceff8292aaa","B2","8/26/2026 5:21:49 PM"
"20","[""Yes""]","5","53","[""Yes""]","[""Yes""]","13.7","34","#C79D37","[""Yellow""]","","beautiful clear liquid with again tan specks around","[""No""]","","","","","","","","","","","","","","","","","","","","","","","","","","","","","","","","B3","8/26/2026 1:44:53 AM","52680b20-9208-11f1-985c-f79deada967f","e0410ebd-af58-4767-bcb5-4804afc713b4","B3","8/26/2026 1:45:02 AM"
"10","[""No""]","2","8","[""Yes""]","[""Yes""]","4","4","#A7822D","[""Yellow""]","","","[""Yes""]","https://five.epicollect.net/api/media/mycoponics-porterfield?type=photo&format=entry_original&name=e0436a35-84f3-4dd8-9076-31d034626b67_1788752746.jpg&v=1788752753","https://five.epicollect.net/api/media/mycoponics-porterfield?type=photo&format=entry_original&name=e0436a35-84f3-4dd8-9076-31d034626b67_1788752748.jpg&v=1788752753","https://five.epicollect.net/api/media/mycoponics-porterfield?type=photo&format=entry_original&name=e0436a35-84f3-4dd8-9076-31d034626b67_1788752751.jpg&v=1788752753","","","","","","","","","","","","","","","","","","","","","","","","","","","","","B4","8/26/2026 5:53:40 PM","1a80a1a0-9207-11f1-a488-057d0ae059c0","e0436a35-84f3-4dd8-9076-31d034626b67","B4","9/7/2026 3:45:53 AM"
"6","[""Yes""]","6","54","[""Yes""]","[""Yes""]","6","6","#6e5725","[""Yellow""]","","beautiful yellow color!! clear besides some very tiny white dots speckled throughout liquid","[""No""]","","","","","","","","","","","","","","","","","","","","","","","","","","","","","","","","B1","8/26/2026 5:14:40 PM","58fce0b0-9207-11f1-aadd-df4879ec2771","e04abdb5-48b4-4083-b77a-6f5c5615df64","B1","8/26/2026 5:14:46 PM"
"10","[""No""]","4","6","[""Yes""]","[""Yes""]","10","10","#BC821B","[""Yellow""]","","","[""Yes""]","https://five.epicollect.net/api/media/mycoponics-porterfield?type=photo&format=entry_original&name=e04f762d-6492-41ad-ba18-83fb87b548a1_1788752769.jpg&v=1788752778","https://five.epicollect.net/api/media/mycoponics-porterfield?type=photo&format=entry_original&name=e04f762d-6492-41ad-ba18-83fb87b548a1_1788752772.jpg&v=1788752778","https://five.epicollect.net/api/media/mycoponics-porterfield?type=photo&format=entry_original&name=e04f762d-6492-41ad-ba18-83fb87b548a1_1788752774.jpg&v=1788752778","","","","","","","","","","","","","","","","","","","","","","","","","","","","","C1","8/26/2026 5:53:40 PM","1a80a1a0-9207-11f1-a488-057d0ae059c0","e04f762d-6492-41ad-ba18-83fb87b548a1","C1","9/7/2026 3:46:18 AM"
"8","[""No""]","2","6","[""No""]","[""No""]","","","","[]","","","[""No""]","","","","","","","","","","","","","","","","","","","","","","","","","","","","","","","","A4","8/26/2026 5:42:07 PM","25278790-9207-11f1-9186-31d4e5d7aabc","e0991217-7e32-4d2c-b48d-5217c254af21","A4","8/26/2026 5:42:12 PM"
"14","[""No""]","0","14","[""Yes""]","[""No""]","","","","[""Clear""]","","","[""No""]","","","","","","","","","","","","","","","","","","","","","","","","","","","","","","","","A1","8/26/2026 4:41:09 PM","68feee40-9207-11f1-ba24-e7a1a5a09e42","e15ffbc9-ebb2-4daa-9df1-09df4732db0a","A1","8/26/2026 4:41:10 PM"
"46","[""No""]","8","38","[""Yes""]","[""Yes""]","10","","#AD771E","[""Amber""]","","","[""No""]","","","","","","","","","","","","","","","","","","","","","","","","","","","","","","","","B3","8/26/2026 5:33:34 PM","29a87bd0-9207-11f1-9186-31d4e5d7aabc","e161df3a-4176-454d-b7c2-1cdbef2c5d3c","B3","8/26/2026 5:33:43 PM"
"28","[""No""]","8","20","[""Yes""]","[""Yes""]","0","","","[]","","","[""No""]","","","","","","","","","","","","","","","","","","","","","","","","","","","","","","","","D4","8/26/2026 6:00:31 PM","16818790-9207-11f1-a488-057d0ae059c0","e1b3a9ce-3547-4927-8ab1-1bd6705e5256","D4","8/26/2026 6:00:51 PM"
"32","[""No""]","2","30","[""No""]","[""No""]","","","","[]","","No exudates","[""Yes""]","https://five.epicollect.net/api/media/mycoponics-porterfield?type=photo&format=entry_original&name=e245c867-f703-4bfd-bc7e-8fdd35931543_1788745878.jpg&v=1788745914","https://five.epicollect.net/api/media/mycoponics-porterfield?type=photo&format=entry_original&name=e245c867-f703-4bfd-bc7e-8fdd35931543_1788745883.jpg&v=1788745914","https://five.epicollect.net/api/media/mycoponics-porterfield?type=photo&format=entry_original&name=e245c867-f703-4bfd-bc7e-8fdd35931543_1788745895.jpg&v=1788745914","https://five.epicollect.net/api/media/mycoponics-porterfield?type=photo&format=entry_original&name=e245c867-f703-4bfd-bc7e-8fdd35931543_1788745900.jpg&v=1788745914","https://five.epicollect.net/api/media/mycoponics-porterfield?type=photo&format=entry_original&name=e245c867-f703-4bfd-bc7e-8fdd35931543_1788745906.jpg&v=1788745914","","","","","","","","","","","","","","","","","","","","","","","","","","","C4","8/29/2026 7:16:29 PM","d2645ac0-9205-11f1-ba5f-319f359841fc","e245c867-f703-4bfd-bc7e-8fdd35931543","C4","9/7/2026 1:51:54 AM"
"50","[""No""]","2","48","[""No""]","[""No""]","","","","[]","","","[""No""]","","","","","","","","","","","","","","","","","","","","","","","","","","","","","","","","D4","8/26/2026 6:04:58 PM","b3b1f780-9206-11f1-b07c-23192f0e7dfa","e2466221-ae59-4f00-972d-3f0b4a1830fa","D4","8/26/2026 6:05:18 PM"
"11","[""Yes""]","17.5","24.5","[""Yes""]","[""Yes""]","13","62","#c2904b","["" Orange""]","","very diluted. we think the humidity on the ground of the chamber got inside thru air filter. also smells bad.","[""Yes""]","https://five.epicollect.net/api/media/mycoponics-porterfield?type=photo&format=entry_original&name=e25323ed-1f46-4787-9b7e-986f9c9ce0ed_1788732275.jpg&v=1788732405","https://five.epicollect.net/api/media/mycoponics-porterfield?type=photo&format=entry_original&name=e25323ed-1f46-4787-9b7e-986f9c9ce0ed_1788732278.jpg&v=1788732405","https://five.epicollect.net/api/media/mycoponics-porterfield?type=photo&format=entry_original&name=e25323ed-1f46-4787-9b7e-986f9c9ce0ed_1788732282.jpg&v=1788732405","https://five.epicollect.net/api/media/mycoponics-porterfield?type=photo&format=entry_original&name=e25323ed-1f46-4787-9b7e-986f9c9ce0ed_1788732285.jpg&v=1788732405","https://five.epicollect.net/api/media/mycoponics-porterfield?type=photo&format=entry_original&name=e25323ed-1f46-4787-9b7e-986f9c9ce0ed_1788732288.jpg&v=1788732405","https://five.epicollect.net/api/media/mycoponics-porterfield?type=photo&format=entry_original&name=e25323ed-1f46-4787-9b7e-986f9c9ce0ed_1788732291.jpg&v=1788732405","https://five.epicollect.net/api/media/mycoponics-porterfield?type=photo&format=entry_original&name=e25323ed-1f46-4787-9b7e-986f9c9ce0ed_1788732293.jpg&v=1788732405","https://five.epicollect.net/api/media/mycoponics-porterfield?type=photo&format=entry_original&name=e25323ed-1f46-4787-9b7e-986f9c9ce0ed_1788732296.jpg&v=1788732405","https://five.epicollect.net/api/media/mycoponics-porterfield?type=photo&format=entry_original&name=e25323ed-1f46-4787-9b7e-986f9c9ce0ed_1788732299.jpg&v=1788732405","https://five.epicollect.net/api/media/mycoponics-porterfield?type=photo&format=entry_original&name=e25323ed-1f46-4787-9b7e-986f9c9ce0ed_1788732302.jpg&v=1788732405","https://five.epicollect.net/api/media/mycoponics-porterfield?type=photo&format=entry_original&name=e25323ed-1f46-4787-9b7e-986f9c9ce0ed_1788732304.jpg&v=1788732405","https://five.epicollect.net/api/media/mycoponics-porterfield?type=photo&format=entry_original&name=e25323ed-1f46-4787-9b7e-986f9c9ce0ed_1788732307.jpg&v=1788732405","https://five.epicollect.net/api/media/mycoponics-porterfield?type=photo&format=entry_original&name=e25323ed-1f46-4787-9b7e-986f9c9ce0ed_1788732309.jpg&v=1788732405","https://five.epicollect.net/api/media/mycoponics-porterfield?type=photo&format=entry_original&name=e25323ed-1f46-4787-9b7e-986f9c9ce0ed_1788732312.jpg&v=1788732405","https://five.epicollect.net/api/media/mycoponics-porterfield?type=photo&format=entry_original&name=e25323ed-1f46-4787-9b7e-986f9c9ce0ed_1788732350.jpg&v=1788732405","https://five.epicollect.net/api/media/mycoponics-porterfield?type=photo&format=entry_original&name=e25323ed-1f46-4787-9b7e-986f9c9ce0ed_1788732355.jpg&v=1788732405","https://five.epicollect.net/api/media/mycoponics-porterfield?type=photo&format=entry_original&name=e25323ed-1f46-4787-9b7e-986f9c9ce0ed_1788732359.jpg&v=1788732405","https://five.epicollect.net/api/media/mycoponics-porterfield?type=photo&format=entry_original&name=e25323ed-1f46-4787-9b7e-986f9c9ce0ed_1788732364.jpg&v=1788732405","https://five.epicollect.net/api/media/mycoponics-porterfield?type=photo&format=entry_original&name=e25323ed-1f46-4787-9b7e-986f9c9ce0ed_1788732369.jpg&v=1788732405","https://five.epicollect.net/api/media/mycoponics-porterfield?type=photo&format=entry_original&name=e25323ed-1f46-4787-9b7e-986f9c9ce0ed_1788732374.jpg&v=1788732405","https://five.epicollect.net/api/media/mycoponics-porterfield?type=photo&format=entry_original&name=e25323ed-1f46-4787-9b7e-986f9c9ce0ed_1788732377.jpg&v=1788732405","https://five.epicollect.net/api/media/mycoponics-porterfield?type=photo&format=entry_original&name=e25323ed-1f46-4787-9b7e-986f9c9ce0ed_1788732381.jpg&v=1788732405","https://five.epicollect.net/api/media/mycoponics-porterfield?type=photo&format=entry_original&name=e25323ed-1f46-4787-9b7e-986f9c9ce0ed_1788732384.jpg&v=1788732405","https://five.epicollect.net/api/media/mycoponics-porterfield?type=photo&format=entry_original&name=e25323ed-1f46-4787-9b7e-986f9c9ce0ed_1788732390.jpg&v=1788732405","https://five.epicollect.net/api/media/mycoponics-porterfield?type=photo&format=entry_original&name=e25323ed-1f46-4787-9b7e-986f9c9ce0ed_1788732396.jpg&v=1788732405","https://five.epicollect.net/api/media/mycoponics-porterfield?type=photo&format=entry_original&name=e25323ed-1f46-4787-9b7e-986f9c9ce0ed_1788732399.jpg&v=1788732405","","","","","","A2","8/29/2026 7:18:35 PM","beee3510-9205-11f1-9bf5-b15c7c68ff3f","e25323ed-1f46-4787-9b7e-986f9c9ce0ed","A2","9/6/2026 10:06:45 PM"
"20","[""No""]","7","13","[""Yes""]","[""Yes""]","13.8","13.8","","[""Green""]","","Beautiful deep brown color.  Red droplets are present in the combinated part (Mold, bacteria and fungi) and gold droplets are present in the fuzzy part of te mycelium.","[""Yes""]","https://five.epicollect.net/api/media/mycoponics-porterfield?type=photo&format=entry_original&name=e25be0b3-d442-45ca-9e36-b084e08e0c70_1788714154.jpg&v=1788714223","https://five.epicollect.net/api/media/mycoponics-porterfield?type=photo&format=entry_original&name=e25be0b3-d442-45ca-9e36-b084e08e0c70_1788714161.jpg&v=1788714223","https://five.epicollect.net/api/media/mycoponics-porterfield?type=photo&format=entry_original&name=e25be0b3-d442-45ca-9e36-b084e08e0c70_1788714168.jpg&v=1788714223","https://five.epicollect.net/api/media/mycoponics-porterfield?type=photo&format=entry_original&name=e25be0b3-d442-45ca-9e36-b084e08e0c70_1788714174.jpg&v=1788714223","https://five.epicollect.net/api/media/mycoponics-porterfield?type=photo&format=entry_original&name=e25be0b3-d442-45ca-9e36-b084e08e0c70_1788714179.jpg&v=1788714223","https://five.epicollect.net/api/media/mycoponics-porterfield?type=photo&format=entry_original&name=e25be0b3-d442-45ca-9e36-b084e08e0c70_1788714184.jpg&v=1788714223","https://five.epicollect.net/api/media/mycoponics-porterfield?type=photo&format=entry_original&name=e25be0b3-d442-45ca-9e36-b084e08e0c70_1788714190.jpg&v=1788714223","https://five.epicollect.net/api/media/mycoponics-porterfield?type=photo&format=entry_original&name=e25be0b3-d442-45ca-9e36-b084e08e0c70_1788714195.jpg&v=1788714223","https://five.epicollect.net/api/media/mycoponics-porterfield?type=photo&format=entry_original&name=e25be0b3-d442-45ca-9e36-b084e08e0c70_1788714199.jpg&v=1788714223","https://five.epicollect.net/api/media/mycoponics-porterfield?type=photo&format=entry_original&name=e25be0b3-d442-45ca-9e36-b084e08e0c70_1788714205.jpg&v=1788714223","https://five.epicollect.net/api/media/mycoponics-porterfield?type=photo&format=entry_original&name=e25be0b3-d442-45ca-9e36-b084e08e0c70_1788714210.jpg&v=1788714223","","","","","","","","","","","","","","","","","","","","Many red drops coming from the top of the tube, mainly the combinated part.","B1","8/29/2026 7:27:41 PM","856cfc40-9205-11f1-bc95-0954c57f36fb","e25be0b3-d442-45ca-9e36-b084e08e0c70","B1","9/6/2026 5:03:43 PM"
"8","[""Yes""]","3","56","[""Yes""]","[""Yes""]","13.5","46","#917A2B","[""Yellow Brownish (cardboard)""]","","very small dots of dispersed greenish/brownish dots.","[""No""]","","","","","","","","","","","","","","","","","","","","","","","","","","","","","","","","C4","8/26/2026 12:32:51 PM","3a1d2be0-9208-11f1-9ae6-cbe624cafba5","e2a025b3-7d98-44c7-b8c6-a8a6a39e762e","C4","8/26/2026 12:33:05 PM"
"0","[""Yes""]","0","60","[""Yes""]","[""No""]","","","","[""Clear""]","","Exudates were very diluted with water, so we did not collect. Some water from the humidifier (the humidity was high) went into the jar (not correctly sealed), so it's hard to perceive if exudates were really produced. To combat this, we sealed both containers with tape over the parafilm we added before. 	","[""Yes""]","https://five.epicollect.net/api/media/mycoponics-porterfield?type=photo&format=entry_original&name=e2bcd770-91de-11f1-bdff-3dea7edc8549_1786052364.jpg&v=1788708418","https://five.epicollect.net/api/media/mycoponics-porterfield?type=photo&format=entry_original&name=e2bcd770-91de-11f1-bdff-3dea7edc8549_1786052369.jpg&v=1788708418","https://five.epicollect.net/api/media/mycoponics-porterfield?type=photo&format=entry_original&name=e2bcd770-91de-11f1-bdff-3dea7edc8549_1786052391.jpg&v=1788708418","https://five.epicollect.net/api/media/mycoponics-porterfield?type=photo&format=entry_original&name=e2bcd770-91de-11f1-bdff-3dea7edc8549_1786052396.jpg&v=1788708418","https://five.epicollect.net/api/media/mycoponics-porterfield?type=photo&format=entry_original&name=e2bcd770-91de-11f1-bdff-3dea7edc8549_1786052401.jpg&v=1788708418","https://five.epicollect.net/api/media/mycoponics-porterfield?type=photo&format=entry_original&name=e2bcd770-91de-11f1-bdff-3dea7edc8549_1786052406.jpg&v=1788708418","https://five.epicollect.net/api/media/mycoponics-porterfield?type=photo&format=entry_original&name=e2bcd770-91de-11f1-bdff-3dea7edc8549_1786052414.jpg&v=1788708418","","","","","","","","","","","","","","","","","","","","","","","","Scattered humidity (some very small drops, some very large drops) only around the TOP of the jar, above the ridge where the jar becomes straight. Initial morphology: Fuzzy, has branches that become a bit stiffer. The branching structures seem to be ""insulated""/covered by this fluffy tissue. No crystals, but beautiful branching and fuzziness, especially from one angle in photos. No contamination, Fully colonized (over 90%), Very dense/overgrown/3D structures, Highly active expanding front, Branching structures are forming, Evenly distributed exudate localization, sparse exudate localization density.","A1","8/6/2026 9:36:29 PM","5812f280-91de-11f1-bdff-3dea7edc8549","e2bcd770-91de-11f1-bdff-3dea7edc8549","A1","9/6/2026 3:26:58 PM"
"16","[""No""]","","26","[""Yes""]","[""No""]","","","","[]","","4.5 mL left in syringe","[""No""]","","","","","","","","","","","","","","","","","","","","","","","","","","","","","","","","A1","8/26/2026 2:55:00 PM","7621f7c0-9207-11f1-ba24-e7a1a5a09e42","e2d7a98b-83f7-4d95-802f-9ab48cc17b7e","A1","8/26/2026 2:55:01 PM"
"2","[""Yes""]","5","45","[""Yes""]","[""No""]","","","","[]","","Media","[""No""]","","","","","","","","","","","","","","","","","","","","","","","","","","","","","","","","C3","8/26/2026 6:20:36 PM","a1eeb1f0-9206-11f1-b07c-23192f0e7dfa","e2f654b8-43bf-4e46-83d1-90ca782a4359","C3","8/26/2026 6:20:37 PM"
"30","[""No""]","2","28","[""Yes""]","[""Yes""]","4","4","#A08400","[""Green""]","","","[""Yes""]","https://five.epicollect.net/api/media/mycoponics-porterfield?type=photo&format=entry_original&name=e3053f83-e6fc-4e37-ac43-9c781a9795bd_1788752132.jpg&v=1788752150","https://five.epicollect.net/api/media/mycoponics-porterfield?type=photo&format=entry_original&name=e3053f83-e6fc-4e37-ac43-9c781a9795bd_1788752134.jpg&v=1788752150","https://five.epicollect.net/api/media/mycoponics-porterfield?type=photo&format=entry_original&name=e3053f83-e6fc-4e37-ac43-9c781a9795bd_1788752136.jpg&v=1788752150","https://five.epicollect.net/api/media/mycoponics-porterfield?type=photo&format=entry_original&name=e3053f83-e6fc-4e37-ac43-9c781a9795bd_1788752138.jpg&v=1788752150","https://five.epicollect.net/api/media/mycoponics-porterfield?type=photo&format=entry_original&name=e3053f83-e6fc-4e37-ac43-9c781a9795bd_1788752143.jpg&v=1788752150","","","","","","","","","","","","","","","","","","","","","","","","","","","A1","8/26/2026 6:16:02 PM","a6148de0-9206-11f1-b07c-23192f0e7dfa","e3053f83-e6fc-4e37-ac43-9c781a9795bd","A1","9/7/2026 3:35:50 AM"
"2","[""Yes""]","2","54","[""Yes""]","[""Yes""]","3","3","#AF8347","[""Yellow""]","","","[""No""]","","","","","","","","","","","","","","","","","","","","","","","","","","","","","","","","C1","8/26/2026 5:42:07 PM","25278790-9207-11f1-9186-31d4e5d7aabc","e3100e9c-cb53-4d14-9940-0cdd2bf3127b","C1","8/26/2026 5:42:18 PM"
"6","[""Yes""]","9","45","[""Yes""]","[""Yes""]","14.5","28.5","#482615","["" Orange""]","","the media had bubbles in it. there was also lots of bubbling in collected exudates and around the tubing. viscous exudates with sunset-like orange color.","[""Yes""]","https://five.epicollect.net/api/media/mycoponics-porterfield?type=photo&format=entry_original&name=e3322f54-4b95-4da8-baf9-910a5c3eef3f_1788753082.jpg&v=1788753090","https://five.epicollect.net/api/media/mycoponics-porterfield?type=photo&format=entry_original&name=e3322f54-4b95-4da8-baf9-910a5c3eef3f_1788753084.jpg&v=1788753090","https://five.epicollect.net/api/media/mycoponics-porterfield?type=photo&format=entry_original&name=e3322f54-4b95-4da8-baf9-910a5c3eef3f_1788753086.jpg&v=1788753090","https://five.epicollect.net/api/media/mycoponics-porterfield?type=photo&format=entry_original&name=e3322f54-4b95-4da8-baf9-910a5c3eef3f_1788753088.jpg&v=1788753090","","","","","","","","","","","","","","","","","","","","","","","","","","","","A2","8/26/2026 5:20:18 PM","45476810-9207-11f1-8555-b77c5e5555d6","e3322f54-4b95-4da8-baf9-910a5c3eef3f","A2","9/7/2026 3:51:30 AM"
"19","[""Yes""]","9","40","[""Yes""]","[""No""]","","","","[""Green""]","","media","[""Yes""]","https://five.epicollect.net/api/media/mycoponics-porterfield?type=photo&format=entry_original&name=e37dec0b-5afd-4a28-942e-0e95a2e4eb16_1788749981.jpg&v=1788750048","https://five.epicollect.net/api/media/mycoponics-porterfield?type=photo&format=entry_original&name=e37dec0b-5afd-4a28-942e-0e95a2e4eb16_1788749985.jpg&v=1788750048","https://five.epicollect.net/api/media/mycoponics-porterfield?type=photo&format=entry_original&name=e37dec0b-5afd-4a28-942e-0e95a2e4eb16_1788749988.jpg&v=1788750048","https://five.epicollect.net/api/media/mycoponics-porterfield?type=photo&format=entry_original&name=e37dec0b-5afd-4a28-942e-0e95a2e4eb16_1788749991.jpg&v=1788750048","https://five.epicollect.net/api/media/mycoponics-porterfield?type=photo&format=entry_original&name=e37dec0b-5afd-4a28-942e-0e95a2e4eb16_1788749994.jpg&v=1788750048","https://five.epicollect.net/api/media/mycoponics-porterfield?type=photo&format=entry_original&name=e37dec0b-5afd-4a28-942e-0e95a2e4eb16_1788749997.jpg&v=1788750048","https://five.epicollect.net/api/media/mycoponics-porterfield?type=photo&format=entry_original&name=e37dec0b-5afd-4a28-942e-0e95a2e4eb16_1788750001.jpg&v=1788750048","https://five.epicollect.net/api/media/mycoponics-porterfield?type=photo&format=entry_original&name=e37dec0b-5afd-4a28-942e-0e95a2e4eb16_1788750006.jpg&v=1788750048","https://five.epicollect.net/api/media/mycoponics-porterfield?type=photo&format=entry_original&name=e37dec0b-5afd-4a28-942e-0e95a2e4eb16_1788750010.jpg&v=1788750048","https://five.epicollect.net/api/media/mycoponics-porterfield?type=photo&format=entry_original&name=e37dec0b-5afd-4a28-942e-0e95a2e4eb16_1788750013.jpg&v=1788750048","https://five.epicollect.net/api/media/mycoponics-porterfield?type=photo&format=entry_original&name=e37dec0b-5afd-4a28-942e-0e95a2e4eb16_1788750019.jpg&v=1788750048","https://five.epicollect.net/api/media/mycoponics-porterfield?type=photo&format=entry_original&name=e37dec0b-5afd-4a28-942e-0e95a2e4eb16_1788750024.jpg&v=1788750048","https://five.epicollect.net/api/media/mycoponics-porterfield?type=photo&format=entry_original&name=e37dec0b-5afd-4a28-942e-0e95a2e4eb16_1788750029.jpg&v=1788750048","https://five.epicollect.net/api/media/mycoponics-porterfield?type=photo&format=entry_original&name=e37dec0b-5afd-4a28-942e-0e95a2e4eb16_1788750034.jpg&v=1788750048","https://five.epicollect.net/api/media/mycoponics-porterfield?type=photo&format=entry_original&name=e37dec0b-5afd-4a28-942e-0e95a2e4eb16_1788750038.jpg&v=1788750048","https://five.epicollect.net/api/media/mycoponics-porterfield?type=photo&format=entry_original&name=e37dec0b-5afd-4a28-942e-0e95a2e4eb16_1788750040.jpg&v=1788750048","","","","","","","","","","","","","","","","D3","8/29/2026 7:05:38 PM","104e6bf0-9206-11f1-9518-87ccf2fafc79","e37dec0b-5afd-4a28-942e-0e95a2e4eb16","D3","9/7/2026 3:00:48 AM"
"","[""No""]","","60","[""Yes""]","[""No""]","","","","[""Amber""]","","","[""Yes""]","","","","","","","","","","","","","","","","","","","","","","","","","","","","","","","","D2","8/29/2026 7:35:41 PM","196bdda0-9204-11f1-9262-61c43e67bcf5","e3d97641-0c19-4614-9893-2f2405e15515","D2","8/29/2026 7:35:51 PM"
"10","[""No""]","4","6","[""Yes""]","[""No""]","","","","[""Clear""]","","The humidity has been really low on these chambers, thus the exudate production has decrease a lot, to the point to not produce anything a day.","[""No""]","","","","","","","","","","","","","","","","","","","","","","","","","","","","","","","Contamination: None.","D3","8/28/2026 12:49:19 PM","42238840-9206-11f1-b91a-4736f6a951ba","e4865959-57e6-4ef4-9acb-190b482ceb87","D3","8/28/2026 12:49:36 PM"
"5","[""Yes""]","10","50","[""Yes""]","[""Yes""]","14","18.5","","[""Green""]","","Brown or red coloration. Exudates were dripping from fungi mixed with mold and bacteria, there was a combinaton of red drops and now golder drops coming from the mycelial tissue.","[""Yes""]","https://five.epicollect.net/api/media/mycoponics-porterfield?type=photo&format=entry_original&name=e4891e63-f027-4ae3-ac61-797a1e399908_1788714515.jpg&v=1788714591","https://five.epicollect.net/api/media/mycoponics-porterfield?type=photo&format=entry_original&name=e4891e63-f027-4ae3-ac61-797a1e399908_1788714520.jpg&v=1788714591","https://five.epicollect.net/api/media/mycoponics-porterfield?type=photo&format=entry_original&name=e4891e63-f027-4ae3-ac61-797a1e399908_1788714525.jpg&v=1788714591","https://five.epicollect.net/api/media/mycoponics-porterfield?type=photo&format=entry_original&name=e4891e63-f027-4ae3-ac61-797a1e399908_1788714529.jpg&v=1788714591","https://five.epicollect.net/api/media/mycoponics-porterfield?type=photo&format=entry_original&name=e4891e63-f027-4ae3-ac61-797a1e399908_1788714533.jpg&v=1788714591","https://five.epicollect.net/api/media/mycoponics-porterfield?type=photo&format=entry_original&name=e4891e63-f027-4ae3-ac61-797a1e399908_1788714539.jpg&v=1788714591","https://five.epicollect.net/api/media/mycoponics-porterfield?type=photo&format=entry_original&name=e4891e63-f027-4ae3-ac61-797a1e399908_1788714544.jpg&v=1788714591","https://five.epicollect.net/api/media/mycoponics-porterfield?type=photo&format=entry_original&name=e4891e63-f027-4ae3-ac61-797a1e399908_1788714550.jpg&v=1788714591","https://five.epicollect.net/api/media/mycoponics-porterfield?type=photo&format=entry_original&name=e4891e63-f027-4ae3-ac61-797a1e399908_1788714555.jpg&v=1788714591","https://five.epicollect.net/api/media/mycoponics-porterfield?type=photo&format=entry_original&name=e4891e63-f027-4ae3-ac61-797a1e399908_1788714563.jpg&v=1788714591","https://five.epicollect.net/api/media/mycoponics-porterfield?type=photo&format=entry_original&name=e4891e63-f027-4ae3-ac61-797a1e399908_1788714568.jpg&v=1788714591","https://five.epicollect.net/api/media/mycoponics-porterfield?type=photo&format=entry_original&name=e4891e63-f027-4ae3-ac61-797a1e399908_1788714573.jpg&v=1788714591","https://five.epicollect.net/api/media/mycoponics-porterfield?type=photo&format=entry_original&name=e4891e63-f027-4ae3-ac61-797a1e399908_1788714577.jpg&v=1788714591","https://five.epicollect.net/api/media/mycoponics-porterfield?type=photo&format=entry_original&name=e4891e63-f027-4ae3-ac61-797a1e399908_1788714582.jpg&v=1788714591","","","","","","","","","","","","","","","","","Many drops being exuded at the bottom of the tube, there is a combination of gold, red and orange drops in this area.","C2","8/29/2026 7:27:41 PM","856cfc40-9205-11f1-bc95-0954c57f36fb","e4891e63-f027-4ae3-ac61-797a1e399908","C2","9/6/2026 5:09:51 PM"
"6","[""Yes""]","5","50","[""No""]","[""No""]","","","","[""Clear""]","","","[""Yes""]","https://five.epicollect.net/api/media/mycoponics-porterfield?type=photo&format=entry_original&name=e4b82c83-0add-4f97-9e1e-06245a06efe8_1788752957.jpg&v=1788752964","https://five.epicollect.net/api/media/mycoponics-porterfield?type=photo&format=entry_original&name=e4b82c83-0add-4f97-9e1e-06245a06efe8_1788752959.jpg&v=1788752964","https://five.epicollect.net/api/media/mycoponics-porterfield?type=photo&format=entry_original&name=e4b82c83-0add-4f97-9e1e-06245a06efe8_1788752961.jpg&v=1788752964","","","","","","","","","","","","","","","","","","","","","","","","","","","","","D3","8/26/2026 5:53:40 PM","1a80a1a0-9207-11f1-a488-057d0ae059c0","e4b82c83-0add-4f97-9e1e-06245a06efe8","D3","9/7/2026 3:49:24 AM"
"17","[""No""]","5","12","[""Yes""]","[""Yes""]","15","20","#9E7A26","[]","","","[""No""]","","","","","","","","","","","","","","","","","","","","","","","","","","","","","","","","C2","8/26/2026 6:04:58 PM","b3b1f780-9206-11f1-b07c-23192f0e7dfa","e4e69a1f-184b-4040-8af3-d01faa07b1fe","C2","8/26/2026 6:05:10 PM"
"5","[""Yes""]","4","50","[""Yes""]","[""Yes""]","15","22","#813E00","["" Orange""]","","","[""No""]","","","","","","","","","","","","","","","","","","","","","","","","","","","","","","","","C2","8/26/2026 5:33:34 PM","29a87bd0-9207-11f1-9186-31d4e5d7aabc","e56187da-06f0-427e-a91f-b023d802c855","C2","8/26/2026 5:33:46 PM"
"8","[""Yes""]","7","50","[""Yes""]","[""Yes""]","12.5","53.5","#716822","[""Yellow""]","","","[""Yes""]","https://five.epicollect.net/api/media/mycoponics-porterfield?type=photo&format=entry_original&name=e5d08e1f-3b22-419a-8daf-7e3ccb06a75f_1788044636.jpg&v=1788044725","https://five.epicollect.net/api/media/mycoponics-porterfield?type=photo&format=entry_original&name=e5d08e1f-3b22-419a-8daf-7e3ccb06a75f_1788044647.jpg&v=1788044725","https://five.epicollect.net/api/media/mycoponics-porterfield?type=photo&format=entry_original&name=e5d08e1f-3b22-419a-8daf-7e3ccb06a75f_1788044652.jpg&v=1788044725","https://five.epicollect.net/api/media/mycoponics-porterfield?type=photo&format=entry_original&name=e5d08e1f-3b22-419a-8daf-7e3ccb06a75f_1788044655.jpg&v=1788044725","https://five.epicollect.net/api/media/mycoponics-porterfield?type=photo&format=entry_original&name=e5d08e1f-3b22-419a-8daf-7e3ccb06a75f_1788044658.jpg&v=1788044725","https://five.epicollect.net/api/media/mycoponics-porterfield?type=photo&format=entry_original&name=e5d08e1f-3b22-419a-8daf-7e3ccb06a75f_1788044661.jpg&v=1788044725","https://five.epicollect.net/api/media/mycoponics-porterfield?type=photo&format=entry_original&name=e5d08e1f-3b22-419a-8daf-7e3ccb06a75f_1788044665.jpg&v=1788044725","https://five.epicollect.net/api/media/mycoponics-porterfield?type=photo&format=entry_original&name=e5d08e1f-3b22-419a-8daf-7e3ccb06a75f_1788044669.jpg&v=1788044725","https://five.epicollect.net/api/media/mycoponics-porterfield?type=photo&format=entry_original&name=e5d08e1f-3b22-419a-8daf-7e3ccb06a75f_1788044672.jpg&v=1788044725","https://five.epicollect.net/api/media/mycoponics-porterfield?type=photo&format=entry_original&name=e5d08e1f-3b22-419a-8daf-7e3ccb06a75f_1788044676.jpg&v=1788044725","https://five.epicollect.net/api/media/mycoponics-porterfield?type=photo&format=entry_original&name=e5d08e1f-3b22-419a-8daf-7e3ccb06a75f_1788044681.jpg&v=1788044725","https://five.epicollect.net/api/media/mycoponics-porterfield?type=photo&format=entry_original&name=e5d08e1f-3b22-419a-8daf-7e3ccb06a75f_1788044683.jpg&v=1788044725","https://five.epicollect.net/api/media/mycoponics-porterfield?type=photo&format=entry_original&name=e5d08e1f-3b22-419a-8daf-7e3ccb06a75f_1788044686.jpg&v=1788044725","https://five.epicollect.net/api/media/mycoponics-porterfield?type=photo&format=entry_original&name=e5d08e1f-3b22-419a-8daf-7e3ccb06a75f_1788044688.jpg&v=1788044725","https://five.epicollect.net/api/media/mycoponics-porterfield?type=photo&format=entry_original&name=e5d08e1f-3b22-419a-8daf-7e3ccb06a75f_1788044690.jpg&v=1788044725","https://five.epicollect.net/api/media/mycoponics-porterfield?type=photo&format=entry_original&name=e5d08e1f-3b22-419a-8daf-7e3ccb06a75f_1788044693.jpg&v=1788044725","https://five.epicollect.net/api/media/mycoponics-porterfield?type=photo&format=entry_original&name=e5d08e1f-3b22-419a-8daf-7e3ccb06a75f_1788044696.jpg&v=1788044725","https://five.epicollect.net/api/media/mycoponics-porterfield?type=photo&format=entry_original&name=e5d08e1f-3b22-419a-8daf-7e3ccb06a75f_1788044699.jpg&v=1788044725","https://five.epicollect.net/api/media/mycoponics-porterfield?type=photo&format=entry_original&name=e5d08e1f-3b22-419a-8daf-7e3ccb06a75f_1788044702.jpg&v=1788044725","https://five.epicollect.net/api/media/mycoponics-porterfield?type=photo&format=entry_original&name=e5d08e1f-3b22-419a-8daf-7e3ccb06a75f_1788044704.jpg&v=1788044725","https://five.epicollect.net/api/media/mycoponics-porterfield?type=photo&format=entry_original&name=e5d08e1f-3b22-419a-8daf-7e3ccb06a75f_1788044707.jpg&v=1788044725","https://five.epicollect.net/api/media/mycoponics-porterfield?type=photo&format=entry_original&name=e5d08e1f-3b22-419a-8daf-7e3ccb06a75f_1788044710.jpg&v=1788044725","https://five.epicollect.net/api/media/mycoponics-porterfield?type=photo&format=entry_original&name=e5d08e1f-3b22-419a-8daf-7e3ccb06a75f_1788044716.jpg&v=1788044725","https://five.epicollect.net/api/media/mycoponics-porterfield?type=photo&format=entry_original&name=e5d08e1f-3b22-419a-8daf-7e3ccb06a75f_1788044719.jpg&v=1788044725","https://five.epicollect.net/api/media/mycoponics-porterfield?type=photo&format=entry_original&name=e5d08e1f-3b22-419a-8daf-7e3ccb06a75f_1788044721.jpg&v=1788044725","","","","","","","D1","8/26/2026 2:33:03 PM","992fd070-9207-11f1-b651-5d6fce51deb5","e5d08e1f-3b22-419a-8daf-7e3ccb06a75f","D1","8/29/2026 11:05:25 PM"
"","[""No""]","3","6","[""No""]","[""No""]","","","","[]","","","[""Yes""]","","","","","","","","","","","","","","","","","","","","","","","","","","","","","","","","B4","8/29/2026 7:22:26 PM","a727c810-9205-11f1-bca9-83b388c0a0a4","e5ffee4d-bac1-49e8-8d56-bb69b2db2bde","B4","8/29/2026 7:22:43 PM"
"2","[""Yes""]","9","23","[""Yes""]","[""Yes""]","13","28","#bda557","[""Yellow""]","","","[""Yes""]","https://five.epicollect.net/api/media/mycoponics-porterfield?type=photo&format=entry_original&name=e62227b6-d284-49ea-9e07-17e16015ad7a_1788732225.jpg&v=1788732252","https://five.epicollect.net/api/media/mycoponics-porterfield?type=photo&format=entry_original&name=e62227b6-d284-49ea-9e07-17e16015ad7a_1788732228.jpg&v=1788732252","https://five.epicollect.net/api/media/mycoponics-porterfield?type=photo&format=entry_original&name=e62227b6-d284-49ea-9e07-17e16015ad7a_1788732233.jpg&v=1788732252","https://five.epicollect.net/api/media/mycoponics-porterfield?type=photo&format=entry_original&name=e62227b6-d284-49ea-9e07-17e16015ad7a_1788732237.jpg&v=1788732252","https://five.epicollect.net/api/media/mycoponics-porterfield?type=photo&format=entry_original&name=e62227b6-d284-49ea-9e07-17e16015ad7a_1788732240.jpg&v=1788732252","https://five.epicollect.net/api/media/mycoponics-porterfield?type=photo&format=entry_original&name=e62227b6-d284-49ea-9e07-17e16015ad7a_1788732242.jpg&v=1788732252","https://five.epicollect.net/api/media/mycoponics-porterfield?type=photo&format=entry_original&name=e62227b6-d284-49ea-9e07-17e16015ad7a_1788732244.jpg&v=1788732252","https://five.epicollect.net/api/media/mycoponics-porterfield?type=photo&format=entry_original&name=e62227b6-d284-49ea-9e07-17e16015ad7a_1788732245.jpg&v=1788732252","https://five.epicollect.net/api/media/mycoponics-porterfield?type=photo&format=entry_original&name=e62227b6-d284-49ea-9e07-17e16015ad7a_1788732246.jpg&v=1788732252","https://five.epicollect.net/api/media/mycoponics-porterfield?type=photo&format=entry_original&name=e62227b6-d284-49ea-9e07-17e16015ad7a_1788732248.jpg&v=1788732252","https://five.epicollect.net/api/media/mycoponics-porterfield?type=photo&format=entry_original&name=e62227b6-d284-49ea-9e07-17e16015ad7a_1788732250.jpg&v=1788732252","","","","","","","","","","","","","","","","","","","","","A1","8/29/2026 7:18:35 PM","beee3510-9205-11f1-9bf5-b15c7c68ff3f","e62227b6-d284-49ea-9e07-17e16015ad7a","A1","9/6/2026 10:04:12 PM"
"51","[""No""]","1","50","[""Yes""]","[""Yes""]","3","3","#9B3100","["" Orange""]","","","[""Yes""]","https://five.epicollect.net/api/media/mycoponics-porterfield?type=photo&format=entry_original&name=e62a2564-3419-4f85-9628-4dfadf56b55a_1788752621.jpg&v=1788752626","https://five.epicollect.net/api/media/mycoponics-porterfield?type=photo&format=entry_original&name=e62a2564-3419-4f85-9628-4dfadf56b55a_1788752623.jpg&v=1788752626","","","","","","","","","","","","","","","","","","","","","","","","","","","","","","A2","8/26/2026 5:53:40 PM","1a80a1a0-9207-11f1-a488-057d0ae059c0","e62a2564-3419-4f85-9628-4dfadf56b55a","A2","9/7/2026 3:43:46 AM"
"14","[""No""]","0","10","[""Yes""]","[""No""]","","","","[""Green""]","","media","[""Yes""]","https://five.epicollect.net/api/media/mycoponics-porterfield?type=photo&format=entry_original&name=e680ac99-2b8f-4901-a6e9-f06730f95283_1788748754.jpg&v=1788748799","https://five.epicollect.net/api/media/mycoponics-porterfield?type=photo&format=entry_original&name=e680ac99-2b8f-4901-a6e9-f06730f95283_1788748757.jpg&v=1788748799","https://five.epicollect.net/api/media/mycoponics-porterfield?type=photo&format=entry_original&name=e680ac99-2b8f-4901-a6e9-f06730f95283_1788748760.jpg&v=1788748799","https://five.epicollect.net/api/media/mycoponics-porterfield?type=photo&format=entry_original&name=e680ac99-2b8f-4901-a6e9-f06730f95283_1788748763.jpg&v=1788748799","https://five.epicollect.net/api/media/mycoponics-porterfield?type=photo&format=entry_original&name=e680ac99-2b8f-4901-a6e9-f06730f95283_1788748766.jpg&v=1788748799","https://five.epicollect.net/api/media/mycoponics-porterfield?type=photo&format=entry_original&name=e680ac99-2b8f-4901-a6e9-f06730f95283_1788748771.jpg&v=1788748799","https://five.epicollect.net/api/media/mycoponics-porterfield?type=photo&format=entry_original&name=e680ac99-2b8f-4901-a6e9-f06730f95283_1788748775.jpg&v=1788748799","https://five.epicollect.net/api/media/mycoponics-porterfield?type=photo&format=entry_original&name=e680ac99-2b8f-4901-a6e9-f06730f95283_1788748779.jpg&v=1788748799","","","","","","","","","","","","","","","","","","","","","","","","D4","8/29/2026 7:08:22 PM","dac34c80-9205-11f1-ba5f-319f359841fc","e680ac99-2b8f-4901-a6e9-f06730f95283","D4","9/7/2026 2:39:59 AM"
"60","[""No""]","0","45","[""No""]","[""No""]","","","","[""Green""]","","","[""Yes""]","https://five.epicollect.net/api/media/mycoponics-porterfield?type=photo&format=entry_original&name=e6d6a5a9-5c96-4595-8a68-edf57010b51a_1788714026.jpg&v=1788714123","https://five.epicollect.net/api/media/mycoponics-porterfield?type=photo&format=entry_original&name=e6d6a5a9-5c96-4595-8a68-edf57010b51a_1788714031.jpg&v=1788714123","https://five.epicollect.net/api/media/mycoponics-porterfield?type=photo&format=entry_original&name=e6d6a5a9-5c96-4595-8a68-edf57010b51a_1788714035.jpg&v=1788714123","https://five.epicollect.net/api/media/mycoponics-porterfield?type=photo&format=entry_original&name=e6d6a5a9-5c96-4595-8a68-edf57010b51a_1788714040.jpg&v=1788714123","https://five.epicollect.net/api/media/mycoponics-porterfield?type=photo&format=entry_original&name=e6d6a5a9-5c96-4595-8a68-edf57010b51a_1788714044.jpg&v=1788714123","https://five.epicollect.net/api/media/mycoponics-porterfield?type=photo&format=entry_original&name=e6d6a5a9-5c96-4595-8a68-edf57010b51a_1788714049.jpg&v=1788714123","https://five.epicollect.net/api/media/mycoponics-porterfield?type=photo&format=entry_original&name=e6d6a5a9-5c96-4595-8a68-edf57010b51a_1788714053.jpg&v=1788714123","https://five.epicollect.net/api/media/mycoponics-porterfield?type=photo&format=entry_original&name=e6d6a5a9-5c96-4595-8a68-edf57010b51a_1788714058.jpg&v=1788714123","","","","","","","","","","","","","","","","","","","","","","","Doubtful of the green area at the top of the tube? It could be yeast or bacteria growing on the tube or a stain that the media is leaving on that part of the ceramic.","A3","8/29/2026 7:27:41 PM","856cfc40-9205-11f1-bc95-0954c57f36fb","e6d6a5a9-5c96-4595-8a68-edf57010b51a","A3","9/6/2026 5:02:03 PM"
"6","[""Yes""]","7","53","[""Yes""]","[""Yes""]","14","23","","[]","Fibrous/shredded material","","[""No""]","","","","","","","","","","","","","","","","","","","","","","","","","","","","","","","","A4","8/8/2026 11:26:31 PM","59d95668-3574-4d73-87d2-398740f59516","e71b21d1-6694-41b1-969e-654052266f86","A4","8/9/2026 1:02:09 AM"
"1","[""Yes""]","6","44","[""Yes""]","[""Yes""]","16","30","#C8A850","[""Yellow""]","","","[""No""]","","","","","","","","","","","","","","","","","","","","","","","","","","","","","","","","A1","8/28/2026 12:52:41 PM","212ef2a0-9206-11f1-9518-87ccf2fafc79","e84b0412-b718-487e-8e15-88717c6b5e3d","A1","8/28/2026 12:52:41 PM"
"60","[""No""]","0","60","[""No""]","[""No""]","","","","[]","","","[""Yes""]","https://five.epicollect.net/api/media/mycoponics-porterfield?type=photo&format=entry_original&name=e857ccca-0334-4e87-b973-9ca65c39411f_1788712578.jpg&v=1788712593","https://five.epicollect.net/api/media/mycoponics-porterfield?type=photo&format=entry_original&name=e857ccca-0334-4e87-b973-9ca65c39411f_1788712581.jpg&v=1788712593","https://five.epicollect.net/api/media/mycoponics-porterfield?type=photo&format=entry_original&name=e857ccca-0334-4e87-b973-9ca65c39411f_1788712584.jpg&v=1788712593","https://five.epicollect.net/api/media/mycoponics-porterfield?type=photo&format=entry_original&name=e857ccca-0334-4e87-b973-9ca65c39411f_1788712587.jpg&v=1788712593","","","","","","","","","","","","","","","","","","","","","","","","","","","Mycelium growing. Contamination: None. Colonization: Early spread (10-30%).","A3","8/29/2026 7:29:41 PM","7e15b680-9205-11f1-bc95-0954c57f36fb","e857ccca-0334-4e87-b973-9ca65c39411f","A3","9/6/2026 4:36:33 PM"
"32","[""No""]","5","27","[""No""]","[""Yes""]","8","8","","[""Green""]","","There are green drippings thar match. there were also MANY paper-like shreddings floating in the exudate.","[""Yes""]","https://five.epicollect.net/api/media/mycoponics-porterfield?type=photo&format=entry_original&name=e860676e-a1bf-4297-9686-ceb117eb9632_1788721923.jpg&v=1788721989","https://five.epicollect.net/api/media/mycoponics-porterfield?type=photo&format=entry_original&name=e860676e-a1bf-4297-9686-ceb117eb9632_1788721934.jpg&v=1788721989","https://five.epicollect.net/api/media/mycoponics-porterfield?type=photo&format=entry_original&name=e860676e-a1bf-4297-9686-ceb117eb9632_1788721940.jpg&v=1788721989","https://five.epicollect.net/api/media/mycoponics-porterfield?type=photo&format=entry_original&name=e860676e-a1bf-4297-9686-ceb117eb9632_1788721945.jpg&v=1788721989","https://five.epicollect.net/api/media/mycoponics-porterfield?type=photo&format=entry_original&name=e860676e-a1bf-4297-9686-ceb117eb9632_1788721952.jpg&v=1788721989","https://five.epicollect.net/api/media/mycoponics-porterfield?type=photo&format=entry_original&name=e860676e-a1bf-4297-9686-ceb117eb9632_1788721960.jpg&v=1788721989","https://five.epicollect.net/api/media/mycoponics-porterfield?type=photo&format=entry_original&name=e860676e-a1bf-4297-9686-ceb117eb9632_1788721965.jpg&v=1788721989","https://five.epicollect.net/api/media/mycoponics-porterfield?type=photo&format=entry_original&name=e860676e-a1bf-4297-9686-ceb117eb9632_1788721971.jpg&v=1788721989","https://five.epicollect.net/api/media/mycoponics-porterfield?type=photo&format=entry_original&name=e860676e-a1bf-4297-9686-ceb117eb9632_1788721977.jpg&v=1788721989","https://five.epicollect.net/api/media/mycoponics-porterfield?type=photo&format=entry_original&name=e860676e-a1bf-4297-9686-ceb117eb9632_1788721982.jpg&v=1788721989","","","","","","","","","","","","","","","","","","","","","Uniform fogginess all over, with medium-sized droplets someplaces","A4","8/29/2026 7:21:20 PM","ac1d01f0-9205-11f1-bca9-83b388c0a0a4","e860676e-a1bf-4297-9686-ceb117eb9632","A4","9/6/2026 7:13:09 PM"
"20","[""Yes""]","5","55","[""Yes""]","[""Yes""]","13","13","","[]","","","[""No""]","","","","","","","","","","","","","","","","","","","","","","","","","","","","","","","","B3","8/8/2026 11:55:22 PM","59d95668-3574-4d73-87d2-398740f59516","e8c9086d-02dc-4ecd-80ca-b5c77d667af5","B3","8/9/2026 1:02:14 AM"
"2","[""Yes""]","7","50","[""Yes""]","[""No""]","","","","[]","","","[""No""]","","","","","","","","","","","","","","","","","","","","","","","","","","","","","","","the old media was grey- this probably means the fungus was just taking out the nutrients it needed and leavinig the water","D4","8/29/2026 7:07:31 PM","0c11aca0-9206-11f1-9518-87ccf2fafc79","e8d1c78e-e58d-4607-b409-00bbd122f3a6","D4","8/29/2026 7:08:05 PM"
"30","[""No""]","2","28","[""Yes""]","[""Yes""]","16","16","#a29124","[""Amber""]","","Good yellow exudates but i dont see sign of branching structures, mostly covered by fuzzy mycelium.","[""No""]","","","","","","","","","","","","","","","","","","","","","","","","","","","","","","","","B2","8/29/2026 7:04:24 PM","1adbaf60-9206-11f1-9518-87ccf2fafc79","e8e9386f-36b8-4a03-9276-40182dcf946c","B2","8/29/2026 7:04:33 PM"
"0","[""Yes""]","0","60","[""Yes""]","[""Yes""]","14","59","","[""Amber""]","","Not a lot of exudates, and very diluted, but we still collected it.	","[""Yes""]","https://five.epicollect.net/api/media/mycoponics-porterfield?type=photo&format=entry_original&name=e8f5bf70-91df-11f1-bdff-3dea7edc8549_1786053165.jpg&v=1788708334","https://five.epicollect.net/api/media/mycoponics-porterfield?type=photo&format=entry_original&name=e8f5bf70-91df-11f1-bdff-3dea7edc8549_1786053195.jpg&v=1788708334","https://five.epicollect.net/api/media/mycoponics-porterfield?type=photo&format=entry_original&name=e8f5bf70-91df-11f1-bdff-3dea7edc8549_1786053212.jpg&v=1788708334","https://five.epicollect.net/api/media/mycoponics-porterfield?type=photo&format=entry_original&name=e8f5bf70-91df-11f1-bdff-3dea7edc8549_1786053227.jpg&v=1788708334","https://five.epicollect.net/api/media/mycoponics-porterfield?type=photo&format=entry_original&name=e8f5bf70-91df-11f1-bdff-3dea7edc8549_1786057185.jpg&v=1788708334","https://five.epicollect.net/api/media/mycoponics-porterfield?type=photo&format=entry_original&name=e8f5bf70-91df-11f1-bdff-3dea7edc8549_1786057290.jpg&v=1788708334","https://five.epicollect.net/api/media/mycoponics-porterfield?type=photo&format=entry_original&name=e8f5bf70-91df-11f1-bdff-3dea7edc8549_1786057297.jpg&v=1788708334","https://five.epicollect.net/api/media/mycoponics-porterfield?type=photo&format=entry_original&name=e8f5bf70-91df-11f1-bdff-3dea7edc8549_1786057306.jpg&v=1788708334","https://five.epicollect.net/api/media/mycoponics-porterfield?type=photo&format=entry_original&name=e8f5bf70-91df-11f1-bdff-3dea7edc8549_1786057315.jpg&v=1788708334","https://five.epicollect.net/api/media/mycoponics-porterfield?type=photo&format=entry_original&name=e8f5bf70-91df-11f1-bdff-3dea7edc8549_1788708250.jpg&v=1788708334","https://five.epicollect.net/api/media/mycoponics-porterfield?type=photo&format=entry_original&name=e8f5bf70-91df-11f1-bdff-3dea7edc8549_1788708254.jpg&v=1788708334","https://five.epicollect.net/api/media/mycoponics-porterfield?type=photo&format=entry_original&name=e8f5bf70-91df-11f1-bdff-3dea7edc8549_1788708257.jpg&v=1788708334","https://five.epicollect.net/api/media/mycoponics-porterfield?type=photo&format=entry_original&name=e8f5bf70-91df-11f1-bdff-3dea7edc8549_1788708262.jpg&v=1788708334","https://five.epicollect.net/api/media/mycoponics-porterfield?type=photo&format=entry_original&name=e8f5bf70-91df-11f1-bdff-3dea7edc8549_1788708265.jpg&v=1788708334","https://five.epicollect.net/api/media/mycoponics-porterfield?type=photo&format=entry_original&name=e8f5bf70-91df-11f1-bdff-3dea7edc8549_1788708270.jpg&v=1788708334","https://five.epicollect.net/api/media/mycoponics-porterfield?type=photo&format=entry_original&name=e8f5bf70-91df-11f1-bdff-3dea7edc8549_1788708273.jpg&v=1788708334","https://five.epicollect.net/api/media/mycoponics-porterfield?type=photo&format=entry_original&name=e8f5bf70-91df-11f1-bdff-3dea7edc8549_1788708278.jpg&v=1788708334","https://five.epicollect.net/api/media/mycoponics-porterfield?type=photo&format=entry_original&name=e8f5bf70-91df-11f1-bdff-3dea7edc8549_1788708283.jpg&v=1788708334","https://five.epicollect.net/api/media/mycoponics-porterfield?type=photo&format=entry_original&name=e8f5bf70-91df-11f1-bdff-3dea7edc8549_1788708288.jpg&v=1788708334","https://five.epicollect.net/api/media/mycoponics-porterfield?type=photo&format=entry_original&name=e8f5bf70-91df-11f1-bdff-3dea7edc8549_1788708291.jpg&v=1788708334","https://five.epicollect.net/api/media/mycoponics-porterfield?type=photo&format=entry_original&name=e8f5bf70-91df-11f1-bdff-3dea7edc8549_1788708295.jpg&v=1788708334","https://five.epicollect.net/api/media/mycoponics-porterfield?type=photo&format=entry_original&name=e8f5bf70-91df-11f1-bdff-3dea7edc8549_1788708299.jpg&v=1788708334","https://five.epicollect.net/api/media/mycoponics-porterfield?type=photo&format=entry_original&name=e8f5bf70-91df-11f1-bdff-3dea7edc8549_1788708304.jpg&v=1788708334","https://five.epicollect.net/api/media/mycoponics-porterfield?type=photo&format=entry_original&name=e8f5bf70-91df-11f1-bdff-3dea7edc8549_1788708308.jpg&v=1788708334","https://five.epicollect.net/api/media/mycoponics-porterfield?type=photo&format=entry_original&name=e8f5bf70-91df-11f1-bdff-3dea7edc8549_1788708312.jpg&v=1788708334","https://five.epicollect.net/api/media/mycoponics-porterfield?type=photo&format=entry_original&name=e8f5bf70-91df-11f1-bdff-3dea7edc8549_1788708315.jpg&v=1788708334","https://five.epicollect.net/api/media/mycoponics-porterfield?type=photo&format=entry_original&name=e8f5bf70-91df-11f1-bdff-3dea7edc8549_1788708318.jpg&v=1788708334","","","","Medium-sized droplets all around the jar, some areas have foggy humidity. Fungal mycelium is growing in combination with mold and bacteria, which appears to be associated with the secretion of red and golden exudates. Signs of branching structures are present, but they are covered by fuzzy tissue. Confirmed contamination.","B1","8/6/2026 9:43:49 PM","5812f280-91de-11f1-bdff-3dea7edc8549","e8f5bf70-91df-11f1-bdff-3dea7edc8549","B1","9/6/2026 3:25:34 PM"
"5","[""Yes""]","5","43","[""Yes""]","[""No""]","","","","[""Green""]","","media","[""No""]","","","","","","","","","","","","","","","","","","","","","","","","","","","","","","","","D3","8/26/2026 4:41:09 PM","68feee40-9207-11f1-ba24-e7a1a5a09e42","e978ac38-b8fe-4dc7-82d6-7cd56252caeb","D3","8/26/2026 4:41:28 PM"
"2","[""Yes""]","5","50","[""Yes""]","[""Yes""]","","","","[""Red""]","","","[""Yes""]","","","","","","","","","","","","","","","","","","","","","","","","","","","","","","","","C1","8/29/2026 7:08:22 PM","dac34c80-9205-11f1-ba5f-319f359841fc","e9a3a352-f54c-496a-9729-b1f35802ef58","C1","8/29/2026 7:08:40 PM"
"18","[""Yes""]","9","49","[""Yes""]","[""Yes""]","14.2","37","#79652c","[""Amber""]","","dirt-like dots all over in the clear amber liquid. appears like a butter color, but very clear.","[""No""]","","","","","","","","","","","","","","","","","","","","","","","","","","","","","","","","B3","8/26/2026 2:52:48 PM","832ee130-9207-11f1-a0ac-03e2707c61cb","ea190146-e64a-42de-aec3-9a7ca168ea01","B3","8/26/2026 2:52:58 PM"
"30","[""No""]","","15","[""No""]","[""No""]","","","","[""Clear""]","","","[""Yes""]","","","","","","","","","","","","","","","","","","","","","","","","","","","","","","","","B4","8/29/2026 7:24:22 PM","8b5a78d0-9205-11f1-bc95-0954c57f36fb","eb1b25df-2e80-4d0c-bc64-6f7dd8de8ed0","B4","8/29/2026 7:24:37 PM"
"23","[""No""]","8","15","[""Yes""]","[""Yes""]","14","34","#753800","[""Amber""]","","Fungi seems to be healing, the mold is being vovered by the mycelium and exudates are more yellow.","[""No""]","","","","","","","","","","","","","","","","","","","","","","","","","","","","","","","","B1","8/26/2026 5:12:55 PM","5e7888a0-9207-11f1-aadd-df4879ec2771","ebc1836f-1330-4894-bc20-bf6efb8f7f33","B1","8/26/2026 5:13:01 PM"
"38","[""Yes""]","4","31","[""Yes""]","[""Yes""]","14","16","","[""Amber""]","","Gold/Yelow coloration. It looks pretty concentrated. The fungi is creating many exuding structures that are dripping a intense yellow.","[""Yes""]","","","","","","","","","","","","","","","","","","","","","","","","","","","","","","","","D2","8/29/2026 7:29:41 PM","7e15b680-9205-11f1-bc95-0954c57f36fb","ebf1fd4c-11ea-4af4-85f6-3e868d3db47b","D2","8/29/2026 7:29:56 PM"
"10","[""No""]","3","7","[""Yes""]","[""Yes""]","9","9","#681E00","[""Red""]","","","[""No""]","","","","","","","","","","","","","","","","","","","","","","","","","","","","","","","","A2","8/26/2026 6:08:11 PM","af959170-9206-11f1-b07c-23192f0e7dfa","ebff2c95-d75d-499d-9e3f-e32024239d05","A2","8/26/2026 6:08:13 PM"
"0","[""Yes""]","0","60","[""No""]","[""""]","","","","[]","","No exudates at all. could be attributed to the humidity.	","[""Yes""]","https://five.epicollect.net/api/media/mycoponics-porterfield?type=photo&format=entry_original&name=ec255e10-91eb-11f1-bdff-3dea7edc8549_1786057858.jpg&v=1788708579","https://five.epicollect.net/api/media/mycoponics-porterfield?type=photo&format=entry_original&name=ec255e10-91eb-11f1-bdff-3dea7edc8549_1786057866.jpg&v=1788708579","https://five.epicollect.net/api/media/mycoponics-porterfield?type=photo&format=entry_original&name=ec255e10-91eb-11f1-bdff-3dea7edc8549_1786057877.jpg&v=1788708579","https://five.epicollect.net/api/media/mycoponics-porterfield?type=photo&format=entry_original&name=ec255e10-91eb-11f1-bdff-3dea7edc8549_1786057889.jpg&v=1788708579","https://five.epicollect.net/api/media/mycoponics-porterfield?type=photo&format=entry_original&name=ec255e10-91eb-11f1-bdff-3dea7edc8549_1786057907.jpg&v=1788708579","https://five.epicollect.net/api/media/mycoponics-porterfield?type=photo&format=entry_original&name=ec255e10-91eb-11f1-bdff-3dea7edc8549_1786057920.jpg&v=1788708579","https://five.epicollect.net/api/media/mycoponics-porterfield?type=photo&format=entry_original&name=ec255e10-91eb-11f1-bdff-3dea7edc8549_1786057929.jpg&v=1788708579","https://five.epicollect.net/api/media/mycoponics-porterfield?type=photo&format=entry_original&name=ec255e10-91eb-11f1-bdff-3dea7edc8549_1786057950.jpg&v=1788708579","https://five.epicollect.net/api/media/mycoponics-porterfield?type=photo&format=entry_original&name=ec255e10-91eb-11f1-bdff-3dea7edc8549_1786057965.jpg&v=1788708579","https://five.epicollect.net/api/media/mycoponics-porterfield?type=photo&format=entry_original&name=ec255e10-91eb-11f1-bdff-3dea7edc8549_1786057971.jpg&v=1788708579","","","","","","","","","","","","","","","","","","","","","No humidity- completely clear. The ceramic tube is mostly covered by fuzzy mycelial tissue. However, a branching structure developed at the bottom of the tube, forming a conglomerate that almost resembles a spherical shape. No contamination
","C1","8/6/2026 11:09:49 PM","5812f280-91de-11f1-bdff-3dea7edc8549","ec255e10-91eb-11f1-bdff-3dea7edc8549","C1","9/6/2026 3:29:39 PM"
"9","[""Yes""]","2","44","[""Yes""]","[""Yes""]","9","9","#9EA659","[""Green""]","","","[""No""]","","","","","","","","","","","","","","","","","","","","","","","","","","","","","","","","A3","8/28/2026 12:52:41 PM","212ef2a0-9206-11f1-9518-87ccf2fafc79","ec282ee7-2b23-45b4-a0a5-14b5c3974177","A3","8/28/2026 12:52:43 PM"
"7","[""Yes""]","9","49","[""Yes""]","[""Yes""]","13.5","22","#7c7044","[""Yellow""]","","1-2 chunks of medium-sized mycelia, then smaller flakes of mycelia around. there were multiply mycelia chunks at the bottom of the jar today, i took a video. the exudates are pale yellow viscous.","[""Yes""]","https://five.epicollect.net/api/media/mycoponics-porterfield?type=photo&format=entry_original&name=ec301775-acbd-490e-8c48-919bb46261f4_1788753249.jpg&v=1788753255","https://five.epicollect.net/api/media/mycoponics-porterfield?type=photo&format=entry_original&name=ec301775-acbd-490e-8c48-919bb46261f4_1788753251.jpg&v=1788753255","https://five.epicollect.net/api/media/mycoponics-porterfield?type=photo&format=entry_original&name=ec301775-acbd-490e-8c48-919bb46261f4_1788753253.jpg&v=1788753255","","","","","","","","","","","","","","","","","","","","","","","","","","","","","C3","8/26/2026 5:20:18 PM","45476810-9207-11f1-8555-b77c5e5555d6","ec301775-acbd-490e-8c48-919bb46261f4","C3","9/7/2026 3:54:15 AM"
"34","[""No""]","4","30","[""Yes""]","[""Yes""]","14","16","#8D5E00","[""Yellow""]","","","[""No""]","","","","","","","","","","","","","","","","","","","","","","","","","","","","","","","","D1","8/26/2026 5:12:55 PM","5e7888a0-9207-11f1-aadd-df4879ec2771","ec3e4c28-4c46-4698-8778-4fb3e864d37b","D1","8/26/2026 5:13:11 PM"
"30","[""Yes""]","7","55","[""Yes""]","[""Yes""]","14","44","","[]","","","[""No""]","","","","","","","","","","","","","","","","","","","","","","","","","","","","","","","","B2","8/8/2026 11:54:45 PM","59d95668-3574-4d73-87d2-398740f59516","ecda84ad-6f56-4e3d-98de-d64cb98b0729","B2","8/9/2026 11:14:24 PM"
"8","[""Yes""]","5","50","[""Yes""]","[""Yes""]","6","6","#7E672D","[""Yellow""]","","","[""No""]","","","","","","","","","","","","","","","","","","","","","","","","","","","","","","","","C1","8/26/2026 6:11:41 PM","acdfe750-9206-11f1-b07c-23192f0e7dfa","ecf82541-64fc-4a19-9b32-a70e1d9eda04","C1","8/26/2026 6:11:53 PM"
"32","[""No""]","2","30","[""Yes""]","[""Yes""]","14","14","#9D7513","[""Yellow""]","","","[""No""]","","","","","","","","","","","","","","","","","","","","","","","","","","","","","","","","B4","8/26/2026 5:27:01 PM","309c1dc0-9207-11f1-9186-31d4e5d7aabc","eddb4620-f51c-439e-af2a-bc9f406c89a0","B4","8/26/2026 5:27:12 PM"
"6","[""Yes""]","8","45","[""Yes""]","[""Yes""]","7.8","7.8","#A17226","[""Yellow""]","","white specks","[""No""]","","","","","","","","","","","","","","","","","","","","","","","","","","","","","","","","B3","8/26/2026 5:22:58 PM","3cb0c480-9207-11f1-8555-b77c5e5555d6","ee5b51c1-c3c8-4f3b-974f-7b6464378a57","B3","8/26/2026 5:23:07 PM"
"44","[""No""]","6","38","[""Yes""]","[""Yes""]","15","16","#96957F","[""Clear""]","","Not as diluted as other days. I changed the humidity from 95% to 85% hoping to see more concentrated exudates.","[""No""]","","","","","","","","","","","","","","","","","","","","","","","","","","","","","","","","A1","8/26/2026 6:21:45 PM","75fb7970-9206-11f1-a57e-abc999418cec","ee8240bf-541b-40db-8f6c-b7467345c3da","A1","8/26/2026 6:21:46 PM"
"40","[""No""]","5","35","[""Yes""]","[""Yes""]","4.5","4.5","#5D3F13","[""Brown""]","","","[""No""]","","","","","","","","","","","","","","","","","","","","","","","","","","","","","","","","D1","8/26/2026 5:42:07 PM","25278790-9207-11f1-9186-31d4e5d7aabc","eeba8db4-fe3b-40ca-864e-f6160c956ea8","D1","8/26/2026 5:42:23 PM"
"5","[""No""]","1","4","[""No""]","[""No""]","","","","[]","","Media","[""No""]","","","","","","","","","","","","","","","","","","","","","","","","","","","","","","","","B4","8/26/2026 6:18:45 PM","a1eeb1f0-9206-11f1-b07c-23192f0e7dfa","eed1da25-d4cf-48e2-b506-0826c59d1653","B4","8/26/2026 6:18:54 PM"
"6","[""Yes""]","5","54","[""Yes""]","[""No""]","","","","[""Green""]","","media","[""Yes""]","https://five.epicollect.net/api/media/mycoponics-porterfield?type=photo&format=entry_original&name=ef4e0a57-7ab6-4f21-adde-183b6bf197c2_1788733832.jpg&v=1788733917","https://five.epicollect.net/api/media/mycoponics-porterfield?type=photo&format=entry_original&name=ef4e0a57-7ab6-4f21-adde-183b6bf197c2_1788733835.jpg&v=1788733917","https://five.epicollect.net/api/media/mycoponics-porterfield?type=photo&format=entry_original&name=ef4e0a57-7ab6-4f21-adde-183b6bf197c2_1788733838.jpg&v=1788733917","https://five.epicollect.net/api/media/mycoponics-porterfield?type=photo&format=entry_original&name=ef4e0a57-7ab6-4f21-adde-183b6bf197c2_1788733841.jpg&v=1788733917","https://five.epicollect.net/api/media/mycoponics-porterfield?type=photo&format=entry_original&name=ef4e0a57-7ab6-4f21-adde-183b6bf197c2_1788733844.jpg&v=1788733917","https://five.epicollect.net/api/media/mycoponics-porterfield?type=photo&format=entry_original&name=ef4e0a57-7ab6-4f21-adde-183b6bf197c2_1788733847.jpg&v=1788733917","https://five.epicollect.net/api/media/mycoponics-porterfield?type=photo&format=entry_original&name=ef4e0a57-7ab6-4f21-adde-183b6bf197c2_1788733858.jpg&v=1788733917","https://five.epicollect.net/api/media/mycoponics-porterfield?type=photo&format=entry_original&name=ef4e0a57-7ab6-4f21-adde-183b6bf197c2_1788733862.jpg&v=1788733917","https://five.epicollect.net/api/media/mycoponics-porterfield?type=photo&format=entry_original&name=ef4e0a57-7ab6-4f21-adde-183b6bf197c2_1788733865.jpg&v=1788733917","https://five.epicollect.net/api/media/mycoponics-porterfield?type=photo&format=entry_original&name=ef4e0a57-7ab6-4f21-adde-183b6bf197c2_1788733868.jpg&v=1788733917","https://five.epicollect.net/api/media/mycoponics-porterfield?type=photo&format=entry_original&name=ef4e0a57-7ab6-4f21-adde-183b6bf197c2_1788733871.jpg&v=1788733917","https://five.epicollect.net/api/media/mycoponics-porterfield?type=photo&format=entry_original&name=ef4e0a57-7ab6-4f21-adde-183b6bf197c2_1788733873.jpg&v=1788733917","https://five.epicollect.net/api/media/mycoponics-porterfield?type=photo&format=entry_original&name=ef4e0a57-7ab6-4f21-adde-183b6bf197c2_1788733876.jpg&v=1788733917","https://five.epicollect.net/api/media/mycoponics-porterfield?type=photo&format=entry_original&name=ef4e0a57-7ab6-4f21-adde-183b6bf197c2_1788733878.jpg&v=1788733917","https://five.epicollect.net/api/media/mycoponics-porterfield?type=photo&format=entry_original&name=ef4e0a57-7ab6-4f21-adde-183b6bf197c2_1788733880.jpg&v=1788733917","https://five.epicollect.net/api/media/mycoponics-porterfield?type=photo&format=entry_original&name=ef4e0a57-7ab6-4f21-adde-183b6bf197c2_1788733883.jpg&v=1788733917","https://five.epicollect.net/api/media/mycoponics-porterfield?type=photo&format=entry_original&name=ef4e0a57-7ab6-4f21-adde-183b6bf197c2_1788733886.jpg&v=1788733917","https://five.epicollect.net/api/media/mycoponics-porterfield?type=photo&format=entry_original&name=ef4e0a57-7ab6-4f21-adde-183b6bf197c2_1788733889.jpg&v=1788733917","https://five.epicollect.net/api/media/mycoponics-porterfield?type=photo&format=entry_original&name=ef4e0a57-7ab6-4f21-adde-183b6bf197c2_1788733891.jpg&v=1788733917","https://five.epicollect.net/api/media/mycoponics-porterfield?type=photo&format=entry_original&name=ef4e0a57-7ab6-4f21-adde-183b6bf197c2_1788733893.jpg&v=1788733917","https://five.epicollect.net/api/media/mycoponics-porterfield?type=photo&format=entry_original&name=ef4e0a57-7ab6-4f21-adde-183b6bf197c2_1788733896.jpg&v=1788733917","https://five.epicollect.net/api/media/mycoponics-porterfield?type=photo&format=entry_original&name=ef4e0a57-7ab6-4f21-adde-183b6bf197c2_1788733901.jpg&v=1788733917","https://five.epicollect.net/api/media/mycoponics-porterfield?type=photo&format=entry_original&name=ef4e0a57-7ab6-4f21-adde-183b6bf197c2_1788733904.jpg&v=1788733917","https://five.epicollect.net/api/media/mycoponics-porterfield?type=photo&format=entry_original&name=ef4e0a57-7ab6-4f21-adde-183b6bf197c2_1788733907.jpg&v=1788733917","https://five.epicollect.net/api/media/mycoponics-porterfield?type=photo&format=entry_original&name=ef4e0a57-7ab6-4f21-adde-183b6bf197c2_1788733909.jpg&v=1788733917","","","","","","","A3","8/29/2026 7:17:32 PM","c3bb9ba0-9205-11f1-9bf5-b15c7c68ff3f","ef4e0a57-7ab6-4f21-adde-183b6bf197c2","A3","9/6/2026 10:31:57 PM"
"21","[""No""]","3","18","[""No""]","[""No""]","","","","[]","","","[""Yes""]","https://five.epicollect.net/api/media/mycoponics-porterfield?type=photo&format=entry_original&name=ef8db8eb-db23-4592-a8ca-b662b60502d1_1788752485.jpg&v=1788752492","https://five.epicollect.net/api/media/mycoponics-porterfield?type=photo&format=entry_original&name=ef8db8eb-db23-4592-a8ca-b662b60502d1_1788752487.jpg&v=1788752492","https://five.epicollect.net/api/media/mycoponics-porterfield?type=photo&format=entry_original&name=ef8db8eb-db23-4592-a8ca-b662b60502d1_1788752489.jpg&v=1788752492","","","","","","","","","","","","","","","","","","","","","","","","","","","","When I got here the humidity was really low, but the humidifier seemed  to be workin, so I adjusted the tubing inside the chamber and it started working properly. Now the humidity is 92 but definetly yesterday the humidity stayed low all day.","D1","8/26/2026 6:16:02 PM","a6148de0-9206-11f1-b07c-23192f0e7dfa","ef8db8eb-db23-4592-a8ca-b662b60502d1","D1","9/7/2026 3:41:32 AM"
"12","[""No""]","0","10","[""No""]","[""No""]","","","","[]","","","[""No""]","","","","","","","","","","","","","","","","","","","","","","","","","","","","","","","","A4","8/26/2026 6:04:58 PM","b3b1f780-9206-11f1-b07c-23192f0e7dfa","efac306d-a33d-4c53-aede-fb9cc7068845","A4","8/26/2026 6:05:03 PM"
"20","[""Yes""]","8","55","[""Yes""]","[""Yes""]","14","35","","[]","","","[""No""]","","","","","","","","","","","","","","","","","","","","","","","","","","","","","","","","C3","8/9/2026 12:31:41 AM","59d95668-3574-4d73-87d2-398740f59516","f018c351-9967-46ad-a363-3cdb3517b4aa","C3","8/9/2026 1:10:41 AM"
"15","[""Yes""]","6","52","[""Yes""]","[""Yes""]","14","53.5","#81783c","[""Yellow""]","","viscous","[""No""]","","","","","","","","","","","","","","","","","","","","","","","","","","","","","","","","D1","8/26/2026 2:52:48 PM","832ee130-9207-11f1-a0ac-03e2707c61cb","f03fee1d-bd42-424e-9dd8-ba2901593dbd","D1","8/26/2026 2:53:05 PM"
"20","[""No""]","","","[""Yes""]","[""No""]","","","","[""Yellow""]","","too little to collect, but it is very yellow and beautiful and concentrated, i left it in the syringe","[""Yes""]","https://five.epicollect.net/api/media/mycoponics-porterfield?type=photo&format=entry_original&name=f115c904-99f9-49dc-8935-bc44a154b1f2_1788753058.jpg&v=1788753067","https://five.epicollect.net/api/media/mycoponics-porterfield?type=photo&format=entry_original&name=f115c904-99f9-49dc-8935-bc44a154b1f2_1788753060.jpg&v=1788753067","https://five.epicollect.net/api/media/mycoponics-porterfield?type=photo&format=entry_original&name=f115c904-99f9-49dc-8935-bc44a154b1f2_1788753062.jpg&v=1788753067","https://five.epicollect.net/api/media/mycoponics-porterfield?type=photo&format=entry_original&name=f115c904-99f9-49dc-8935-bc44a154b1f2_1788753065.jpg&v=1788753067","","","","","","","","","","","","","","","","","","","","","","","","","","","","A1","8/26/2026 5:20:18 PM","45476810-9207-11f1-8555-b77c5e5555d6","f115c904-99f9-49dc-8935-bc44a154b1f2","A1","9/7/2026 3:51:07 AM"
"28","[""No""]","6","22","[""Yes""]","[""Yes""]","11","26","#6D4620","["" Orange""]","","viscous muscle-like color, dirt-like specks around. orange, viscous, tan dirt-like chunks","[""No""]","","","","","","","","","","","","","","","","","","","","","","","","","","","","","","","","C2","8/26/2026 3:02:22 PM","72b6b940-9207-11f1-ba24-e7a1a5a09e42","f12c07bc-885e-4b5c-a16e-0bb7c1291f4f","C2","8/26/2026 3:02:38 PM"
"18","[""No""]","","18","[""Yes""]","[""Yes""]","5","6","#A9814E","[""Pale""]","","pale lime color - probably media in there. I collected 0.5mL from yesterday, 2.5mL from the day before, and 3mL from today.","[""No""]","","","","","","","","","","","","","","","","","","","","","","","","","","","","","","","","A3","8/26/2026 5:17:32 PM","54fc4000-9207-11f1-aadd-df4879ec2771","f13f42b8-3630-488e-be88-9c142001e477","A3","8/26/2026 5:17:35 PM"
"6","[""Yes""]","12","29","[""Yes""]","[""Yes""]","15","30","#7E816D","[""Brown""]","","has mycelia","[""Yes""]","https://five.epicollect.net/api/media/mycoponics-porterfield?type=photo&format=entry_original&name=f1cf4470-ed04-46a3-be1d-250c3444b222_1788749377.jpg&v=1788749576","https://five.epicollect.net/api/media/mycoponics-porterfield?type=photo&format=entry_original&name=f1cf4470-ed04-46a3-be1d-250c3444b222_1788749381.jpg&v=1788749576","https://five.epicollect.net/api/media/mycoponics-porterfield?type=photo&format=entry_original&name=f1cf4470-ed04-46a3-be1d-250c3444b222_1788749387.jpg&v=1788749576","https://five.epicollect.net/api/media/mycoponics-porterfield?type=photo&format=entry_original&name=f1cf4470-ed04-46a3-be1d-250c3444b222_1788749391.jpg&v=1788749576","https://five.epicollect.net/api/media/mycoponics-porterfield?type=photo&format=entry_original&name=f1cf4470-ed04-46a3-be1d-250c3444b222_1788749396.jpg&v=1788749576","https://five.epicollect.net/api/media/mycoponics-porterfield?type=photo&format=entry_original&name=f1cf4470-ed04-46a3-be1d-250c3444b222_1788749400.jpg&v=1788749576","https://five.epicollect.net/api/media/mycoponics-porterfield?type=photo&format=entry_original&name=f1cf4470-ed04-46a3-be1d-250c3444b222_1788749405.jpg&v=1788749576","https://five.epicollect.net/api/media/mycoponics-porterfield?type=photo&format=entry_original&name=f1cf4470-ed04-46a3-be1d-250c3444b222_1788749409.jpg&v=1788749576","https://five.epicollect.net/api/media/mycoponics-porterfield?type=photo&format=entry_original&name=f1cf4470-ed04-46a3-be1d-250c3444b222_1788749413.jpg&v=1788749576","https://five.epicollect.net/api/media/mycoponics-porterfield?type=photo&format=entry_original&name=f1cf4470-ed04-46a3-be1d-250c3444b222_1788749418.jpg&v=1788749576","https://five.epicollect.net/api/media/mycoponics-porterfield?type=photo&format=entry_original&name=f1cf4470-ed04-46a3-be1d-250c3444b222_1788749426.jpg&v=1788749576","https://five.epicollect.net/api/media/mycoponics-porterfield?type=photo&format=entry_original&name=f1cf4470-ed04-46a3-be1d-250c3444b222_1788749434.jpg&v=1788749576","https://five.epicollect.net/api/media/mycoponics-porterfield?type=photo&format=entry_original&name=f1cf4470-ed04-46a3-be1d-250c3444b222_1788749443.jpg&v=1788749576","https://five.epicollect.net/api/media/mycoponics-porterfield?type=photo&format=entry_original&name=f1cf4470-ed04-46a3-be1d-250c3444b222_1788749464.jpg&v=1788749576","https://five.epicollect.net/api/media/mycoponics-porterfield?type=photo&format=entry_original&name=f1cf4470-ed04-46a3-be1d-250c3444b222_1788749524.jpg&v=1788749576","https://five.epicollect.net/api/media/mycoponics-porterfield?type=photo&format=entry_original&name=f1cf4470-ed04-46a3-be1d-250c3444b222_1788749530.jpg&v=1788749576","https://five.epicollect.net/api/media/mycoponics-porterfield?type=photo&format=entry_original&name=f1cf4470-ed04-46a3-be1d-250c3444b222_1788749536.jpg&v=1788749576","https://five.epicollect.net/api/media/mycoponics-porterfield?type=photo&format=entry_original&name=f1cf4470-ed04-46a3-be1d-250c3444b222_1788749540.jpg&v=1788749576","https://five.epicollect.net/api/media/mycoponics-porterfield?type=photo&format=entry_original&name=f1cf4470-ed04-46a3-be1d-250c3444b222_1788749544.jpg&v=1788749576","","","","","","","","","","","","","B1","8/29/2026 7:05:38 PM","104e6bf0-9206-11f1-9518-87ccf2fafc79","f1cf4470-ed04-46a3-be1d-250c3444b222","B1","9/7/2026 2:52:56 AM"
"5","[""Yes""]","3","50","[""No""]","[""No""]","","","","[""Clear""]","","","[""No""]","","","","","","","","","","","","","","","","","","","","","","","","","","","","","","","","D3","8/26/2026 6:21:45 PM","75fb7970-9206-11f1-a57e-abc999418cec","f1f9462b-077e-46f3-9a04-4f6ffec6970e","D3","8/26/2026 6:22:13 PM"
"0","[""Yes""]","0","60","[""Yes""]","[""No""]","","","","[""Clear""]","","","[""Yes""]","https://five.epicollect.net/api/media/mycoponics-porterfield?type=photo&format=entry_original&name=f298a3ff-32be-43ef-929d-2908e72f218c_1788709184.jpg&v=1788709205","https://five.epicollect.net/api/media/mycoponics-porterfield?type=photo&format=entry_original&name=f298a3ff-32be-43ef-929d-2908e72f218c_1788709191.jpg&v=1788709205","https://five.epicollect.net/api/media/mycoponics-porterfield?type=photo&format=entry_original&name=f298a3ff-32be-43ef-929d-2908e72f218c_1788709194.jpg&v=1788709205","https://five.epicollect.net/api/media/mycoponics-porterfield?type=photo&format=entry_original&name=f298a3ff-32be-43ef-929d-2908e72f218c_1788709197.jpg&v=1788709205","https://five.epicollect.net/api/media/mycoponics-porterfield?type=photo&format=entry_original&name=f298a3ff-32be-43ef-929d-2908e72f218c_1788709199.jpg&v=1788709205","https://five.epicollect.net/api/media/mycoponics-porterfield?type=photo&format=entry_original&name=f298a3ff-32be-43ef-929d-2908e72f218c_1788709202.jpg&v=1788709205","","","","","","","","","","","","","","","","","","","","","","","","","Same as before- very small water droplets EVERYWHERE besides small spots Black, beehive-looking contamination has spreaed around like a ring around the edge near the bottom of the tube. It is also around the middle closer to the top in a stripe. There are some areas of red and white with the contamination, though it is mostly those black pores. There are brown ""bruises"" looking areas around the contamination. Notably, there are dripping yellow exudates at the very bottom. Contamination: Confirmed. Colonization: Fully colonized (90%). Surface density: Dense, thick mycelial mat. Edge activity: Minimal edge growth. Exudophore formation: Visible localized exudates. Exudate localization: Continuous film. Localization density: abundant.","A2","8/29/2026 8:52:48 PM","12d43e60-9204-11f1-9262-61c43e67bcf5","f298a3ff-32be-43ef-929d-2908e72f218c","A2","9/6/2026 3:40:05 PM"
"10","[""No""]","2","8","[""Yes""]","[]","","","","[""Green""]","","","[""No""]","","","","","","","","","","","","","","","","","","","","","","","","","","","","","","","","D3","8/26/2026 5:27:01 PM","309c1dc0-9207-11f1-9186-31d4e5d7aabc","f3154108-2e9c-40f5-a1cd-13d12dfda32b","D3","8/26/2026 5:27:21 PM"
"16","[""No""]","6","10","[""No""]","[""No""]","","","","[""Green""]","","all prob is media","[""Yes""]","","","","","","","","","","","","","","","","","","","","","","","","","","","","","","","only humoid around 1 wawll, the rest has minimal humidity","D3","8/29/2026 7:21:20 PM","ac1d01f0-9205-11f1-bca9-83b388c0a0a4","f317834d-086d-495a-bf14-68577d431e96","D3","8/29/2026 7:21:47 PM"
"35","[""No""]","5","30","[""Yes""]","[""Yes""]","12","12","#794700","[""Yellow""]","","","[""No""]","","","","","","","","","","","","","","","","","","","","","","","","","","","","","","","","B2","8/26/2026 5:12:55 PM","5e7888a0-9207-11f1-aadd-df4879ec2771","f3767f80-2fae-4a34-a10d-e5c9cdb95c4d","B2","8/26/2026 5:13:03 PM"
"23","[""No""]","3","20","[""Yes""]","[""Yes""]","14","30","#634D09","[""Yellow Brownish (cardboard)""]","","pretty clear, dots in liquid","[""No""]","","","","","","","","","","","","","","","","","","","","","","","","","","","","","","","","A1","8/26/2026 1:52:33 AM","4901bb80-9208-11f1-9ae6-cbe624cafba5","f3cbfb2a-6ad2-4061-9ea8-983b8d960afa","A1","8/26/2026 1:52:34 AM"
"30","[""No""]","0","30","[""Yes""]","[""Yes""]","3","3","#601600","[""Brown""]","","Very dark and concentrated","[""No""]","","","","","","","","","","","","","","","","","","","","","","","","","","","","","","","","B1","8/26/2026 6:18:45 PM","a1eeb1f0-9206-11f1-b07c-23192f0e7dfa","f4bf0f9a-cf01-4550-b0bb-9e078f6533c4","B1","8/26/2026 6:18:51 PM"
"7","[""Yes""]","20","22","[""Yes""]","[""Yes""]","14.5","30.5","#C57302","["" Orange""]","","","[""Yes""]","https://five.epicollect.net/api/media/mycoponics-porterfield?type=photo&format=entry_original&name=f50e0ce9-e905-4c30-9f59-e854e519e77a_1788747930.jpg&v=1788748055","https://five.epicollect.net/api/media/mycoponics-porterfield?type=photo&format=entry_original&name=f50e0ce9-e905-4c30-9f59-e854e519e77a_1788747935.jpg&v=1788748055","https://five.epicollect.net/api/media/mycoponics-porterfield?type=photo&format=entry_original&name=f50e0ce9-e905-4c30-9f59-e854e519e77a_1788747938.jpg&v=1788748055","https://five.epicollect.net/api/media/mycoponics-porterfield?type=photo&format=entry_original&name=f50e0ce9-e905-4c30-9f59-e854e519e77a_1788747942.jpg&v=1788748055","https://five.epicollect.net/api/media/mycoponics-porterfield?type=photo&format=entry_original&name=f50e0ce9-e905-4c30-9f59-e854e519e77a_1788747947.jpg&v=1788748055","https://five.epicollect.net/api/media/mycoponics-porterfield?type=photo&format=entry_original&name=f50e0ce9-e905-4c30-9f59-e854e519e77a_1788747950.jpg&v=1788748055","https://five.epicollect.net/api/media/mycoponics-porterfield?type=photo&format=entry_original&name=f50e0ce9-e905-4c30-9f59-e854e519e77a_1788747953.jpg&v=1788748055","https://five.epicollect.net/api/media/mycoponics-porterfield?type=photo&format=entry_original&name=f50e0ce9-e905-4c30-9f59-e854e519e77a_1788747956.jpg&v=1788748055","https://five.epicollect.net/api/media/mycoponics-porterfield?type=photo&format=entry_original&name=f50e0ce9-e905-4c30-9f59-e854e519e77a_1788747959.jpg&v=1788748055","https://five.epicollect.net/api/media/mycoponics-porterfield?type=photo&format=entry_original&name=f50e0ce9-e905-4c30-9f59-e854e519e77a_1788747963.jpg&v=1788748055","https://five.epicollect.net/api/media/mycoponics-porterfield?type=photo&format=entry_original&name=f50e0ce9-e905-4c30-9f59-e854e519e77a_1788747966.jpg&v=1788748055","https://five.epicollect.net/api/media/mycoponics-porterfield?type=photo&format=entry_original&name=f50e0ce9-e905-4c30-9f59-e854e519e77a_1788748008.jpg&v=1788748055","https://five.epicollect.net/api/media/mycoponics-porterfield?type=photo&format=entry_original&name=f50e0ce9-e905-4c30-9f59-e854e519e77a_1788748014.jpg&v=1788748055","https://five.epicollect.net/api/media/mycoponics-porterfield?type=photo&format=entry_original&name=f50e0ce9-e905-4c30-9f59-e854e519e77a_1788748016.jpg&v=1788748055","https://five.epicollect.net/api/media/mycoponics-porterfield?type=photo&format=entry_original&name=f50e0ce9-e905-4c30-9f59-e854e519e77a_1788748019.jpg&v=1788748055","https://five.epicollect.net/api/media/mycoponics-porterfield?type=photo&format=entry_original&name=f50e0ce9-e905-4c30-9f59-e854e519e77a_1788748022.jpg&v=1788748055","https://five.epicollect.net/api/media/mycoponics-porterfield?type=photo&format=entry_original&name=f50e0ce9-e905-4c30-9f59-e854e519e77a_1788748024.jpg&v=1788748055","https://five.epicollect.net/api/media/mycoponics-porterfield?type=photo&format=entry_original&name=f50e0ce9-e905-4c30-9f59-e854e519e77a_1788748028.jpg&v=1788748055","https://five.epicollect.net/api/media/mycoponics-porterfield?type=photo&format=entry_original&name=f50e0ce9-e905-4c30-9f59-e854e519e77a_1788748031.jpg&v=1788748055","https://five.epicollect.net/api/media/mycoponics-porterfield?type=photo&format=entry_original&name=f50e0ce9-e905-4c30-9f59-e854e519e77a_1788748045.jpg&v=1788748055","","","","","","","","","","","","A2","8/29/2026 7:08:22 PM","dac34c80-9205-11f1-ba5f-319f359841fc","f50e0ce9-e905-4c30-9f59-e854e519e77a","A2","9/7/2026 2:27:35 AM"
"5","[""No""]","0","5","[""No""]","[""No""]","","","","[]","","","[""No""]","","","","","","","","","","","","","","","","","","","","","","","","","","","","","","","","C3","8/26/2026 6:04:58 PM","b3b1f780-9206-11f1-b07c-23192f0e7dfa","f5181cdf-1a83-4276-bf6d-68a607eca384","C3","8/26/2026 6:05:12 PM"
"5","[""Yes""]","5","50","[""No""]","[""No""]","","","","[]","","","[""No""]","","","","","","","","","","","","","","","","","","","","","","","","","","","","","","","","A3","8/27/2026 12:26:11 PM","70c56600-9206-11f1-a57e-abc999418cec","f5353f33-fcd2-4d45-875f-0a2639d87696","A3","8/27/2026 12:26:13 PM"
"27","[""No""]","0","25.5","[""Yes""]","[""Yes""]","13","17.5","#bb6702","["" Orange""]","","Very foggy humidity all over. There are some small or medium-sized droplets everywhere too. It looks like a car window after a foggy/rainy day, with the streaks and humidity and all.","[""Yes""]","https://five.epicollect.net/api/media/mycoponics-porterfield?type=photo&format=entry_original&name=f5b66f25-a86d-4dc1-900c-e5ce6ac399d9_1788730644.jpg&v=1788730669","https://five.epicollect.net/api/media/mycoponics-porterfield?type=photo&format=entry_original&name=f5b66f25-a86d-4dc1-900c-e5ce6ac399d9_1788730646.jpg&v=1788730669","https://five.epicollect.net/api/media/mycoponics-porterfield?type=photo&format=entry_original&name=f5b66f25-a86d-4dc1-900c-e5ce6ac399d9_1788730648.jpg&v=1788730669","https://five.epicollect.net/api/media/mycoponics-porterfield?type=photo&format=entry_original&name=f5b66f25-a86d-4dc1-900c-e5ce6ac399d9_1788730650.jpg&v=1788730669","https://five.epicollect.net/api/media/mycoponics-porterfield?type=photo&format=entry_original&name=f5b66f25-a86d-4dc1-900c-e5ce6ac399d9_1788730652.jpg&v=1788730669","https://five.epicollect.net/api/media/mycoponics-porterfield?type=photo&format=entry_original&name=f5b66f25-a86d-4dc1-900c-e5ce6ac399d9_1788730654.jpg&v=1788730669","https://five.epicollect.net/api/media/mycoponics-porterfield?type=photo&format=entry_original&name=f5b66f25-a86d-4dc1-900c-e5ce6ac399d9_1788730656.jpg&v=1788730669","https://five.epicollect.net/api/media/mycoponics-porterfield?type=photo&format=entry_original&name=f5b66f25-a86d-4dc1-900c-e5ce6ac399d9_1788730658.jpg&v=1788730669","https://five.epicollect.net/api/media/mycoponics-porterfield?type=photo&format=entry_original&name=f5b66f25-a86d-4dc1-900c-e5ce6ac399d9_1788730660.jpg&v=1788730669","https://five.epicollect.net/api/media/mycoponics-porterfield?type=photo&format=entry_original&name=f5b66f25-a86d-4dc1-900c-e5ce6ac399d9_1788730661.jpg&v=1788730669","https://five.epicollect.net/api/media/mycoponics-porterfield?type=photo&format=entry_original&name=f5b66f25-a86d-4dc1-900c-e5ce6ac399d9_1788730663.jpg&v=1788730669","https://five.epicollect.net/api/media/mycoponics-porterfield?type=photo&format=entry_original&name=f5b66f25-a86d-4dc1-900c-e5ce6ac399d9_1788730665.jpg&v=1788730669","","","","","","","","","","","","","","","","","","","lots of medium and small humidity, arranged in vertical lines, not really foggy. notably, there is an amount of orange humidity aound the walls","A2","8/29/2026 7:19:59 PM","bb647210-9205-11f1-9bf5-b15c7c68ff3f","f5b66f25-a86d-4dc1-900c-e5ce6ac399d9","A2","9/6/2026 9:37:49 PM"
"8","[""No""]","0","8","[""No""]","[""No""]","","","","[]","","No exudate drops","[""No""]","","","","","","","","","","","","","","","","","","","","","","","","","","","","","","","","A4","8/28/2026 12:46:31 PM","4ed1fe00-9206-11f1-b91a-4736f6a951ba","f66dcbf8-8491-4e2c-9389-1be7480cf281","A4","8/28/2026 12:46:35 PM"
"50","[""No""]","5","45","[""Yes""]","[""No""]","","","","[]","","3mL left in syringe","[""No""]","","","","","","","","","","","","","","","","","","","","","","","","","","","","","","","","C4","8/26/2026 3:02:22 PM","72b6b940-9207-11f1-ba24-e7a1a5a09e42","f6aa8b7c-71d2-4b09-a503-f62af938abf1","C4","8/26/2026 3:02:42 PM"
"10","[""No""]","1","9","[""Yes""]","[""No""]","","","","[""Clear""]","","","[""No""]","","","","","","","","","","","","","","","","","","","","","","","","","","","","","","","","A3","8/26/2026 3:02:22 PM","72b6b940-9207-11f1-ba24-e7a1a5a09e42","f6c47b4b-d9e9-4e4b-9f7b-cddf6369dc6e","A3","8/26/2026 3:02:26 PM"
"38","[""No""]","6","32","[""No""]","[""No""]","","","","[]","","","[""No""]","","","","","","","","","","","","","","","","","","","","","","","","","","","","","","","","B2","8/26/2026 1:20:01 AM","59ab7ac0-9208-11f1-bc48-c9fd0cd355af","f75325f1-8bae-43c6-aa44-eaaf5da632be","B2","8/26/2026 1:22:22 AM"
"11","[""Yes""]","9","47","[""Yes""]","[""No""]","","","","[""Green""]","","media","[""No""]","","","","","","","","","","","","","","","","","","","","","","","","","","","","","","","","D4","8/26/2026 3:02:22 PM","72b6b940-9207-11f1-ba24-e7a1a5a09e42","f7c82ccb-6374-46a0-8877-60b7fb540b3e","D4","8/26/2026 3:02:50 PM"
"26","[""No""]","0","26","[""Yes""]","[""Yes""]","9.7","9.7","#8F5D00","[""Yellow""]","","","[""No""]","","","","","","","","","","","","","","","","","","","","","","","","","","","","","","","","A1","8/26/2026 5:22:58 PM","3cb0c480-9207-11f1-8555-b77c5e5555d6","f80538e5-c3a7-4c9a-849c-25b39eb1d0d4","A1","8/26/2026 5:23:00 PM"
"12","[""No""]","4","8","[""No""]","[""No""]","","","","[""Clear""]","","No exudate drops","[""No""]","","","","","","","","","","","","","","","","","","","","","","","","","","","","","","","","D4","8/28/2026 12:46:31 PM","4ed1fe00-9206-11f1-b91a-4736f6a951ba","f84bd07d-9563-45f1-8b40-c9183516e432","D4","8/28/2026 12:46:51 PM"
"4","[""Yes""]","7","50","[""Yes""]","[""Yes""]","13","20","#66540c","[""Yellow""]","","golden! beautifulll - but after it wasa collected and put into tube, it was more of a yellow limish color. very clear though. media smelled soooo bad","[""Yes""]","https://five.epicollect.net/api/media/mycoponics-porterfield?type=photo&format=entry_original&name=f8522ec2-9f29-45aa-9214-f4c77504130a_1788753141.jpg&v=1788753145","https://five.epicollect.net/api/media/mycoponics-porterfield?type=photo&format=entry_original&name=f8522ec2-9f29-45aa-9214-f4c77504130a_1788753143.jpg&v=1788753145","","","","","","","","","","","","","","","","","","","","","","","","","","","","","","B2","8/26/2026 5:20:18 PM","45476810-9207-11f1-8555-b77c5e5555d6","f8522ec2-9f29-45aa-9214-f4c77504130a","B2","9/7/2026 3:52:25 AM"
"44","[""No""]","6","40","[""No""]","[""No""]","","","","[]","","","[""No""]","","","","","","","","","","","","","","","","","","","","","","","","","","","","","","","","D3","8/26/2026 6:08:11 PM","af959170-9206-11f1-b07c-23192f0e7dfa","f899f46e-ffe6-47e2-bb4c-0cf80a832e0d","D3","8/26/2026 6:08:32 PM"
"41","[""No""]","","41","[""Yes""]","[""No""]","","","","[""Yellow""]","","too little","[""No""]","","","","","","","","","","","","","","","","","","","","","","","","","","","","","","","","B3","8/26/2026 5:21:42 PM","415bd600-9207-11f1-8555-b77c5e5555d6","f919f459-77e4-4ded-b62a-828f1000b560","B3","8/26/2026 5:21:51 PM"
"8","[""Yes""]","17","34","[""Yes""]","[""Yes""]","13","28","#a99550","[""Yellow""]","","pee-colored","[""Yes""]","https://five.epicollect.net/api/media/mycoponics-porterfield?type=photo&format=entry_original&name=f939032c-f5a1-41ff-ae87-e77948f7a26b_1788733671.jpg&v=1788733695","https://five.epicollect.net/api/media/mycoponics-porterfield?type=photo&format=entry_original&name=f939032c-f5a1-41ff-ae87-e77948f7a26b_1788733675.jpg&v=1788733695","https://five.epicollect.net/api/media/mycoponics-porterfield?type=photo&format=entry_original&name=f939032c-f5a1-41ff-ae87-e77948f7a26b_1788733677.jpg&v=1788733695","https://five.epicollect.net/api/media/mycoponics-porterfield?type=photo&format=entry_original&name=f939032c-f5a1-41ff-ae87-e77948f7a26b_1788733680.jpg&v=1788733695","https://five.epicollect.net/api/media/mycoponics-porterfield?type=photo&format=entry_original&name=f939032c-f5a1-41ff-ae87-e77948f7a26b_1788733683.jpg&v=1788733695","https://five.epicollect.net/api/media/mycoponics-porterfield?type=photo&format=entry_original&name=f939032c-f5a1-41ff-ae87-e77948f7a26b_1788733686.jpg&v=1788733695","https://five.epicollect.net/api/media/mycoponics-porterfield?type=photo&format=entry_original&name=f939032c-f5a1-41ff-ae87-e77948f7a26b_1788733688.jpg&v=1788733695","https://five.epicollect.net/api/media/mycoponics-porterfield?type=photo&format=entry_original&name=f939032c-f5a1-41ff-ae87-e77948f7a26b_1788733691.jpg&v=1788733695","","","","","","","","","","","","","","","","","","","","","","","","A1","8/29/2026 7:17:32 PM","c3bb9ba0-9205-11f1-9bf5-b15c7c68ff3f","f939032c-f5a1-41ff-ae87-e77948f7a26b","A1","9/6/2026 10:28:15 PM"
"32","[""No""]","7","25","[""No""]","[""No""]","","","","[""Clear""]","","No liquid in the bottom","[""No""]","","","","","","","","","","","","","","","","","","","","","","","","","","","","","","","","D4","8/27/2026 12:26:11 PM","70c56600-9206-11f1-a57e-abc999418cec","f94373c2-0643-46c6-8b39-5358c86c380b","D4","8/27/2026 12:26:30 PM"
"23","[""No""]","0","22","[""Yes""]","[""Yes""]","12.6","12.6","#948549","[""Yellow""]","","smells bad. also the mycelia is now hardened on the bottom","[""Yes""]","https://five.epicollect.net/api/media/mycoponics-porterfield?type=photo&format=entry_original&name=fa2e73bd-0640-4a03-83ce-01698f7ec1a6_1788745346.jpg&v=1788745500","https://five.epicollect.net/api/media/mycoponics-porterfield?type=photo&format=entry_original&name=fa2e73bd-0640-4a03-83ce-01698f7ec1a6_1788745350.jpg&v=1788745500","https://five.epicollect.net/api/media/mycoponics-porterfield?type=photo&format=entry_original&name=fa2e73bd-0640-4a03-83ce-01698f7ec1a6_1788745353.jpg&v=1788745500","https://five.epicollect.net/api/media/mycoponics-porterfield?type=photo&format=entry_original&name=fa2e73bd-0640-4a03-83ce-01698f7ec1a6_1788745355.jpg&v=1788745500","https://five.epicollect.net/api/media/mycoponics-porterfield?type=photo&format=entry_original&name=fa2e73bd-0640-4a03-83ce-01698f7ec1a6_1788745358.jpg&v=1788745500","https://five.epicollect.net/api/media/mycoponics-porterfield?type=photo&format=entry_original&name=fa2e73bd-0640-4a03-83ce-01698f7ec1a6_1788745361.jpg&v=1788745500","https://five.epicollect.net/api/media/mycoponics-porterfield?type=photo&format=entry_original&name=fa2e73bd-0640-4a03-83ce-01698f7ec1a6_1788745364.jpg&v=1788745500","https://five.epicollect.net/api/media/mycoponics-porterfield?type=photo&format=entry_original&name=fa2e73bd-0640-4a03-83ce-01698f7ec1a6_1788745366.jpg&v=1788745500","https://five.epicollect.net/api/media/mycoponics-porterfield?type=photo&format=entry_original&name=fa2e73bd-0640-4a03-83ce-01698f7ec1a6_1788745369.jpg&v=1788745500","https://five.epicollect.net/api/media/mycoponics-porterfield?type=photo&format=entry_original&name=fa2e73bd-0640-4a03-83ce-01698f7ec1a6_1788745372.jpg&v=1788745500","https://five.epicollect.net/api/media/mycoponics-porterfield?type=photo&format=entry_original&name=fa2e73bd-0640-4a03-83ce-01698f7ec1a6_1788745375.jpg&v=1788745500","https://five.epicollect.net/api/media/mycoponics-porterfield?type=photo&format=entry_original&name=fa2e73bd-0640-4a03-83ce-01698f7ec1a6_1788745378.jpg&v=1788745500","https://five.epicollect.net/api/media/mycoponics-porterfield?type=photo&format=entry_original&name=fa2e73bd-0640-4a03-83ce-01698f7ec1a6_1788745381.jpg&v=1788745500","https://five.epicollect.net/api/media/mycoponics-porterfield?type=photo&format=entry_original&name=fa2e73bd-0640-4a03-83ce-01698f7ec1a6_1788745385.jpg&v=1788745500","https://five.epicollect.net/api/media/mycoponics-porterfield?type=photo&format=entry_original&name=fa2e73bd-0640-4a03-83ce-01698f7ec1a6_1788745388.jpg&v=1788745500","https://five.epicollect.net/api/media/mycoponics-porterfield?type=photo&format=entry_original&name=fa2e73bd-0640-4a03-83ce-01698f7ec1a6_1788745390.jpg&v=1788745500","https://five.epicollect.net/api/media/mycoponics-porterfield?type=photo&format=entry_original&name=fa2e73bd-0640-4a03-83ce-01698f7ec1a6_1788745393.jpg&v=1788745500","https://five.epicollect.net/api/media/mycoponics-porterfield?type=photo&format=entry_original&name=fa2e73bd-0640-4a03-83ce-01698f7ec1a6_1788745395.jpg&v=1788745500","https://five.epicollect.net/api/media/mycoponics-porterfield?type=photo&format=entry_original&name=fa2e73bd-0640-4a03-83ce-01698f7ec1a6_1788745398.jpg&v=1788745500","https://five.epicollect.net/api/media/mycoponics-porterfield?type=photo&format=entry_original&name=fa2e73bd-0640-4a03-83ce-01698f7ec1a6_1788745408.jpg&v=1788745500","https://five.epicollect.net/api/media/mycoponics-porterfield?type=photo&format=entry_original&name=fa2e73bd-0640-4a03-83ce-01698f7ec1a6_1788745412.jpg&v=1788745500","https://five.epicollect.net/api/media/mycoponics-porterfield?type=photo&format=entry_original&name=fa2e73bd-0640-4a03-83ce-01698f7ec1a6_1788745418.jpg&v=1788745500","https://five.epicollect.net/api/media/mycoponics-porterfield?type=photo&format=entry_original&name=fa2e73bd-0640-4a03-83ce-01698f7ec1a6_1788745423.jpg&v=1788745500","","","","","","","","","C1","8/29/2026 7:16:29 PM","d2645ac0-9205-11f1-ba5f-319f359841fc","fa2e73bd-0640-4a03-83ce-01698f7ec1a6","C1","9/7/2026 1:45:00 AM"
"25","[""No""]","10","15","[""Yes""]","[""Yes""]","15","27","#4D2800","[""Brown""]","","","[""No""]","","","","","","","","","","","","","","","","","","","","","","","","","","","","","","","","B1","8/26/2026 5:33:34 PM","29a87bd0-9207-11f1-9186-31d4e5d7aabc","fb307100-4b40-4c4e-aa25-75a0bdc0fb6a","B1","8/26/2026 5:33:40 PM"
"8","[""No""]","0","8","[""Yes""]","[""No""]","","","","[""Green""]","","","[""Yes""]","https://five.epicollect.net/api/media/mycoponics-porterfield?type=photo&format=entry_original&name=fb7ce986-2bef-4f92-b42f-575cb458ebb4_1788747526.jpg&v=1788747561","https://five.epicollect.net/api/media/mycoponics-porterfield?type=photo&format=entry_original&name=fb7ce986-2bef-4f92-b42f-575cb458ebb4_1788747529.jpg&v=1788747561","https://five.epicollect.net/api/media/mycoponics-porterfield?type=photo&format=entry_original&name=fb7ce986-2bef-4f92-b42f-575cb458ebb4_1788747533.jpg&v=1788747561","https://five.epicollect.net/api/media/mycoponics-porterfield?type=photo&format=entry_original&name=fb7ce986-2bef-4f92-b42f-575cb458ebb4_1788747538.jpg&v=1788747561","https://five.epicollect.net/api/media/mycoponics-porterfield?type=photo&format=entry_original&name=fb7ce986-2bef-4f92-b42f-575cb458ebb4_1788747541.jpg&v=1788747561","https://five.epicollect.net/api/media/mycoponics-porterfield?type=photo&format=entry_original&name=fb7ce986-2bef-4f92-b42f-575cb458ebb4_1788747544.jpg&v=1788747561","https://five.epicollect.net/api/media/mycoponics-porterfield?type=photo&format=entry_original&name=fb7ce986-2bef-4f92-b42f-575cb458ebb4_1788747547.jpg&v=1788747561","https://five.epicollect.net/api/media/mycoponics-porterfield?type=photo&format=entry_original&name=fb7ce986-2bef-4f92-b42f-575cb458ebb4_1788747549.jpg&v=1788747561","https://five.epicollect.net/api/media/mycoponics-porterfield?type=photo&format=entry_original&name=fb7ce986-2bef-4f92-b42f-575cb458ebb4_1788747554.jpg&v=1788747561","https://five.epicollect.net/api/media/mycoponics-porterfield?type=photo&format=entry_original&name=fb7ce986-2bef-4f92-b42f-575cb458ebb4_1788747556.jpg&v=1788747561","","","","","","","","","","","","","","","","","","","","","","B4","8/29/2026 7:09:34 PM","d76eca50-9205-11f1-ba5f-319f359841fc","fb7ce986-2bef-4f92-b42f-575cb458ebb4","B4","9/7/2026 2:19:21 AM"
"11","[""Yes""]","6","52","[""Yes""]","[""Yes""]","16","18.5","#c39d63","[""Amber""]","","","[""Yes""]","https://five.epicollect.net/api/media/mycoponics-porterfield?type=photo&format=entry_original&name=fbc0ba2c-1b63-4c73-961f-ebfe45a2352c_1788711578.jpg&v=1788711603","https://five.epicollect.net/api/media/mycoponics-porterfield?type=photo&format=entry_original&name=fbc0ba2c-1b63-4c73-961f-ebfe45a2352c_1788711581.jpg&v=1788711603","https://five.epicollect.net/api/media/mycoponics-porterfield?type=photo&format=entry_original&name=fbc0ba2c-1b63-4c73-961f-ebfe45a2352c_1788711584.jpg&v=1788711603","https://five.epicollect.net/api/media/mycoponics-porterfield?type=photo&format=entry_original&name=fbc0ba2c-1b63-4c73-961f-ebfe45a2352c_1788711587.jpg&v=1788711603","https://five.epicollect.net/api/media/mycoponics-porterfield?type=photo&format=entry_original&name=fbc0ba2c-1b63-4c73-961f-ebfe45a2352c_1788711591.jpg&v=1788711603","https://five.epicollect.net/api/media/mycoponics-porterfield?type=photo&format=entry_original&name=fbc0ba2c-1b63-4c73-961f-ebfe45a2352c_1788711593.jpg&v=1788711603","https://five.epicollect.net/api/media/mycoponics-porterfield?type=photo&format=entry_original&name=fbc0ba2c-1b63-4c73-961f-ebfe45a2352c_1788711596.jpg&v=1788711603","","","","","","","","","","","","","","","","","","","","","","","","Foggy humidity over the whole tube, but not as much fog as before. There are some clear parts but medium sized droplets are ruining the view. There is cobweb-like structure at the very base of the fungus, growing around the lid. The whole structure is just a fuzzy/full growth and just the shape of the ceramic, not really growing outward much. Perhaps because most of the energy is being spent toward fighting? the contamination, and not growing it. A lot of the energy is also going toward exudate production because it has many localized exudates AROUND the contaminated areas- they are yellow and dripping downward very clearly. On the section of the fungus without any contamination, it is very clear (no structures/exudophores) and it has no exudates, so it signals there's not a lot of energy usage there.","A2","8/29/2026 9:02:44 PM","780c9ba0-9205-11f1-bc95-0954c57f36fb","fbc0ba2c-1b63-4c73-961f-ebfe45a2352c","A2","9/6/2026 4:20:03 PM"
"7","[""Yes""]","7","41","[""Yes""]","[""Yes""]","13.9","24","#644117","["" Orange""]","","clear & pretty orange","[""Yes""]","https://five.epicollect.net/api/media/mycoponics-porterfield?type=photo&format=entry_original&name=fc20c628-686d-474a-afc7-33aa194842b4_1788753220.jpg&v=1788753231","https://five.epicollect.net/api/media/mycoponics-porterfield?type=photo&format=entry_original&name=fc20c628-686d-474a-afc7-33aa194842b4_1788753224.jpg&v=1788753231","https://five.epicollect.net/api/media/mycoponics-porterfield?type=photo&format=entry_original&name=fc20c628-686d-474a-afc7-33aa194842b4_1788753226.jpg&v=1788753231","","","","","","","","","","","","","","","","","","","","","","","","","","","","recovering","C2","8/26/2026 5:20:18 PM","45476810-9207-11f1-8555-b77c5e5555d6","fc20c628-686d-474a-afc7-33aa194842b4","C2","9/7/2026 3:53:51 AM"
"7","[""Yes""]","8","52","[""Yes""]","[""Yes""]","14.2","22.2","#5F430F","[""Viscous"","" Orange"",""Yellow Gold""]","Fibrous/shredded material","many fibrous shredded materials that settle easily. they appear to be tan colored. ","[""Yes""]","https://five.epicollect.net/api/media/mycoponics-porterfield?type=photo&format=entry_original&name=fc2c7c7c-d5a8-480b-b832-482d446dee78_1786122652.jpg&v=1786128194","https://five.epicollect.net/api/media/mycoponics-porterfield?type=photo&format=entry_original&name=fc2c7c7c-d5a8-480b-b832-482d446dee78_1786122664.jpg&v=1786128194","https://five.epicollect.net/api/media/mycoponics-porterfield?type=photo&format=entry_original&name=fc2c7c7c-d5a8-480b-b832-482d446dee78_1786122677.jpg&v=1786128194","https://five.epicollect.net/api/media/mycoponics-porterfield?type=photo&format=entry_original&name=fc2c7c7c-d5a8-480b-b832-482d446dee78_1786122709.jpg&v=1786128194","https://five.epicollect.net/api/media/mycoponics-porterfield?type=photo&format=entry_original&name=fc2c7c7c-d5a8-480b-b832-482d446dee78_1786122734.jpg&v=1786128194","https://five.epicollect.net/api/media/mycoponics-porterfield?type=photo&format=entry_original&name=fc2c7c7c-d5a8-480b-b832-482d446dee78_1786122748.jpg&v=1786128194","https://five.epicollect.net/api/media/mycoponics-porterfield?type=photo&format=entry_original&name=fc2c7c7c-d5a8-480b-b832-482d446dee78_1786122774.jpg&v=1786128194","https://five.epicollect.net/api/media/mycoponics-porterfield?type=photo&format=entry_original&name=fc2c7c7c-d5a8-480b-b832-482d446dee78_1786122760.jpg&v=1786128194","https://five.epicollect.net/api/media/mycoponics-porterfield?type=photo&format=entry_original&name=fc2c7c7c-d5a8-480b-b832-482d446dee78_1786122800.jpg&v=1786128194","https://five.epicollect.net/api/media/mycoponics-porterfield?type=photo&format=entry_original&name=fc2c7c7c-d5a8-480b-b832-482d446dee78_1786122834.jpg&v=1786128194","https://five.epicollect.net/api/media/mycoponics-porterfield?type=photo&format=entry_original&name=fc2c7c7c-d5a8-480b-b832-482d446dee78_1786122885.jpg&v=1786128194","https://five.epicollect.net/api/media/mycoponics-porterfield?type=photo&format=entry_original&name=fc2c7c7c-d5a8-480b-b832-482d446dee78_1786122907.jpg&v=1786128194","https://five.epicollect.net/api/media/mycoponics-porterfield?type=photo&format=entry_original&name=fc2c7c7c-d5a8-480b-b832-482d446dee78_1786122933.jpg&v=1786128194","https://five.epicollect.net/api/media/mycoponics-porterfield?type=photo&format=entry_original&name=fc2c7c7c-d5a8-480b-b832-482d446dee78_1786122953.jpg&v=1786128194","https://five.epicollect.net/api/media/mycoponics-porterfield?type=photo&format=entry_original&name=fc2c7c7c-d5a8-480b-b832-482d446dee78_1786122976.jpg&v=1786128194","https://five.epicollect.net/api/media/mycoponics-porterfield?type=photo&format=entry_original&name=fc2c7c7c-d5a8-480b-b832-482d446dee78_1786122992.jpg&v=1786128194","","","","","","","","","","","","","","","","D3","8/7/2026 5:16:46 PM","351d1278-fe80-48d4-99b7-5df11d522f8d","fc2c7c7c-d5a8-480b-b832-482d446dee78","D3","8/7/2026 6:43:14 PM"
"12","[""No""]","0","12","[""Yes""]","[""No""]","","","","[""Clear""]","","not enough","[""No""]","","","","","","","","","","","","","","","","","","","","","","","","","","","","","","","","C4","8/26/2026 5:12:55 PM","5e7888a0-9207-11f1-aadd-df4879ec2771","fc7a74ce-e98d-4674-8f71-cfae71782adb","C4","8/26/2026 5:13:10 PM"
"52","[""No""]","3","48","[""Yes""]","[""No""]","","","","[""Yellow""]","","Seemed kinda like media mixed with a bit of exudate mixed with a lot of the water. Water might be entering through the filter or the jar cuts due to high humidity. The water from the A container dripped down a LOT on the top of the C container (good thing we added the aluminum!, also there was media on the aluminum...)","[""Yes""]","https://five.epicollect.net/api/media/mycoponics-porterfield?type=photo&format=entry_original&name=fc7c6d49-cf60-4bf8-ab63-c8856dd6e432_1788712197.jpg&v=1788712284","https://five.epicollect.net/api/media/mycoponics-porterfield?type=photo&format=entry_original&name=fc7c6d49-cf60-4bf8-ab63-c8856dd6e432_1788712201.jpg&v=1788712284","https://five.epicollect.net/api/media/mycoponics-porterfield?type=photo&format=entry_original&name=fc7c6d49-cf60-4bf8-ab63-c8856dd6e432_1788712204.jpg&v=1788712284","https://five.epicollect.net/api/media/mycoponics-porterfield?type=photo&format=entry_original&name=fc7c6d49-cf60-4bf8-ab63-c8856dd6e432_1788712208.jpg&v=1788712284","https://five.epicollect.net/api/media/mycoponics-porterfield?type=photo&format=entry_original&name=fc7c6d49-cf60-4bf8-ab63-c8856dd6e432_1788712210.jpg&v=1788712284","https://five.epicollect.net/api/media/mycoponics-porterfield?type=photo&format=entry_original&name=fc7c6d49-cf60-4bf8-ab63-c8856dd6e432_1788712214.jpg&v=1788712284","https://five.epicollect.net/api/media/mycoponics-porterfield?type=photo&format=entry_original&name=fc7c6d49-cf60-4bf8-ab63-c8856dd6e432_1788712217.jpg&v=1788712284","https://five.epicollect.net/api/media/mycoponics-porterfield?type=photo&format=entry_original&name=fc7c6d49-cf60-4bf8-ab63-c8856dd6e432_1788712222.jpg&v=1788712284","https://five.epicollect.net/api/media/mycoponics-porterfield?type=photo&format=entry_original&name=fc7c6d49-cf60-4bf8-ab63-c8856dd6e432_1788712226.jpg&v=1788712284","https://five.epicollect.net/api/media/mycoponics-porterfield?type=photo&format=entry_original&name=fc7c6d49-cf60-4bf8-ab63-c8856dd6e432_1788712231.jpg&v=1788712284","https://five.epicollect.net/api/media/mycoponics-porterfield?type=photo&format=entry_original&name=fc7c6d49-cf60-4bf8-ab63-c8856dd6e432_1788712235.jpg&v=1788712284","https://five.epicollect.net/api/media/mycoponics-porterfield?type=photo&format=entry_original&name=fc7c6d49-cf60-4bf8-ab63-c8856dd6e432_1788712239.jpg&v=1788712284","https://five.epicollect.net/api/media/mycoponics-porterfield?type=photo&format=entry_original&name=fc7c6d49-cf60-4bf8-ab63-c8856dd6e432_1788712242.jpg&v=1788712284","https://five.epicollect.net/api/media/mycoponics-porterfield?type=photo&format=entry_original&name=fc7c6d49-cf60-4bf8-ab63-c8856dd6e432_1788712247.jpg&v=1788712284","https://five.epicollect.net/api/media/mycoponics-porterfield?type=photo&format=entry_original&name=fc7c6d49-cf60-4bf8-ab63-c8856dd6e432_1788712251.jpg&v=1788712284","https://five.epicollect.net/api/media/mycoponics-porterfield?type=photo&format=entry_original&name=fc7c6d49-cf60-4bf8-ab63-c8856dd6e432_1788712255.jpg&v=1788712284","https://five.epicollect.net/api/media/mycoponics-porterfield?type=photo&format=entry_original&name=fc7c6d49-cf60-4bf8-ab63-c8856dd6e432_1788712259.jpg&v=1788712284","https://five.epicollect.net/api/media/mycoponics-porterfield?type=photo&format=entry_original&name=fc7c6d49-cf60-4bf8-ab63-c8856dd6e432_1788712263.jpg&v=1788712284","","","","","","","","","","","","","Medium-sized droplets of humidity all over the jar. There is a very evident dark orange or brown line of (exudate?) that is dripping down the very side of the fungus. It is dripping from the very very top, from the lid; it is because I flipped the thing upside down to take a photo while there were exudates. Now I know that I need to collect exudates BEFORE taking photos. We wonder if, now that the exudate is there, if that will help the fungus grow more in that area. I will observe the growth of the mushroom to confirm this. Besides that, the structure is very beautiful, like a cloud, besides for some lines of the exudate I likely dropped on there. Contamination: None. Colonization: Fully colonized (over 90%). Surface density: Very dense/overgrown/3D structures. Edge activity: Highly active expanding front. Exudophore formation: Tiny droplets beginning. Exudate localization: Dripping downward. Localization density: sparse.","A1","8/29/2026 9:03:36 PM","7e15b680-9205-11f1-bc95-0954c57f36fb","fc7c6d49-cf60-4bf8-ab63-c8856dd6e432","A1","9/6/2026 4:31:24 PM"
"54","[""No""]","4","50","[""No""]","[""No""]","","","","[""Clear""]","","","[""No""]","","","","","","","","","","","","","","","","","","","","","","","","","","","","","","","","A1","8/26/2026 5:33:34 PM","29a87bd0-9207-11f1-9186-31d4e5d7aabc","fd923da0-e66d-4a54-9db2-6dce76404e2e","A1","8/26/2026 5:33:36 PM"
"5","[""Yes""]","2","50","[""Yes""]","[""Yes""]","8","8","#442204","[""Red""]","","Strong red exudates. 70% humidity to 80% might be the best conditions that provide just enough moisture for the droplet to from and drip without the water condensing in the bottom of the jar and diluting the exudates.","[""No""]","","","","","","","","","","","","","","","","","","","","","","","","","","","","","","","","C2","8/29/2026 9:27:43 PM","70c56600-9206-11f1-a57e-abc999418cec","fdf0991d-3447-47e9-9518-9148c04d5f34","C2","8/29/2026 9:27:49 PM"
"2","[""Yes""]","6","53","[""Yes""]","[""Yes""]","12","12","#77510E","["" Orange"",""Yellow""]","Fibrous/shredded material","1 paper-shred-like mycelial chunk at bottom, and more darker sand-like material","[""Yes""]","https://five.epicollect.net/api/media/mycoponics-porterfield?type=photo&format=entry_original&name=fe64cabd-1471-4b57-af22-33f594e084de_1786118588.jpg&v=1786130655","https://five.epicollect.net/api/media/mycoponics-porterfield?type=photo&format=entry_original&name=fe64cabd-1471-4b57-af22-33f594e084de_1786118601.jpg&v=1786130655","https://five.epicollect.net/api/media/mycoponics-porterfield?type=photo&format=entry_original&name=fe64cabd-1471-4b57-af22-33f594e084de_1786118633.jpg&v=1786130655","https://five.epicollect.net/api/media/mycoponics-porterfield?type=photo&format=entry_original&name=fe64cabd-1471-4b57-af22-33f594e084de_1786118677.jpg&v=1786130655","https://five.epicollect.net/api/media/mycoponics-porterfield?type=photo&format=entry_original&name=fe64cabd-1471-4b57-af22-33f594e084de_1786118688.jpg&v=1786130655","https://five.epicollect.net/api/media/mycoponics-porterfield?type=photo&format=entry_original&name=fe64cabd-1471-4b57-af22-33f594e084de_1786118700.jpg&v=1786130655","https://five.epicollect.net/api/media/mycoponics-porterfield?type=photo&format=entry_original&name=fe64cabd-1471-4b57-af22-33f594e084de_1786118757.jpg&v=1786130655","https://five.epicollect.net/api/media/mycoponics-porterfield?type=photo&format=entry_original&name=fe64cabd-1471-4b57-af22-33f594e084de_1786118776.jpg&v=1786130655","https://five.epicollect.net/api/media/mycoponics-porterfield?type=photo&format=entry_original&name=fe64cabd-1471-4b57-af22-33f594e084de_1786118797.jpg&v=1786130655","https://five.epicollect.net/api/media/mycoponics-porterfield?type=photo&format=entry_original&name=fe64cabd-1471-4b57-af22-33f594e084de_1786118813.jpg&v=1786130655","https://five.epicollect.net/api/media/mycoponics-porterfield?type=photo&format=entry_original&name=fe64cabd-1471-4b57-af22-33f594e084de_1786118827.jpg&v=1786130655","https://five.epicollect.net/api/media/mycoponics-porterfield?type=photo&format=entry_original&name=fe64cabd-1471-4b57-af22-33f594e084de_1786118882.jpg&v=1786130655","","","","","","","","","","","","","","","","","","","","C2","8/7/2026 4:10:05 PM","351d1278-fe80-48d4-99b7-5df11d522f8d","fe64cabd-1471-4b57-af22-33f594e084de","C2","8/7/2026 7:24:15 PM"
"12","[""No""]","2","10","[""Yes""]","[""Yes""]","7","7","#6F5400","[""Green""]","","","[""No""]","","","","","","","","","","","","","","","","","","","","","","","","","","","","","","","","D2","8/26/2026 5:27:01 PM","309c1dc0-9207-11f1-9186-31d4e5d7aabc","fec9b92e-4796-4257-805c-e1e38a8bd2f4","D2","8/26/2026 5:27:20 PM"
"0","[""Yes""]","2","55","[""Yes""]","[""Yes""]","14","15","#8E3F00","["" Orange""]","","Exudates look exacly the same color as C2. Both of them were dark red a few days ago. A similarity that I noticed is that the contamination stopped dripping and the mycelium is covering the contaminated tissue, the red light could be affecting this in a good way depending on our goals with the exudates. We are losing hte red exudation but we are healing the mycelium.","[""No""]","","","","","","","","","","","","","","","","","","","","","","","","","","","","","","","","A2","8/26/2026 4:41:09 PM","68feee40-9207-11f1-ba24-e7a1a5a09e42","fed3738a-1d3c-40a4-bf7d-4ff917b995e5","A2","8/26/2026 4:41:11 PM"
"4","[""Yes""]","14","40","[""No""]","[""Yes""]","14.2","31","#805e33","[""Red orangish""]","","Reddish orange, extremely viscous liquid. flaky brown and tan dirt-like material  floating.","[""No""]","","","","","","","","","","","","","","","","","","","","","","","","","","","","","","","","C2","8/26/2026 2:58:31 PM","7621f7c0-9207-11f1-ba24-e7a1a5a09e42","ff05bec2-6a39-458d-bc0f-3122d8dbf450","C2","8/26/2026 2:58:35 PM"
